{
  "candidate_groups": {
    "requested": {
      "groups": 2458,
      "positives_max": 3,
      "positives_mean": 2.8331977217249795,
      "positives_min": 1,
      "rows_max": 9,
      "rows_mean": 8.49959316517494,
      "rows_min": 3,
      "sampled_max": 0,
      "sampled_mean": 0.0,
      "sampled_min": 0
    },
    "scored": {
      "groups": 2458,
      "positives_max": 3,
      "positives_mean": 2.8331977217249795,
      "positives_min": 1,
      "rows_max": 9,
      "rows_mean": 8.49959316517494,
      "rows_min": 3,
      "sampled_max": 0,
      "sampled_mean": 0.0,
      "sampled_min": 0
    }
  },
  "coverage": {
    "failed_fraction": 0.0,
    "failed_rows": 0,
    "requested_rows": 20892,
    "scored_fraction": 1.0,
    "scored_rows": 20892
  },
  "llm_errors": 0,
  "main_metric": "test.macro_by_user_group_mean.f1",
  "max_candidate_groups": null,
  "max_workers": 64,
  "method": "llm_preference_yes_no_litellm_qwen36_27b_full",
  "requested_rows": 20892,
  "scored_rows": 20892,
  "task": "ml-1m_preference_cap10_eval_users1000_cg5_m2_seed2",
  "test": {
    "macro_by_group": {
      "accuracy": 0.5821580327276015,
      "f1": 0.4886664212742325,
      "n": 20892,
      "n_groups": 2458,
      "n_positive": 6964,
      "n_predicted_positive": 10715,
      "precision": 0.4276434577085512,
      "recall": 0.6451722267426092
    },
    "macro_by_user_group_mean": {
      "accuracy": 0.5835093594367164,
      "f1": 0.49527815321091984,
      "n": 20892,
      "n_groups": 2458,
      "n_positive": 6964,
      "n_predicted_positive": 10715,
      "n_users": 647,
      "precision": 0.43228561001938126,
      "recall": 0.657788081744805
    },
    "micro": {
      "accuracy": 0.5820888378326632,
      "f1": 0.5061372249561626,
      "n": 20892,
      "n_positive": 6964,
      "n_predicted_positive": 10715,
      "precision": 0.4175454969668689,
      "recall": 0.6424468696151637
    }
  },
  "test_failure_as_negative": {
    "macro_by_group": {
      "accuracy": 0.5821580327276015,
      "f1": 0.4886664212742325,
      "n": 20892,
      "n_groups": 2458,
      "n_positive": 6964,
      "n_predicted_positive": 10715,
      "precision": 0.4276434577085512,
      "recall": 0.6451722267426092
    },
    "macro_by_user_group_mean": {
      "accuracy": 0.5835093594367164,
      "f1": 0.49527815321091984,
      "n": 20892,
      "n_groups": 2458,
      "n_positive": 6964,
      "n_predicted_positive": 10715,
      "n_users": 647,
      "precision": 0.43228561001938126,
      "recall": 0.657788081744805
    },
    "micro": {
      "accuracy": 0.5820888378326632,
      "f1": 0.5061372249561626,
      "n": 20892,
      "n_positive": 6964,
      "n_predicted_positive": 10715,
      "precision": 0.4175454969668689,
      "recall": 0.6424468696151637
    }
  }
}
