{
  "candidate_groups": {
    "requested": {
      "groups": 3251,
      "positives_max": 5,
      "positives_mean": 4.942479237157798,
      "positives_min": 1,
      "rows_max": 20,
      "rows_mean": 19.76991694863119,
      "rows_min": 4,
      "sampled_max": 15,
      "sampled_mean": 14.827437711473392,
      "sampled_min": 3
    },
    "scored": {
      "groups": 3247,
      "positives_max": 5,
      "positives_mean": 4.942408376963351,
      "positives_min": 1,
      "rows_max": 20,
      "rows_mean": 19.769633507853403,
      "rows_min": 4,
      "sampled_max": 15,
      "sampled_mean": 14.827225130890053,
      "sampled_min": 3
    }
  },
  "llm_errors": 4,
  "main_metric": "test.macro_by_user_group_mean.ndcg@5",
  "max_candidate_groups": null,
  "max_workers": 128,
  "method": "agent4rec_yes_no_vllm_qwen36_27b_traits_taste_gpt4o_mini_full",
  "protocol": "ranking",
  "ranking_evaluation": {
    "ks": [
      1,
      3,
      5,
      10
    ],
    "tie_policy": "average"
  },
  "requested_rows": 64272,
  "scored_rows": 64192,
  "task": "ml-1m_cold_start_k3_cap20_eval_users1000_cg5_m3_seed2",
  "test": {
    "macro_by_group": {
      "groups_with_score_ties": 3247,
      "groups_with_score_ties_fraction": 1.0,
      "groups_with_size_lte@1": 0,
      "groups_with_size_lte@10": 27,
      "groups_with_size_lte@3": 0,
      "groups_with_size_lte@5": 16,
      "groups_without_positive": 0,
      "hit_rate@1": 0.31677744479062153,
      "hit_rate@10": 0.9718770713083396,
      "hit_rate@3": 0.6604823166301684,
      "hit_rate@5": 0.8219774834740567,
      "n": 64192,
      "n_groups": 3247,
      "n_positive": 16048,
      "ndcg@1": 0.31677744479062153,
      "ndcg@10": 0.4665377168816972,
      "ndcg@3": 0.31817369814387225,
      "ndcg@5": 0.3184601237844778,
      "tie_policy": "average"
    },
    "macro_by_user_group_mean": {
      "groups_with_score_ties": 3247,
      "groups_with_score_ties_fraction": 1.0,
      "groups_with_size_lte@1": 0,
      "groups_with_size_lte@10": 27,
      "groups_with_size_lte@3": 0,
      "groups_with_size_lte@5": 16,
      "groups_without_positive": 0,
      "hit_rate@1": 0.31489841443544425,
      "hit_rate@10": 0.9728090537038219,
      "hit_rate@3": 0.66025615324354,
      "hit_rate@5": 0.8245478460056359,
      "n": 64192,
      "n_groups": 3247,
      "n_positive": 16048,
      "n_users": 692,
      "ndcg@1": 0.31489841443544425,
      "ndcg@10": 0.4694448747007604,
      "ndcg@3": 0.3188199863940076,
      "ndcg@5": 0.3218519025934797,
      "tie_policy": "average"
    }
  }
}
