{
  "candidate_groups": {
    "requested": {
      "groups": 2479,
      "positives_max": 3,
      "positives_mean": 2.8398547801532876,
      "positives_min": 1,
      "rows_max": 9,
      "rows_mean": 8.519564340459862,
      "rows_min": 3,
      "sampled_max": 0,
      "sampled_mean": 0.0,
      "sampled_min": 0
    },
    "scored": {
      "groups": 2479,
      "positives_max": 3,
      "positives_mean": 2.8398547801532876,
      "positives_min": 1,
      "rows_max": 9,
      "rows_mean": 8.519564340459862,
      "rows_min": 3,
      "sampled_max": 0,
      "sampled_mean": 0.0,
      "sampled_min": 0
    }
  },
  "coverage": {
    "failed_fraction": 0.0,
    "failed_rows": 0,
    "requested_rows": 21120,
    "scored_fraction": 1.0,
    "scored_rows": 21120
  },
  "llm_errors": 0,
  "main_metric": "test.macro_by_user_group_mean.f1",
  "max_candidate_groups": null,
  "max_workers": 64,
  "method": "agent4rec_preference_yes_no_litellm_qwen36_27b_traits_taste_gpt4o_mini_no_summary_control_full",
  "requested_rows": 21120,
  "scored_rows": 21120,
  "task": "ml-1m_preference_cap10_eval_users1000_cg5_m2_seed1",
  "test": {
    "macro_by_group": {
      "accuracy": 0.5773833535027566,
      "f1": 0.4903589284186299,
      "n": 21120,
      "n_groups": 2479,
      "n_positive": 7040,
      "n_predicted_positive": 10981,
      "precision": 0.4216787683205594,
      "recall": 0.6379588543767648
    },
    "macro_by_user_group_mean": {
      "accuracy": 0.581530509329299,
      "f1": 0.4727169377661057,
      "n": 21120,
      "n_groups": 2479,
      "n_positive": 7040,
      "n_predicted_positive": 10981,
      "n_users": 661,
      "precision": 0.41052067574382245,
      "recall": 0.6091485964027568
    },
    "micro": {
      "accuracy": 0.5771306818181818,
      "f1": 0.5044115198934577,
      "n": 21120,
      "n_positive": 7040,
      "n_predicted_positive": 10981,
      "precision": 0.4138967307166925,
      "recall": 0.6455965909090909
    }
  },
  "test_failure_as_negative": {
    "macro_by_group": {
      "accuracy": 0.5773833535027566,
      "f1": 0.4903589284186299,
      "n": 21120,
      "n_groups": 2479,
      "n_positive": 7040,
      "n_predicted_positive": 10981,
      "precision": 0.4216787683205594,
      "recall": 0.6379588543767648
    },
    "macro_by_user_group_mean": {
      "accuracy": 0.581530509329299,
      "f1": 0.4727169377661057,
      "n": 21120,
      "n_groups": 2479,
      "n_positive": 7040,
      "n_predicted_positive": 10981,
      "n_users": 661,
      "precision": 0.41052067574382245,
      "recall": 0.6091485964027568
    },
    "micro": {
      "accuracy": 0.5771306818181818,
      "f1": 0.5044115198934577,
      "n": 21120,
      "n_positive": 7040,
      "n_predicted_positive": 10981,
      "precision": 0.4138967307166925,
      "recall": 0.6455965909090909
    }
  }
}
