{
  "candidate_groups": {
    "requested": {
      "groups": 4082,
      "positives_max": 5,
      "positives_mean": 4.883880450759432,
      "positives_min": 1,
      "rows_max": 20,
      "rows_mean": 19.535521803037728,
      "rows_min": 4,
      "sampled_max": 15,
      "sampled_mean": 14.651641352278295,
      "sampled_min": 3
    },
    "scored": {
      "groups": 4078,
      "positives_max": 5,
      "positives_mean": 4.883766552231486,
      "positives_min": 1,
      "rows_max": 20,
      "rows_mean": 19.535066208925944,
      "rows_min": 4,
      "sampled_max": 15,
      "sampled_mean": 14.651299656694459,
      "sampled_min": 3
    }
  },
  "llm_errors": 4,
  "main_metric": "test.macro_by_user_group_mean.ndcg@5",
  "max_candidate_groups": null,
  "max_workers": 64,
  "method": "agent4rec_yes_no_vllm_qwen36_27b_traits_taste_gpt4o_mini_full",
  "protocol": "ranking",
  "ranking_evaluation": {
    "ks": [
      1,
      3,
      5,
      10
    ],
    "tie_policy": "average"
  },
  "requested_rows": 79744,
  "scored_rows": 79664,
  "task": "ml-1m_cold_start_k1_cap20_eval_users1000_cg5_m3_seed1",
  "test": {
    "macro_by_group": {
      "groups_with_score_ties": 4078,
      "groups_with_score_ties_fraction": 1.0,
      "groups_with_size_lte@1": 0,
      "groups_with_size_lte@10": 100,
      "groups_with_size_lte@3": 0,
      "groups_with_size_lte@5": 50,
      "groups_without_positive": 0,
      "hit_rate@1": 0.31515204323766505,
      "hit_rate@10": 0.9762701260114512,
      "hit_rate@3": 0.6622862224602649,
      "hit_rate@5": 0.8237431886450274,
      "n": 79664,
      "n_groups": 4078,
      "n_positive": 19916,
      "ndcg@1": 0.31515204323766505,
      "ndcg@10": 0.46968925730585726,
      "ndcg@3": 0.3196331299726761,
      "ndcg@5": 0.3228257394977283,
      "tie_policy": "average"
    },
    "macro_by_user_group_mean": {
      "groups_with_score_ties": 4078,
      "groups_with_score_ties_fraction": 1.0,
      "groups_with_size_lte@1": 0,
      "groups_with_size_lte@10": 100,
      "groups_with_size_lte@3": 0,
      "groups_with_size_lte@5": 50,
      "groups_without_positive": 0,
      "hit_rate@1": 0.315801501490375,
      "hit_rate@10": 0.9777016602206594,
      "hit_rate@3": 0.6650326778618638,
      "hit_rate@5": 0.828295781322678,
      "n": 79664,
      "n_groups": 4078,
      "n_positive": 19916,
      "n_users": 916,
      "ndcg@1": 0.315801501490375,
      "ndcg@10": 0.47818555759065434,
      "ndcg@3": 0.3253181980512308,
      "ndcg@5": 0.3339652340386749,
      "tie_policy": "average"
    }
  }
}
