{
  "candidate_groups": {
    "requested": {
      "groups": 1985,
      "positives_max": 1,
      "positives_mean": 1.0,
      "positives_min": 1,
      "rows_max": 10,
      "rows_mean": 10.0,
      "rows_min": 10,
      "sampled_max": 0,
      "sampled_mean": 0.0,
      "sampled_min": 0
    },
    "scored": {
      "groups": 1981,
      "positives_max": 1,
      "positives_mean": 1.0,
      "positives_min": 1,
      "rows_max": 10,
      "rows_mean": 10.0,
      "rows_min": 10,
      "sampled_max": 0,
      "sampled_mean": 0.0,
      "sampled_min": 0
    }
  },
  "coverage": {
    "failed_fraction": 0.0020151133501259445,
    "failed_rows": 40,
    "requested_rows": 19850,
    "scored_fraction": 0.9979848866498741,
    "scored_rows": 19810
  },
  "llm_errors": 4,
  "main_metric": "test.macro_by_user_group_mean.f1",
  "max_candidate_groups": null,
  "max_workers": 64,
  "method": "agent4rec_preference_yes_no_litellm_qwen36_27b_traits_taste_gpt4o_mini_no_summary_control_full",
  "requested_rows": 19850,
  "scored_rows": 19810,
  "task": "ml-1m_preference_cap10_eval_users1000_cg5_m9_seed2",
  "test": {
    "macro_by_group": {
      "accuracy": 0.5363957597173145,
      "f1": 0.23552027085595992,
      "n": 19810,
      "n_groups": 1981,
      "n_positive": 1981,
      "n_predicted_positive": 9887,
      "precision": 0.14969832455950577,
      "recall": 0.6774356385663807
    },
    "macro_by_user_group_mean": {
      "accuracy": 0.5376124999999999,
      "f1": 0.2355983044733045,
      "n": 19810,
      "n_groups": 1981,
      "n_positive": 1981,
      "n_predicted_positive": 9887,
      "n_users": 400,
      "precision": 0.14978422619047616,
      "recall": 0.6765833333333333
    },
    "micro": {
      "accuracy": 0.5363957597173145,
      "f1": 0.22615436467812605,
      "n": 19810,
      "n_positive": 1981,
      "n_predicted_positive": 9887,
      "precision": 0.13573379184788106,
      "recall": 0.6774356385663807
    }
  },
  "test_failure_as_negative": {
    "macro_by_group": {
      "accuracy": 0.5371284634760706,
      "f1": 0.2350456708139328,
      "n": 19850,
      "n_groups": 1985,
      "n_positive": 1985,
      "n_predicted_positive": 9887,
      "precision": 0.14939666546719443,
      "recall": 0.6760705289672544
    },
    "macro_by_user_group_mean": {
      "accuracy": 0.5383625,
      "f1": 0.23510187590187592,
      "n": 19850,
      "n_groups": 1985,
      "n_positive": 1985,
      "n_predicted_positive": 9887,
      "n_users": 400,
      "precision": 0.14947757936507935,
      "recall": 0.6751666666666667
    },
    "micro": {
      "accuracy": 0.5371284634760706,
      "f1": 0.22607816711590298,
      "n": 19850,
      "n_positive": 1985,
      "n_predicted_positive": 9887,
      "precision": 0.13573379184788106,
      "recall": 0.6760705289672544
    }
  }
}
