{
  "candidate_groups": {
    "requested": {
      "groups": 4873,
      "positives_max": 6,
      "positives_mean": 5.928586086599631,
      "positives_min": 1,
      "rows_max": 18,
      "rows_mean": 17.785758259798893,
      "rows_min": 3,
      "sampled_max": 12,
      "sampled_mean": 11.857172173199261,
      "sampled_min": 2
    },
    "scored": {
      "groups": 4873,
      "positives_max": 6,
      "positives_mean": 5.928586086599631,
      "positives_min": 1,
      "rows_max": 18,
      "rows_mean": 17.785758259798893,
      "rows_min": 3,
      "sampled_max": 12,
      "sampled_mean": 11.857172173199261,
      "sampled_min": 2
    }
  },
  "llm_errors": 0,
  "main_metric": "test.macro_by_user_group_mean.ndcg@5",
  "max_candidate_groups": null,
  "max_workers": 128,
  "method": "llm_yes_no_vllm_qwen36_27b_full",
  "protocol": "ranking",
  "ranking_evaluation": {
    "ks": [
      1,
      3,
      5,
      10
    ],
    "tie_policy": "average"
  },
  "requested_rows": 86670,
  "scored_rows": 86670,
  "task": "ml-1m_cold_start_k3_cap20_eval_users1000_cg5_m2_seed0",
  "test": {
    "macro_by_group": {
      "groups_with_score_ties": 4873,
      "groups_with_score_ties_fraction": 1.0,
      "groups_with_size_lte@1": 0,
      "groups_with_size_lte@10": 69,
      "groups_with_size_lte@3": 21,
      "groups_with_size_lte@5": 21,
      "groups_without_positive": 0,
      "hit_rate@1": 0.48228474531829757,
      "hit_rate@10": 0.9985637680885203,
      "hit_rate@3": 0.8406028505220029,
      "hit_rate@5": 0.9452098409993654,
      "n": 86670,
      "n_groups": 4873,
      "n_positive": 28890,
      "ndcg@1": 0.48228474531829757,
      "ndcg@10": 0.5975641571702012,
      "ndcg@3": 0.4809939095538924,
      "ndcg@5": 0.4765174746141055,
      "tie_policy": "average"
    },
    "macro_by_user_group_mean": {
      "groups_with_score_ties": 4873,
      "groups_with_score_ties_fraction": 1.0,
      "groups_with_size_lte@1": 0,
      "groups_with_size_lte@10": 69,
      "groups_with_size_lte@3": 21,
      "groups_with_size_lte@5": 21,
      "groups_without_positive": 0,
      "hit_rate@1": 0.4816526846764347,
      "hit_rate@10": 0.998586916898461,
      "hit_rate@3": 0.840420945321019,
      "hit_rate@5": 0.945241512479895,
      "n": 86670,
      "n_groups": 4873,
      "n_positive": 28890,
      "n_users": 1000,
      "ndcg@1": 0.4816526846764347,
      "ndcg@10": 0.5973305884294673,
      "ndcg@3": 0.4805447890223894,
      "ndcg@5": 0.4761946862929765,
      "tie_policy": "average"
    }
  }
}
