{
  "candidate_groups": {
    "requested": {
      "groups": 2763,
      "positives_max": 10,
      "positives_mean": 8.776692001447701,
      "positives_min": 1,
      "rows_max": 20,
      "rows_mean": 17.553384002895402,
      "rows_min": 2,
      "sampled_max": 10,
      "sampled_mean": 8.776692001447701,
      "sampled_min": 1
    },
    "scored": {
      "groups": 2663,
      "positives_max": 10,
      "positives_mean": 8.730754787833272,
      "positives_min": 1,
      "rows_max": 20,
      "rows_mean": 17.461509575666543,
      "rows_min": 2,
      "sampled_max": 10,
      "sampled_mean": 8.730754787833272,
      "sampled_min": 1
    }
  },
  "coverage": {
    "failed_fraction": 0.041237113402061855,
    "failed_rows": 2000,
    "requested_rows": 48500,
    "scored_fraction": 0.9587628865979382,
    "scored_rows": 46500
  },
  "llm_errors": 100,
  "main_metric": "test.macro_by_user_group_mean.ndcg@5",
  "max_candidate_groups": null,
  "max_workers": 8,
  "method": "agent4rec_yes_no_vllm_qwen36_27b_traits_full",
  "protocol": "ranking",
  "ranking_evaluation": {
    "ks": [
      1,
      3,
      5,
      10
    ],
    "tie_policy": "average"
  },
  "requested_rows": 48500,
  "scored_rows": 46500,
  "task": "ml-1m_item_stats_cap20_eval_users1000_cg5_m1_seed2",
  "test": {
    "macro_by_group": {
      "groups_with_score_ties": 2660,
      "groups_with_score_ties_fraction": 0.9988734509951183,
      "groups_with_size_lte@1": 0,
      "groups_with_size_lte@10": 373,
      "groups_with_size_lte@3": 65,
      "groups_with_size_lte@5": 117,
      "groups_without_positive": 0,
      "hit_rate@1": 0.4924720759364815,
      "hit_rate@10": 0.9999827657335252,
      "hit_rate@3": 0.8635113694038369,
      "hit_rate@5": 0.9650848686826465,
      "n": 46500,
      "n_groups": 2663,
      "n_positive": 23250,
      "ndcg@1": 0.4924720759364815,
      "ndcg@10": 0.5611725566693881,
      "ndcg@3": 0.5104499950392865,
      "ndcg@5": 0.5246273157894678,
      "tie_policy": "average"
    },
    "macro_by_user_group_mean": {
      "groups_with_score_ties": 2660,
      "groups_with_score_ties_fraction": 0.9988734509951183,
      "groups_with_size_lte@1": 0,
      "groups_with_size_lte@10": 373,
      "groups_with_size_lte@3": 65,
      "groups_with_size_lte@5": 117,
      "groups_without_positive": 0,
      "hit_rate@1": 0.48821551026989046,
      "hit_rate@10": 0.9999886409816463,
      "hit_rate@3": 0.8767503862935866,
      "hit_rate@5": 0.9738686951933714,
      "n": 46500,
      "n_groups": 2663,
      "n_positive": 23250,
      "n_users": 999,
      "ndcg@1": 0.48821551026989046,
      "ndcg@10": 0.5856542612346545,
      "ndcg@3": 0.5082468911395714,
      "ndcg@5": 0.5227866687221677,
      "tie_policy": "average"
    }
  },
  "test_failure_as_zero_group": {
    "macro_by_group": {
      "failed_groups": 100,
      "failed_groups_fraction": 0.036192544335866814,
      "failure_policy": "failed_group_zero",
      "groups_with_score_ties": 2660,
      "groups_with_score_ties_fraction": 0.9627216793340572,
      "groups_with_size_lte@1": 0,
      "groups_with_size_lte@10": 373,
      "groups_with_size_lte@3": 65,
      "groups_with_size_lte@5": 117,
      "groups_without_positive": 0,
      "hit_rate@1": 0.474648258493974,
      "hit_rate@10": 0.9637908451496119,
      "hit_rate@3": 0.8322586958821635,
      "hit_rate@5": 0.9301559917849758,
      "n": 48500,
      "n_groups": 2763,
      "n_positive": 24250,
      "ndcg@1": 0.474648258493974,
      "ndcg@10": 0.5408622940320595,
      "ndcg@3": 0.49197551096258413,
      "ndcg@5": 0.5056397184029505,
      "scored_groups": 2663,
      "tie_policy": "average"
    },
    "macro_by_user_group_mean": {
      "failed_groups": 100,
      "failed_groups_fraction": 0.036192544335866814,
      "failure_policy": "failed_group_zero",
      "groups_with_score_ties": 2660,
      "groups_with_score_ties_fraction": 0.9627216793340572,
      "groups_with_size_lte@1": 0,
      "groups_with_size_lte@10": 373,
      "groups_with_size_lte@3": 65,
      "groups_with_size_lte@5": 117,
      "groups_without_positive": 0,
      "hit_rate@1": 0.47610301779991027,
      "hit_rate@10": 0.9762720935604643,
      "hit_rate@3": 0.8554419841463147,
      "hit_rate@5": 0.950624609822582,
      "n": 48500,
      "n_groups": 2763,
      "n_positive": 24250,
      "n_users": 1000,
      "ndcg@1": 0.47610301779991027,
      "ndcg@10": 0.5724710989501589,
      "ndcg@3": 0.4956823925546803,
      "ndcg@5": 0.510018476283689,
      "scored_groups": 2663,
      "tie_policy": "average"
    }
  }
}
