{
  "mean_recall@1": 0.010217978051278514,
  "mean_ndcg@1": 0.24470198675496688,
  "mean_hit_rate@1": 0.24470198675496688,
  "mean_recall@5": 0.039508264544128674,
  "mean_ndcg@5": 0.2184313275524025,
  "mean_hit_rate@5": 0.545364238410596,
  "mean_recall@10": 0.06766467330936701,
  "mean_ndcg@10": 0.20231369507977343,
  "mean_hit_rate@10": 0.6817880794701987,
  "n_users": 6040,
  "n_users_scored": 6040,
  "n_users_with_recs": 6040
}
