{
  "candidate_groups": {
    "requested": {
      "groups": 3624,
      "positives_max": 5,
      "positives_mean": 4.673565121412803,
      "positives_min": 1,
      "rows_max": 20,
      "rows_mean": 18.694260485651213,
      "rows_min": 4,
      "sampled_max": 15,
      "sampled_mean": 14.02069536423841,
      "sampled_min": 3
    },
    "scored": {
      "groups": 3610,
      "positives_max": 5,
      "positives_mean": 4.674792243767313,
      "positives_min": 1,
      "rows_max": 20,
      "rows_mean": 18.699168975069252,
      "rows_min": 4,
      "sampled_max": 15,
      "sampled_mean": 14.024376731301938,
      "sampled_min": 3
    }
  },
  "coverage": {
    "failed_fraction": 0.003601582334533861,
    "failed_rows": 244,
    "requested_rows": 67748,
    "scored_fraction": 0.9963984176654661,
    "scored_rows": 67504
  },
  "llm_errors": 14,
  "main_metric": "test.macro_by_user_group_mean.ndcg@5",
  "max_candidate_groups": null,
  "max_workers": 32,
  "method": "agent4rec_yes_no_vllm_qwen3_8b_traits_taste_gpt4o_mini_full",
  "protocol": "ranking",
  "ranking_evaluation": {
    "ks": [
      1,
      3,
      5,
      10
    ],
    "tie_policy": "average"
  },
  "requested_rows": 67748,
  "scored_rows": 67504,
  "task": "ml-1m_item_stats_cap20_eval_users1000_cg5_m3_seed1",
  "test": {
    "macro_by_group": {
      "groups_with_score_ties": 3610,
      "groups_with_score_ties_fraction": 1.0,
      "groups_with_size_lte@1": 0,
      "groups_with_size_lte@10": 237,
      "groups_with_size_lte@3": 0,
      "groups_with_size_lte@5": 131,
      "groups_without_positive": 0,
      "hit_rate@1": 0.4467369024681122,
      "hit_rate@10": 0.9944870291220729,
      "hit_rate@3": 0.8004946224723803,
      "hit_rate@5": 0.9231387277086895,
      "n": 67504,
      "n_groups": 3610,
      "n_positive": 16876,
      "ndcg@1": 0.44673690246811215,
      "ndcg@10": 0.5547588496255024,
      "ndcg@3": 0.4413408192265594,
      "ndcg@5": 0.43017902546012743,
      "tie_policy": "average"
    },
    "macro_by_user_group_mean": {
      "groups_with_score_ties": 3610,
      "groups_with_score_ties_fraction": 1.0,
      "groups_with_size_lte@1": 0,
      "groups_with_size_lte@10": 237,
      "groups_with_size_lte@3": 0,
      "groups_with_size_lte@5": 131,
      "groups_without_positive": 0,
      "hit_rate@1": 0.45511450853369195,
      "hit_rate@10": 0.9946631750516426,
      "hit_rate@3": 0.8020581243421182,
      "hit_rate@5": 0.9237008980702963,
      "n": 67504,
      "n_groups": 3610,
      "n_positive": 16876,
      "n_users": 1000,
      "ndcg@1": 0.45511450853369195,
      "ndcg@10": 0.5650332789374821,
      "ndcg@3": 0.45235196938187006,
      "ndcg@5": 0.44361647568006835,
      "tie_policy": "average"
    }
  },
  "test_failure_as_zero_group": {
    "macro_by_group": {
      "failed_groups": 14,
      "failed_groups_fraction": 0.003863134657836645,
      "failure_policy": "failed_group_zero",
      "groups_with_score_ties": 3610,
      "groups_with_score_ties_fraction": 0.9961368653421634,
      "groups_with_size_lte@1": 0,
      "groups_with_size_lte@10": 239,
      "groups_with_size_lte@3": 0,
      "groups_with_size_lte@5": 133,
      "groups_without_positive": 0,
      "hit_rate@1": 0.44501109765725305,
      "hit_rate@10": 0.9906451918131025,
      "hit_rate@3": 0.7974022039528954,
      "hit_rate@5": 0.9195725184956868,
      "n": 67748,
      "n_groups": 3624,
      "n_positive": 16937,
      "ndcg@1": 0.44501109765725305,
      "ndcg@10": 0.5526157414867725,
      "ndcg@3": 0.43963586021188716,
      "ndcg@5": 0.428517185957798,
      "scored_groups": 3610,
      "tie_policy": "average"
    },
    "macro_by_user_group_mean": {
      "failed_groups": 14,
      "failed_groups_fraction": 0.003863134657836645,
      "failure_policy": "failed_group_zero",
      "groups_with_score_ties": 3610,
      "groups_with_score_ties_fraction": 0.9961368653421634,
      "groups_with_size_lte@1": 0,
      "groups_with_size_lte@10": 239,
      "groups_with_size_lte@3": 0,
      "groups_with_size_lte@5": 133,
      "groups_without_positive": 0,
      "hit_rate@1": 0.45280498652792,
      "hit_rate@10": 0.9906064687806174,
      "hit_rate@3": 0.7984972871164783,
      "hit_rate@5": 0.919807975582782,
      "n": 67748,
      "n_groups": 3624,
      "n_positive": 16937,
      "n_users": 1000,
      "ndcg@1": 0.45280498652791995,
      "ndcg@10": 0.5622575864661966,
      "ndcg@3": 0.4502145926295395,
      "ndcg@5": 0.4413951786963675,
      "scored_groups": 3610,
      "tie_policy": "average"
    }
  }
}
