{
  "candidate_groups": {
    "requested": {
      "groups": 4621,
      "positives_max": 2,
      "positives_mean": 1.9668902834884223,
      "positives_min": 1,
      "rows_max": 20,
      "rows_mean": 19.668902834884225,
      "rows_min": 10,
      "sampled_max": 18,
      "sampled_mean": 17.702012551395804,
      "sampled_min": 9
    },
    "scored": {
      "groups": 2731,
      "positives_max": 2,
      "positives_mean": 1.9534968875869645,
      "positives_min": 1,
      "rows_max": 20,
      "rows_mean": 19.534968875869644,
      "rows_min": 10,
      "sampled_max": 18,
      "sampled_mean": 17.58147198828268,
      "sampled_min": 9
    }
  },
  "coverage": {
    "failed_fraction": 0.41302673561447906,
    "failed_rows": 37540,
    "requested_rows": 90890,
    "scored_fraction": 0.586973264385521,
    "scored_rows": 53350
  },
  "llm_errors": 1890,
  "main_metric": "test.macro_by_user_group_mean.ndcg@5",
  "max_candidate_groups": null,
  "max_workers": 64,
  "method": "agent4rec_yes_no_litellm_qwen3_8b_traits_taste_gpt4o_mini_candidate_summary_full",
  "protocol": "ranking",
  "ranking_evaluation": {
    "ks": [
      1,
      3,
      5,
      10
    ],
    "tie_policy": "average"
  },
  "requested_rows": 90890,
  "scored_rows": 53350,
  "task": "ml-1m_item_stats_cap20_eval_users1000_cg5_m9_seed2",
  "test": {
    "macro_by_group": {
      "groups_with_score_ties": 2731,
      "groups_with_score_ties_fraction": 1.0,
      "groups_with_size_lte@1": 0,
      "groups_with_size_lte@10": 127,
      "groups_with_size_lte@3": 0,
      "groups_with_size_lte@5": 0,
      "groups_without_positive": 0,
      "hit_rate@1": 0.19503372733338736,
      "hit_rate@10": 0.8693328954157215,
      "hit_rate@3": 0.4688172883120412,
      "hit_rate@5": 0.6425689584416131,
      "n": 53350,
      "n_groups": 2731,
      "n_positive": 5335,
      "ndcg@1": 0.19503372733338736,
      "ndcg@10": 0.4100994177654756,
      "ndcg@3": 0.24777188559098628,
      "ndcg@5": 0.317677716601014,
      "tie_policy": "average"
    },
    "macro_by_user_group_mean": {
      "groups_with_score_ties": 2731,
      "groups_with_score_ties_fraction": 1.0,
      "groups_with_size_lte@1": 0,
      "groups_with_size_lte@10": 127,
      "groups_with_size_lte@3": 0,
      "groups_with_size_lte@5": 0,
      "groups_without_positive": 0,
      "hit_rate@1": 0.2131261401907051,
      "hit_rate@10": 0.8789370640098882,
      "hit_rate@3": 0.49528933847968315,
      "hit_rate@5": 0.6633052549752593,
      "n": 53350,
      "n_groups": 2731,
      "n_positive": 5335,
      "n_users": 944,
      "ndcg@1": 0.2131261401907051,
      "ndcg@10": 0.42935623873896556,
      "ndcg@3": 0.2702822514585165,
      "ndcg@5": 0.3406764166115613,
      "tie_policy": "average"
    }
  },
  "test_failure_as_zero_group": {
    "macro_by_group": {
      "failed_groups": 1890,
      "failed_groups_fraction": 0.4090023804371348,
      "failure_policy": "failed_group_zero",
      "groups_with_score_ties": 2731,
      "groups_with_score_ties_fraction": 0.5909976195628652,
      "groups_with_size_lte@1": 0,
      "groups_with_size_lte@10": 153,
      "groups_with_size_lte@3": 0,
      "groups_with_size_lte@5": 0,
      "groups_without_positive": 0,
      "hit_rate@1": 0.11526446858850484,
      "hit_rate@10": 0.5137736717983847,
      "hit_rate@3": 0.2770699014023339,
      "hit_rate@5": 0.37975672484398293,
      "n": 90890,
      "n_groups": 4621,
      "n_positive": 9089,
      "ndcg@1": 0.11526446858850484,
      "ndcg@10": 0.24236777968351308,
      "ndcg@3": 0.14643259457887547,
      "ndcg@5": 0.18774677429936576,
      "scored_groups": 2731,
      "tie_policy": "average"
    },
    "macro_by_user_group_mean": {
      "failed_groups": 1890,
      "failed_groups_fraction": 0.4090023804371348,
      "failure_policy": "failed_group_zero",
      "groups_with_score_ties": 2731,
      "groups_with_score_ties_fraction": 0.5909976195628652,
      "groups_with_size_lte@1": 0,
      "groups_with_size_lte@10": 153,
      "groups_with_size_lte@3": 0,
      "groups_with_size_lte@5": 0,
      "groups_without_positive": 0,
      "hit_rate@1": 0.11557850883808314,
      "hit_rate@10": 0.5095286013199907,
      "hit_rate@3": 0.27551832256609343,
      "hit_rate@5": 0.37673562240348235,
      "n": 90890,
      "n_groups": 4621,
      "n_positive": 9089,
      "n_users": 1000,
      "ndcg@1": 0.11557850883808314,
      "ndcg@10": 0.24175811154552918,
      "ndcg@3": 0.1471769510795994,
      "ndcg@5": 0.1878325730383024,
      "scored_groups": 2731,
      "tie_policy": "average"
    }
  }
}
