{
  "candidate_groups": {
    "requested": {
      "groups": 3672,
      "positives_max": 5,
      "positives_mean": 4.703703703703703,
      "positives_min": 1,
      "rows_max": 20,
      "rows_mean": 18.814814814814813,
      "rows_min": 4,
      "sampled_max": 15,
      "sampled_mean": 14.11111111111111,
      "sampled_min": 3
    },
    "scored": {
      "groups": 3669,
      "positives_max": 5,
      "positives_mean": 4.703461433633143,
      "positives_min": 1,
      "rows_max": 20,
      "rows_mean": 18.81384573453257,
      "rows_min": 4,
      "sampled_max": 15,
      "sampled_mean": 14.110384300899428,
      "sampled_min": 3
    }
  },
  "coverage": {
    "failed_fraction": 0.0008684576192681797,
    "failed_rows": 60,
    "requested_rows": 69088,
    "scored_fraction": 0.9991315423807319,
    "scored_rows": 69028
  },
  "llm_errors": 3,
  "main_metric": "test.macro_by_user_group_mean.f1",
  "max_candidate_groups": null,
  "max_workers": 16,
  "method": "agent4rec_yes_no_vllm_qwen36_27b_taste_gpt4o_mini_full",
  "requested_rows": 69088,
  "scored_rows": 69028,
  "task": "ml-1m_item_stats_cap20_eval_users1000_cg5_m3_seed2",
  "test": {
    "macro_by_group": {
      "accuracy": 0.6823328336513128,
      "f1": 0.5255633139881731,
      "n": 69028,
      "n_groups": 3669,
      "n_positive": 17257,
      "n_predicted_positive": 28549,
      "precision": 0.44940149713122074,
      "recall": 0.6904969564822386
    },
    "macro_by_user_group_mean": {
      "accuracy": 0.6848831944444445,
      "f1": 0.5295006410693386,
      "n": 69028,
      "n_groups": 3669,
      "n_positive": 17257,
      "n_predicted_positive": 28549,
      "n_users": 1000,
      "precision": 0.4529186692337447,
      "recall": 0.6948427777777778
    },
    "micro": {
      "accuracy": 0.680651329895115,
      "f1": 0.5187530017901585,
      "n": 69028,
      "n_positive": 17257,
      "n_predicted_positive": 28549,
      "precision": 0.41616168692423555,
      "recall": 0.6884742423364432
    }
  },
  "test_failure_as_negative": {
    "macro_by_group": {
      "accuracy": 0.6823881172839505,
      "f1": 0.5251339321956991,
      "n": 69088,
      "n_groups": 3672,
      "n_positive": 17272,
      "n_predicted_positive": 28549,
      "precision": 0.44903433904532924,
      "recall": 0.6899328249818446
    },
    "macro_by_user_group_mean": {
      "accuracy": 0.6849181944444445,
      "f1": 0.5291891743416218,
      "n": 69088,
      "n_groups": 3672,
      "n_positive": 17272,
      "n_predicted_positive": 28549,
      "n_users": 1000,
      "precision": 0.45264237323807366,
      "recall": 0.6944427777777777
    },
    "micro": {
      "accuracy": 0.6807115562760537,
      "f1": 0.5185831823836232,
      "n": 69088,
      "n_positive": 17272,
      "n_predicted_positive": 28549,
      "precision": 0.41616168692423555,
      "recall": 0.6878763316350162
    }
  }
}
