{
  "candidate_groups": {
    "requested": {
      "groups": 1994,
      "positives_max": 1,
      "positives_mean": 1.0,
      "positives_min": 1,
      "rows_max": 10,
      "rows_mean": 10.0,
      "rows_min": 10,
      "sampled_max": 0,
      "sampled_mean": 0.0,
      "sampled_min": 0
    },
    "scored": {
      "groups": 1994,
      "positives_max": 1,
      "positives_mean": 1.0,
      "positives_min": 1,
      "rows_max": 10,
      "rows_mean": 10.0,
      "rows_min": 10,
      "sampled_max": 0,
      "sampled_mean": 0.0,
      "sampled_min": 0
    }
  },
  "coverage": {
    "failed_fraction": 0.0,
    "failed_rows": 0,
    "requested_rows": 19940,
    "scored_fraction": 1.0,
    "scored_rows": 19940
  },
  "llm_errors": 0,
  "main_metric": "test.macro_by_user_group_mean.f1",
  "max_candidate_groups": null,
  "max_workers": 64,
  "method": "llm_preference_yes_no_litellm_qwen36_27b_full",
  "requested_rows": 19940,
  "scored_rows": 19940,
  "task": "ml-1m_preference_cap10_eval_users1000_cg5_m9_seed1",
  "test": {
    "macro_by_group": {
      "accuracy": 0.5682046138415245,
      "f1": 0.2222746160559601,
      "n": 19940,
      "n_groups": 1994,
      "n_positive": 1994,
      "n_predicted_positive": 9078,
      "precision": 0.14527769817388678,
      "recall": 0.6173520561685055
    },
    "macro_by_user_group_mean": {
      "accuracy": 0.569929693961952,
      "f1": 0.2213447305382789,
      "n": 19940,
      "n_groups": 1994,
      "n_positive": 1994,
      "n_predicted_positive": 9078,
      "n_users": 403,
      "precision": 0.14462493599590373,
      "recall": 0.6148056244830438
    },
    "micro": {
      "accuracy": 0.5682046138415245,
      "f1": 0.22236271676300579,
      "n": 19940,
      "n_positive": 1994,
      "n_predicted_positive": 9078,
      "precision": 0.13560255562899318,
      "recall": 0.6173520561685055
    }
  },
  "test_failure_as_negative": {
    "macro_by_group": {
      "accuracy": 0.5682046138415245,
      "f1": 0.2222746160559601,
      "n": 19940,
      "n_groups": 1994,
      "n_positive": 1994,
      "n_predicted_positive": 9078,
      "precision": 0.14527769817388678,
      "recall": 0.6173520561685055
    },
    "macro_by_user_group_mean": {
      "accuracy": 0.569929693961952,
      "f1": 0.2213447305382789,
      "n": 19940,
      "n_groups": 1994,
      "n_positive": 1994,
      "n_predicted_positive": 9078,
      "n_users": 403,
      "precision": 0.14462493599590373,
      "recall": 0.6148056244830438
    },
    "micro": {
      "accuracy": 0.5682046138415245,
      "f1": 0.22236271676300579,
      "n": 19940,
      "n_positive": 1994,
      "n_predicted_positive": 9078,
      "precision": 0.13560255562899318,
      "recall": 0.6173520561685055
    }
  }
}
