{
  "candidate_groups": {
    "test": {
      "groups": 2655,
      "positives_max": 6,
      "positives_mean": 5.23879472693032,
      "positives_min": 1,
      "rows_max": 18,
      "rows_mean": 15.71638418079096,
      "rows_min": 3,
      "sampled_max": 12,
      "sampled_mean": 10.47758945386064,
      "sampled_min": 2
    },
    "val": {
      "groups": 1816,
      "positives_max": 6,
      "positives_mean": 4.616189427312776,
      "positives_min": 1,
      "rows_max": 18,
      "rows_mean": 13.848568281938325,
      "rows_min": 3,
      "sampled_max": 12,
      "sampled_mean": 9.232378854625551,
      "sampled_min": 2
    }
  },
  "main_metric": "test.macro_by_user_group_mean.f1",
  "method": "popularity_f1_threshold",
  "stage_times_seconds": {
    "apply_threshold": 0.0,
    "candidate_group_summary": 0.012,
    "compute_metrics": 0.056,
    "fit": 0.262,
    "prepare_xy": 0.134,
    "score_test": 0.004,
    "score_val": 0.003,
    "select_threshold": 0.044,
    "write_predictions": 0.062
  },
  "task": "steam_cap20_eval_users1000_cg5_m2_seed1",
  "test": {
    "macro_by_group": {
      "accuracy": 0.8874471646788031,
      "f1": 0.8381821033366398,
      "n": 41727,
      "n_groups": 2655,
      "n_positive": 13909,
      "n_predicted_positive": 15392,
      "precision": 0.815632936847626,
      "recall": 0.8862335216572504
    },
    "macro_by_user_group_mean": {
      "accuracy": 0.8918264814814816,
      "f1": 0.8485946307668366,
      "n": 41727,
      "n_groups": 2655,
      "n_positive": 13909,
      "n_predicted_positive": 15392,
      "n_users": 1000,
      "precision": 0.8161734072871573,
      "recall": 0.9078844444444445
    },
    "micro": {
      "accuracy": 0.8854219090756584,
      "f1": 0.8368315074570833,
      "n": 41727,
      "n_positive": 13909,
      "n_predicted_positive": 15392,
      "precision": 0.7965176715176715,
      "recall": 0.8814436695664678
    }
  },
  "threshold": 476.0,
  "threshold_metric": "macro_by_user_group_mean_f1",
  "val": {
    "macro_by_group": {
      "accuracy": 0.8808767743514441,
      "f1": 0.8268007914532273,
      "n": 25149,
      "n_groups": 1816,
      "n_positive": 8383,
      "n_predicted_positive": 9189,
      "precision": 0.8074768492031708,
      "recall": 0.8756240822320117
    },
    "macro_by_user_group_mean": {
      "accuracy": 0.8891407407407409,
      "f1": 0.8452028809371457,
      "n": 25149,
      "n_groups": 1816,
      "n_positive": 8383,
      "n_predicted_positive": 9189,
      "n_users": 1000,
      "precision": 0.8154851857864357,
      "recall": 0.9052536111111111
    },
    "micro": {
      "accuracy": 0.879438546264265,
      "f1": 0.827452765763715,
      "n": 25149,
      "n_positive": 8383,
      "n_predicted_positive": 9189,
      "precision": 0.7911633474806834,
      "recall": 0.8672313014433973
    }
  }
}
