{
  "candidate_groups": {
    "requested": {
      "groups": 4621,
      "positives_max": 2,
      "positives_mean": 1.9668902834884223,
      "positives_min": 1,
      "rows_max": 20,
      "rows_mean": 19.668902834884225,
      "rows_min": 10,
      "sampled_max": 18,
      "sampled_mean": 17.702012551395804,
      "sampled_min": 9
    },
    "scored": {
      "groups": 4409,
      "positives_max": 2,
      "positives_mean": 1.9652982535722385,
      "positives_min": 1,
      "rows_max": 20,
      "rows_mean": 19.652982535722387,
      "rows_min": 10,
      "sampled_max": 18,
      "sampled_mean": 17.687684282150148,
      "sampled_min": 9
    }
  },
  "coverage": {
    "failed_fraction": 0.046649796457256025,
    "failed_rows": 4240,
    "requested_rows": 90890,
    "scored_fraction": 0.953350203542744,
    "scored_rows": 86650
  },
  "llm_errors": 212,
  "main_metric": "test.macro_by_user_group_mean.ndcg@5",
  "max_candidate_groups": null,
  "max_workers": 8,
  "method": "agent4rec_yes_no_vllm_qwen36_27b_traits_full",
  "protocol": "ranking",
  "ranking_evaluation": {
    "ks": [
      1,
      3,
      5,
      10
    ],
    "tie_policy": "average"
  },
  "requested_rows": 90890,
  "scored_rows": 86650,
  "task": "ml-1m_item_stats_cap20_eval_users1000_cg5_m9_seed2",
  "test": {
    "macro_by_group": {
      "groups_with_score_ties": 4409,
      "groups_with_score_ties_fraction": 1.0,
      "groups_with_size_lte@1": 0,
      "groups_with_size_lte@10": 153,
      "groups_with_size_lte@3": 0,
      "groups_with_size_lte@5": 0,
      "groups_without_positive": 0,
      "hit_rate@1": 0.10650796304892168,
      "hit_rate@10": 0.7718308702240213,
      "hit_rate@3": 0.2925928353624096,
      "hit_rate@5": 0.4520546785760179,
      "n": 86650,
      "n_groups": 4409,
      "n_positive": 8665,
      "ndcg@1": 0.1065079630489217,
      "ndcg@10": 0.29370166270436293,
      "ndcg@3": 0.14103464540568728,
      "ndcg@5": 0.19355858908524498,
      "tie_policy": "average"
    },
    "macro_by_user_group_mean": {
      "groups_with_score_ties": 4409,
      "groups_with_score_ties_fraction": 1.0,
      "groups_with_size_lte@1": 0,
      "groups_with_size_lte@10": 153,
      "groups_with_size_lte@3": 0,
      "groups_with_size_lte@5": 0,
      "groups_without_positive": 0,
      "hit_rate@1": 0.10623071346789033,
      "hit_rate@10": 0.773868729933494,
      "hit_rate@3": 0.291659360456723,
      "hit_rate@5": 0.4518205607054194,
      "n": 86650,
      "n_groups": 4409,
      "n_positive": 8665,
      "n_users": 1000,
      "ndcg@1": 0.10623071346789036,
      "ndcg@10": 0.29455440586551457,
      "ndcg@3": 0.14106732207578507,
      "ndcg@5": 0.19375720410520092,
      "tie_policy": "average"
    }
  },
  "test_failure_as_zero_group": {
    "macro_by_group": {
      "failed_groups": 212,
      "failed_groups_fraction": 0.04587751568924475,
      "failure_policy": "failed_group_zero",
      "groups_with_score_ties": 4409,
      "groups_with_score_ties_fraction": 0.9541224843107552,
      "groups_with_size_lte@1": 0,
      "groups_with_size_lte@10": 153,
      "groups_with_size_lte@3": 0,
      "groups_with_size_lte@5": 0,
      "groups_without_positive": 0,
      "hit_rate@1": 0.10162164230311528,
      "hit_rate@10": 0.7364211873658753,
      "hit_rate@3": 0.27916940296751,
      "hit_rate@5": 0.4313155329672501,
      "n": 90890,
      "n_groups": 4621,
      "n_positive": 9089,
      "ndcg@1": 0.1016216423031153,
      "ndcg@10": 0.2802273600656862,
      "ndcg@3": 0.1345643262483608,
      "ndcg@5": 0.18467860187769855,
      "scored_groups": 4409,
      "tie_policy": "average"
    },
    "macro_by_user_group_mean": {
      "failed_groups": 212,
      "failed_groups_fraction": 0.04587751568924475,
      "failure_policy": "failed_group_zero",
      "groups_with_score_ties": 4409,
      "groups_with_score_ties_fraction": 0.9541224843107552,
      "groups_with_size_lte@1": 0,
      "groups_with_size_lte@10": 153,
      "groups_with_size_lte@3": 0,
      "groups_with_size_lte@5": 0,
      "groups_without_positive": 0,
      "hit_rate@1": 0.10154205514987248,
      "hit_rate@10": 0.7394372841189598,
      "hit_rate@3": 0.27878816729079886,
      "hit_rate@5": 0.43174516919340833,
      "n": 90890,
      "n_groups": 4621,
      "n_positive": 9089,
      "n_users": 1000,
      "ndcg@1": 0.1015420551498725,
      "ndcg@10": 0.2816197354038727,
      "ndcg@3": 0.13496463501460182,
      "ndcg@5": 0.18534757422591736,
      "scored_groups": 4409,
      "tie_policy": "average"
    }
  }
}
