{
  "evaluated_splits": [
    "val",
    "test"
  ],
  "main_metric": "test.macro_by_user_mean.mae",
  "method": "user_mode_regressor",
  "protocol": "regression",
  "regression_evaluation": {
    "aggregations": [
      "micro",
      "macro_by_user_mean"
    ],
    "metrics": [
      "mae",
      "rmse"
    ]
  },
  "stage_times_seconds": {
    "compute_metrics": 0.937,
    "fit": 1.077,
    "prepare_xy": 0.009,
    "score_test": 0.014,
    "score_val": 0.008,
    "write_predictions": 0.018
  },
  "task": "ml-1m_rating_eval_users1000_seed1",
  "test": {
    "macro_by_user_mean": {
      "mae": 0.8954226076397961,
      "n": 32425,
      "n_users": 1000,
      "rmse": 1.1901044848768327
    },
    "micro": {
      "mae": 0.9080339244410177,
      "n": 32425,
      "rmse": 1.2664583415641835
    }
  },
  "val": {
    "macro_by_user_mean": {
      "mae": 0.8851923787254721,
      "n": 16574,
      "n_users": 1000,
      "rmse": 1.167231443034314
    },
    "micro": {
      "mae": 0.9051526487269217,
      "n": 16574,
      "rmse": 1.2674270886815098
    }
  }
}
