{
  "candidate_groups": {
    "requested": {
      "groups": 3624,
      "positives_max": 5,
      "positives_mean": 4.673565121412803,
      "positives_min": 1,
      "rows_max": 20,
      "rows_mean": 18.694260485651213,
      "rows_min": 4,
      "sampled_max": 15,
      "sampled_mean": 14.02069536423841,
      "sampled_min": 3
    },
    "scored": {
      "groups": 3622,
      "positives_max": 5,
      "positives_mean": 4.673384870237438,
      "positives_min": 1,
      "rows_max": 20,
      "rows_mean": 18.693539480949752,
      "rows_min": 4,
      "sampled_max": 15,
      "sampled_mean": 14.020154610712314,
      "sampled_min": 3
    }
  },
  "coverage": {
    "failed_fraction": 0.0005904233335301411,
    "failed_rows": 40,
    "requested_rows": 67748,
    "scored_fraction": 0.9994095766664699,
    "scored_rows": 67708
  },
  "llm_errors": 2,
  "main_metric": "test.macro_by_user_group_mean.ndcg@5",
  "max_candidate_groups": null,
  "max_workers": 16,
  "method": "agent4rec_yes_no_vllm_qwen36_27b_taste_gpt4o_mini_full",
  "protocol": "ranking",
  "ranking_evaluation": {
    "ks": [
      1,
      3,
      5,
      10
    ],
    "tie_policy": "average"
  },
  "requested_rows": 67748,
  "scored_rows": 67708,
  "task": "ml-1m_item_stats_cap20_eval_users1000_cg5_m3_seed1",
  "test": {
    "macro_by_group": {
      "groups_with_score_ties": 3622,
      "groups_with_score_ties_fraction": 1.0,
      "groups_with_size_lte@1": 0,
      "groups_with_size_lte@10": 239,
      "groups_with_size_lte@3": 0,
      "groups_with_size_lte@5": 133,
      "groups_without_positive": 0,
      "hit_rate@1": 0.44377083557890606,
      "hit_rate@10": 0.9980307303885011,
      "hit_rate@3": 0.8356085528548424,
      "hit_rate@5": 0.9532606481070502,
      "n": 67708,
      "n_groups": 3622,
      "n_positive": 16927,
      "ndcg@1": 0.44377083557890606,
      "ndcg@10": 0.6052997624319726,
      "ndcg@3": 0.45317347528725116,
      "ndcg@5": 0.45834580539649583,
      "tie_policy": "average"
    },
    "macro_by_user_group_mean": {
      "groups_with_score_ties": 3622,
      "groups_with_score_ties_fraction": 1.0,
      "groups_with_size_lte@1": 0,
      "groups_with_size_lte@10": 239,
      "groups_with_size_lte@3": 0,
      "groups_with_size_lte@5": 133,
      "groups_without_positive": 0,
      "hit_rate@1": 0.4500217272690473,
      "hit_rate@10": 0.9976955488790822,
      "hit_rate@3": 0.8399592992677688,
      "hit_rate@5": 0.9549660204640991,
      "n": 67708,
      "n_groups": 3622,
      "n_positive": 16927,
      "n_users": 1000,
      "ndcg@1": 0.4500217272690473,
      "ndcg@10": 0.6150557515657602,
      "ndcg@3": 0.4624915953450213,
      "ndcg@5": 0.47134124003810574,
      "tie_policy": "average"
    }
  },
  "test_failure_as_zero_group": {
    "macro_by_group": {
      "failed_groups": 2,
      "failed_groups_fraction": 0.0005518763796909492,
      "failure_policy": "failed_group_zero",
      "groups_with_score_ties": 3622,
      "groups_with_score_ties_fraction": 0.9994481236203091,
      "groups_with_size_lte@1": 0,
      "groups_with_size_lte@10": 239,
      "groups_with_size_lte@3": 0,
      "groups_with_size_lte@5": 133,
      "groups_without_positive": 0,
      "hit_rate@1": 0.44352592893675435,
      "hit_rate@10": 0.9974799408021939,
      "hit_rate@3": 0.835147400231854,
      "hit_rate@5": 0.9527345660716711,
      "n": 67748,
      "n_groups": 3624,
      "n_positive": 16937,
      "ndcg@1": 0.44352592893675435,
      "ndcg@10": 0.6049657117904539,
      "ndcg@3": 0.4529233795503376,
      "ndcg@5": 0.4580928551727671,
      "scored_groups": 3622,
      "tie_policy": "average"
    },
    "macro_by_user_group_mean": {
      "failed_groups": 2,
      "failed_groups_fraction": 0.0005518763796909492,
      "failure_policy": "failed_group_zero",
      "groups_with_score_ties": 3622,
      "groups_with_score_ties_fraction": 0.9994481236203091,
      "groups_with_size_lte@1": 0,
      "groups_with_size_lte@10": 239,
      "groups_with_size_lte@3": 0,
      "groups_with_size_lte@5": 133,
      "groups_without_positive": 0,
      "hit_rate@1": 0.4498569455230156,
      "hit_rate@10": 0.9972955488790821,
      "hit_rate@3": 0.8396347159344353,
      "hit_rate@5": 0.9545875482418767,
      "n": 67748,
      "n_groups": 3624,
      "n_positive": 16937,
      "n_users": 1000,
      "ndcg@1": 0.4498569455230156,
      "ndcg@10": 0.6148417640541549,
      "ndcg@3": 0.46232681359898953,
      "ndcg@5": 0.47118055845074636,
      "scored_groups": 3622,
      "tie_policy": "average"
    }
  }
}
