{
  "candidate_groups": {
    "test": {
      "groups": 2882,
      "positives_max": 10,
      "positives_mean": 9.683553088133241,
      "positives_min": 1,
      "rows_max": 20,
      "rows_mean": 19.367106176266482,
      "rows_min": 2,
      "sampled_max": 10,
      "sampled_mean": 9.683553088133241,
      "sampled_min": 1
    },
    "val": {
      "groups": 1697,
      "positives_max": 10,
      "positives_mean": 9.626988803771361,
      "positives_min": 1,
      "rows_max": 20,
      "rows_mean": 19.253977607542723,
      "rows_min": 2,
      "sampled_max": 10,
      "sampled_mean": 9.626988803771361,
      "sampled_min": 1
    }
  },
  "main_metric": "test.macro_by_user_group_mean.ndcg@5",
  "method": "popularity_ranking",
  "protocol": "ranking",
  "ranking_evaluation": {
    "ks": [
      1,
      3,
      5,
      10
    ],
    "tie_policy": "average"
  },
  "stage_times_seconds": {
    "candidate_group_summary": 0.023,
    "compute_ranking_metrics": 1.404,
    "fit": 0.092,
    "prepare_xy": 0.013,
    "score_test": 0.009,
    "score_val": 0.007,
    "write_predictions": 0.061
  },
  "task": "ml-1m_cold_start_k5_cap20_eval_users1000_cg5_m1_seed1",
  "test": {
    "macro_by_group": {
      "groups_with_score_ties": 1018,
      "groups_with_score_ties_fraction": 0.3532269257460097,
      "groups_with_size_lte@1": 0,
      "groups_with_size_lte@10": 101,
      "groups_with_size_lte@3": 20,
      "groups_with_size_lte@5": 44,
      "groups_without_positive": 0,
      "hit_rate@1": 0.9011103400416377,
      "hit_rate@10": 1.0,
      "hit_rate@3": 0.9968771686328938,
      "hit_rate@5": 0.9996530187369882,
      "n": 55816,
      "n_groups": 2882,
      "n_positive": 27908,
      "ndcg@1": 0.9011103400416377,
      "ndcg@10": 0.8376790248690904,
      "ndcg@3": 0.8961606183384639,
      "ndcg@5": 0.8850756578740184,
      "tie_policy": "average"
    },
    "macro_by_user_group_mean": {
      "groups_with_score_ties": 1018,
      "groups_with_score_ties_fraction": 0.3532269257460097,
      "groups_with_size_lte@1": 0,
      "groups_with_size_lte@10": 101,
      "groups_with_size_lte@3": 20,
      "groups_with_size_lte@5": 44,
      "groups_without_positive": 0,
      "hit_rate@1": 0.901963746223565,
      "hit_rate@10": 1.0,
      "hit_rate@3": 0.9972054380664654,
      "hit_rate@5": 0.9996978851963746,
      "n": 55816,
      "n_groups": 2882,
      "n_positive": 27908,
      "n_users": 662,
      "ndcg@1": 0.901963746223565,
      "ndcg@10": 0.8441078312575684,
      "ndcg@3": 0.8947069465939528,
      "ndcg@5": 0.8851715577868419,
      "tie_policy": "average"
    }
  },
  "val": {
    "macro_by_group": {
      "groups_with_score_ties": 586,
      "groups_with_score_ties_fraction": 0.34531526222746023,
      "groups_with_size_lte@1": 0,
      "groups_with_size_lte@10": 68,
      "groups_with_size_lte@3": 12,
      "groups_with_size_lte@5": 31,
      "groups_without_positive": 0,
      "hit_rate@1": 0.8880377136122569,
      "hit_rate@10": 1.0,
      "hit_rate@3": 0.995875073659399,
      "hit_rate@5": 0.9988214496169712,
      "n": 32674,
      "n_groups": 1697,
      "n_positive": 16337,
      "ndcg@1": 0.8880377136122569,
      "ndcg@10": 0.8349582176644424,
      "ndcg@3": 0.8845015088608087,
      "ndcg@5": 0.8773690474573009,
      "tie_policy": "average"
    },
    "macro_by_user_group_mean": {
      "groups_with_score_ties": 586,
      "groups_with_score_ties_fraction": 0.34531526222746023,
      "groups_with_size_lte@1": 0,
      "groups_with_size_lte@10": 68,
      "groups_with_size_lte@3": 12,
      "groups_with_size_lte@5": 31,
      "groups_without_positive": 0,
      "hit_rate@1": 0.8875511875511876,
      "hit_rate@10": 1.0,
      "hit_rate@3": 0.9947583947583948,
      "hit_rate@5": 0.9982800982800983,
      "n": 32674,
      "n_groups": 1697,
      "n_positive": 16337,
      "n_users": 407,
      "ndcg@1": 0.8875511875511876,
      "ndcg@10": 0.8410376324683929,
      "ndcg@3": 0.8831119319781141,
      "ndcg@5": 0.8761728738349812,
      "tie_policy": "average"
    }
  }
}
