{
  "candidate_groups": {
    "test": {
      "groups": 4911,
      "positives_max": 2,
      "positives_mean": 1.992669517409896,
      "positives_min": 1,
      "rows_max": 20,
      "rows_mean": 19.92669517409896,
      "rows_min": 10,
      "sampled_max": 18,
      "sampled_mean": 17.934025656689066,
      "sampled_min": 9
    },
    "val": {
      "groups": 2981,
      "positives_max": 2,
      "positives_mean": 1.9932908419993292,
      "positives_min": 1,
      "rows_max": 20,
      "rows_mean": 19.93290841999329,
      "rows_min": 10,
      "sampled_max": 18,
      "sampled_mean": 17.93961757799396,
      "sampled_min": 9
    }
  },
  "main_metric": "test.macro_by_user_group_mean.ndcg@5",
  "method": "popularity_ranking",
  "protocol": "ranking",
  "ranking_evaluation": {
    "ks": [
      1,
      3,
      5,
      10
    ],
    "tie_policy": "average"
  },
  "stage_times_seconds": {
    "candidate_group_summary": 0.016,
    "compute_ranking_metrics": 1.369,
    "fit": 0.048,
    "prepare_xy": 0.012,
    "score_test": 0.009,
    "score_val": 0.006,
    "write_predictions": 0.058
  },
  "task": "ml-1m_cold_start_k5_cap20_eval_users1000_cg5_m9_seed1",
  "test": {
    "macro_by_group": {
      "groups_with_score_ties": 3265,
      "groups_with_score_ties_fraction": 0.6648340460191408,
      "groups_with_size_lte@1": 0,
      "groups_with_size_lte@10": 36,
      "groups_with_size_lte@3": 0,
      "groups_with_size_lte@5": 0,
      "groups_without_positive": 0,
      "hit_rate@1": 0.6019140704540826,
      "hit_rate@10": 0.9939930767664427,
      "hit_rate@3": 0.8678476888617389,
      "hit_rate@5": 0.9431887599266952,
      "n": 97860,
      "n_groups": 4911,
      "n_positive": 9786,
      "ndcg@1": 0.6019140704540826,
      "ndcg@10": 0.7569633781141358,
      "ndcg@3": 0.6242376288110868,
      "ndcg@5": 0.6973783972107805,
      "tie_policy": "average"
    },
    "macro_by_user_group_mean": {
      "groups_with_score_ties": 3265,
      "groups_with_score_ties_fraction": 0.6648340460191408,
      "groups_with_size_lte@1": 0,
      "groups_with_size_lte@10": 36,
      "groups_with_size_lte@3": 0,
      "groups_with_size_lte@5": 0,
      "groups_without_positive": 0,
      "hit_rate@1": 0.5988416666666667,
      "hit_rate@10": 0.9938666666666667,
      "hit_rate@3": 0.8669166666666668,
      "hit_rate@5": 0.943,
      "n": 97860,
      "n_groups": 4911,
      "n_positive": 9786,
      "n_users": 1000,
      "ndcg@1": 0.5988416666666667,
      "ndcg@10": 0.7555095284403853,
      "ndcg@3": 0.6224567436243473,
      "ndcg@5": 0.6960287319551679,
      "tie_policy": "average"
    }
  },
  "val": {
    "macro_by_group": {
      "groups_with_score_ties": 1962,
      "groups_with_score_ties_fraction": 0.6581683998658169,
      "groups_with_size_lte@1": 0,
      "groups_with_size_lte@10": 20,
      "groups_with_size_lte@3": 0,
      "groups_with_size_lte@5": 0,
      "groups_without_positive": 0,
      "hit_rate@1": 0.5966118752096612,
      "hit_rate@10": 0.9946326735994633,
      "hit_rate@3": 0.86850050318685,
      "hit_rate@5": 0.951190875545119,
      "n": 59420,
      "n_groups": 2981,
      "n_positive": 5942,
      "ndcg@1": 0.5966118752096612,
      "ndcg@10": 0.7533688000383437,
      "ndcg@3": 0.6221499713489995,
      "ndcg@5": 0.6975304813384525,
      "tie_policy": "average"
    },
    "macro_by_user_group_mean": {
      "groups_with_score_ties": 1962,
      "groups_with_score_ties_fraction": 0.6581683998658169,
      "groups_with_size_lte@1": 0,
      "groups_with_size_lte@10": 20,
      "groups_with_size_lte@3": 0,
      "groups_with_size_lte@5": 0,
      "groups_without_positive": 0,
      "hit_rate@1": 0.594205298013245,
      "hit_rate@10": 0.9947019867549668,
      "hit_rate@3": 0.8670529801324502,
      "hit_rate@5": 0.9509657836644592,
      "n": 59420,
      "n_groups": 2981,
      "n_positive": 5942,
      "n_users": 604,
      "ndcg@1": 0.594205298013245,
      "ndcg@10": 0.7521643363530162,
      "ndcg@3": 0.6206913005505517,
      "ndcg@5": 0.6963312547385122,
      "tie_policy": "average"
    }
  }
}
