{
  "candidate_groups": {
    "requested": {
      "groups": 2867,
      "positives_max": 10,
      "positives_mean": 8.85699337286362,
      "positives_min": 1,
      "rows_max": 20,
      "rows_mean": 17.71398674572724,
      "rows_min": 2,
      "sampled_max": 10,
      "sampled_mean": 8.85699337286362,
      "sampled_min": 1
    },
    "scored": {
      "groups": 2867,
      "positives_max": 10,
      "positives_mean": 8.85699337286362,
      "positives_min": 1,
      "rows_max": 20,
      "rows_mean": 17.71398674572724,
      "rows_min": 2,
      "sampled_max": 10,
      "sampled_mean": 8.85699337286362,
      "sampled_min": 1
    }
  },
  "coverage": {
    "failed_fraction": 0.0,
    "failed_rows": 0,
    "requested_rows": 50786,
    "scored_fraction": 1.0,
    "scored_rows": 50786
  },
  "llm_errors": 0,
  "main_metric": "test.macro_by_user_group_mean.ndcg@5",
  "max_candidate_groups": null,
  "max_workers": 4,
  "method": "llm_yes_no_vllm_llama33_70b_with_item_stats_full",
  "protocol": "ranking",
  "ranking_evaluation": {
    "ks": [
      1,
      3,
      5,
      10
    ],
    "tie_policy": "average"
  },
  "requested_rows": 50786,
  "scored_rows": 50786,
  "task": "ml-1m_item_stats_cap20_eval_users1000_cg5_m1_seed0",
  "test": {
    "macro_by_group": {
      "groups_with_score_ties": 2819,
      "groups_with_score_ties_fraction": 0.9832577607254971,
      "groups_with_size_lte@1": 0,
      "groups_with_size_lte@10": 362,
      "groups_with_size_lte@3": 70,
      "groups_with_size_lte@5": 125,
      "groups_without_positive": 0,
      "hit_rate@1": 0.7156871575868684,
      "hit_rate@10": 0.9999999981121228,
      "hit_rate@3": 0.9809203429200816,
      "hit_rate@5": 0.9988236930595584,
      "n": 50786,
      "n_groups": 2867,
      "n_positive": 25393,
      "ndcg@1": 0.7156871575868684,
      "ndcg@10": 0.7300747531044532,
      "ndcg@3": 0.720836300163022,
      "ndcg@5": 0.7245281838102674,
      "tie_policy": "average"
    },
    "macro_by_user_group_mean": {
      "groups_with_score_ties": 2819,
      "groups_with_score_ties_fraction": 0.9832577607254971,
      "groups_with_size_lte@1": 0,
      "groups_with_size_lte@10": 362,
      "groups_with_size_lte@3": 70,
      "groups_with_size_lte@5": 125,
      "groups_without_positive": 0,
      "hit_rate@1": 0.7295103775785761,
      "hit_rate@10": 0.9999999972937279,
      "hit_rate@3": 0.9836770836037458,
      "hit_rate@5": 0.9991061211875357,
      "n": 50786,
      "n_groups": 2867,
      "n_positive": 25393,
      "n_users": 1000,
      "ndcg@1": 0.7295103775785761,
      "ndcg@10": 0.7610098932087961,
      "ndcg@3": 0.7345175282534676,
      "ndcg@5": 0.7386114090505999,
      "tie_policy": "average"
    }
  },
  "test_failure_as_zero_group": {
    "macro_by_group": {
      "failed_groups": 0,
      "failed_groups_fraction": 0.0,
      "failure_policy": "failed_group_zero",
      "groups_with_score_ties": 2819,
      "groups_with_score_ties_fraction": 0.9832577607254971,
      "groups_with_size_lte@1": 0,
      "groups_with_size_lte@10": 362,
      "groups_with_size_lte@3": 70,
      "groups_with_size_lte@5": 125,
      "groups_without_positive": 0,
      "hit_rate@1": 0.7156871575868684,
      "hit_rate@10": 0.9999999981121228,
      "hit_rate@3": 0.9809203429200816,
      "hit_rate@5": 0.9988236930595584,
      "n": 50786,
      "n_groups": 2867,
      "n_positive": 25393,
      "ndcg@1": 0.7156871575868684,
      "ndcg@10": 0.7300747531044532,
      "ndcg@3": 0.720836300163022,
      "ndcg@5": 0.7245281838102674,
      "scored_groups": 2867,
      "tie_policy": "average"
    },
    "macro_by_user_group_mean": {
      "failed_groups": 0,
      "failed_groups_fraction": 0.0,
      "failure_policy": "failed_group_zero",
      "groups_with_score_ties": 2819,
      "groups_with_score_ties_fraction": 0.9832577607254971,
      "groups_with_size_lte@1": 0,
      "groups_with_size_lte@10": 362,
      "groups_with_size_lte@3": 70,
      "groups_with_size_lte@5": 125,
      "groups_without_positive": 0,
      "hit_rate@1": 0.7295103775785761,
      "hit_rate@10": 0.9999999972937279,
      "hit_rate@3": 0.9836770836037458,
      "hit_rate@5": 0.9991061211875357,
      "n": 50786,
      "n_groups": 2867,
      "n_positive": 25393,
      "n_users": 1000,
      "ndcg@1": 0.7295103775785761,
      "ndcg@10": 0.7610098932087961,
      "ndcg@3": 0.7345175282534676,
      "ndcg@5": 0.7386114090505999,
      "scored_groups": 2867,
      "tie_policy": "average"
    }
  }
}
