{
  "candidate_groups": {
    "requested": {
      "groups": 2458,
      "positives_max": 3,
      "positives_mean": 2.8331977217249795,
      "positives_min": 1,
      "rows_max": 9,
      "rows_mean": 8.49959316517494,
      "rows_min": 3,
      "sampled_max": 0,
      "sampled_mean": 0.0,
      "sampled_min": 0
    },
    "scored": {
      "groups": 2458,
      "positives_max": 3,
      "positives_mean": 2.8331977217249795,
      "positives_min": 1,
      "rows_max": 9,
      "rows_mean": 8.49959316517494,
      "rows_min": 3,
      "sampled_max": 0,
      "sampled_mean": 0.0,
      "sampled_min": 0
    }
  },
  "coverage": {
    "failed_fraction": 0.0,
    "failed_rows": 0,
    "requested_rows": 20892,
    "scored_fraction": 1.0,
    "scored_rows": 20892
  },
  "llm_errors": 0,
  "main_metric": "test.macro_by_user_group_mean.f1",
  "max_candidate_groups": null,
  "max_workers": 128,
  "method": "llm_preference_yes_no_litellm_qwen3_8b_full",
  "requested_rows": 20892,
  "scored_rows": 20892,
  "task": "ml-1m_preference_cap10_eval_users1000_cg5_m2_seed2",
  "test": {
    "macro_by_group": {
      "accuracy": 0.6140945664948919,
      "f1": 0.21779365196777728,
      "n": 20892,
      "n_groups": 2458,
      "n_positive": 6964,
      "n_predicted_positive": 4463,
      "precision": 0.2258989112325158,
      "recall": 0.2520341741253051
    },
    "macro_by_user_group_mean": {
      "accuracy": 0.6131389890663461,
      "f1": 0.24449374141800725,
      "n": 20892,
      "n_groups": 2458,
      "n_positive": 6964,
      "n_predicted_positive": 4463,
      "n_users": 647,
      "precision": 0.24363273104192734,
      "recall": 0.2913189077794951
    },
    "micro": {
      "accuracy": 0.6150201033888569,
      "f1": 0.29614071934891045,
      "n": 20892,
      "n_positive": 6964,
      "n_predicted_positive": 4463,
      "precision": 0.3791171857494959,
      "recall": 0.24296381390005745
    }
  },
  "test_failure_as_negative": {
    "macro_by_group": {
      "accuracy": 0.6140945664948919,
      "f1": 0.21779365196777728,
      "n": 20892,
      "n_groups": 2458,
      "n_positive": 6964,
      "n_predicted_positive": 4463,
      "precision": 0.2258989112325158,
      "recall": 0.2520341741253051
    },
    "macro_by_user_group_mean": {
      "accuracy": 0.6131389890663461,
      "f1": 0.24449374141800725,
      "n": 20892,
      "n_groups": 2458,
      "n_positive": 6964,
      "n_predicted_positive": 4463,
      "n_users": 647,
      "precision": 0.24363273104192734,
      "recall": 0.2913189077794951
    },
    "micro": {
      "accuracy": 0.6150201033888569,
      "f1": 0.29614071934891045,
      "n": 20892,
      "n_positive": 6964,
      "n_predicted_positive": 4463,
      "precision": 0.3791171857494959,
      "recall": 0.24296381390005745
    }
  }
}
