{
  "candidate_groups": {
    "requested": {
      "groups": 3734,
      "positives_max": 5,
      "positives_mean": 4.722281735404392,
      "positives_min": 1,
      "rows_max": 20,
      "rows_mean": 18.88912694161757,
      "rows_min": 4,
      "sampled_max": 15,
      "sampled_mean": 14.166845206213177,
      "sampled_min": 3
    },
    "scored": {
      "groups": 3733,
      "positives_max": 5,
      "positives_mean": 4.7222073399410665,
      "positives_min": 1,
      "rows_max": 20,
      "rows_mean": 18.888829359764266,
      "rows_min": 4,
      "sampled_max": 15,
      "sampled_mean": 14.1666220198232,
      "sampled_min": 3
    }
  },
  "coverage": {
    "failed_fraction": 0.00028355923552430103,
    "failed_rows": 20,
    "requested_rows": 70532,
    "scored_fraction": 0.9997164407644757,
    "scored_rows": 70512
  },
  "llm_errors": 1,
  "main_metric": "test.macro_by_user_group_mean.f1",
  "max_candidate_groups": null,
  "max_workers": 64,
  "method": "agent4rec_yes_no_litellm_qwen3_8b_traits_taste_gpt4o_mini_no_summary_control_full",
  "requested_rows": 70532,
  "scored_rows": 70512,
  "task": "ml-1m_item_stats_cap20_eval_users1000_cg5_m3_seed0",
  "test": {
    "macro_by_group": {
      "accuracy": 0.7258326636306814,
      "f1": 0.3934289010852593,
      "n": 70512,
      "n_groups": 3733,
      "n_positive": 17628,
      "n_predicted_positive": 17307,
      "precision": 0.4110807677334549,
      "recall": 0.43791856415751407
    },
    "macro_by_user_group_mean": {
      "accuracy": 0.7341168055555556,
      "f1": 0.38449336987548927,
      "n": 70512,
      "n_groups": 3733,
      "n_positive": 17628,
      "n_predicted_positive": 17307,
      "n_users": 1000,
      "precision": 0.40812028616593243,
      "recall": 0.4198316666666667
    },
    "micro": {
      "accuracy": 0.7240895166780122,
      "f1": 0.4431086303134392,
      "n": 70512,
      "n_positive": 17628,
      "n_predicted_positive": 17307,
      "precision": 0.44721788871554863,
      "recall": 0.43907420013614706
    }
  },
  "test_failure_as_negative": {
    "macro_by_group": {
      "accuracy": 0.7258391358685947,
      "f1": 0.3933235371588841,
      "n": 70532,
      "n_groups": 3734,
      "n_positive": 17633,
      "n_predicted_positive": 17307,
      "precision": 0.4109706764726801,
      "recall": 0.43780128548473485
    },
    "macro_by_user_group_mean": {
      "accuracy": 0.7341493055555556,
      "f1": 0.384402193404901,
      "n": 70532,
      "n_groups": 3734,
      "n_positive": 17633,
      "n_predicted_positive": 17307,
      "n_users": 1000,
      "precision": 0.4080461194992658,
      "recall": 0.4197016666666667
    },
    "micro": {
      "accuracy": 0.724096863834855,
      "f1": 0.4430452203777905,
      "n": 70532,
      "n_positive": 17633,
      "n_predicted_positive": 17307,
      "precision": 0.44721788871554863,
      "recall": 0.438949696591618
    }
  }
}
