{
  "candidate_groups": {
    "test": {
      "groups": 17517,
      "positives_max": 2,
      "positives_mean": 1.9706570759833304,
      "positives_min": 1,
      "rows_max": 20,
      "rows_mean": 19.706570759833305,
      "rows_min": 10,
      "sampled_max": 18,
      "sampled_mean": 17.735913683849976,
      "sampled_min": 9
    },
    "val": {
      "groups": 9096,
      "positives_max": 2,
      "positives_mean": 1.9381046613896218,
      "positives_min": 1,
      "rows_max": 20,
      "rows_mean": 19.381046613896217,
      "rows_min": 10,
      "sampled_max": 18,
      "sampled_mean": 17.442941952506597,
      "sampled_min": 9
    }
  },
  "main_metric": "test.macro_by_user_group_mean.f1",
  "method": "popularity_f1_threshold",
  "stage_times_seconds": {
    "apply_threshold": 0.001,
    "candidate_group_summary": 0.11,
    "compute_metrics": 0.63,
    "fit": 0.12,
    "prepare_xy": 0.082,
    "score_test": 0.085,
    "score_val": 0.045,
    "select_threshold": 0.191,
    "write_predictions": 0.479
  },
  "task": "ml-1m_interaction_cap20_eval_users1000_m9_seed0",
  "test": {
    "macro_by_group": {
      "accuracy": 0.8735057372837816,
      "f1": 0.4406354186367888,
      "n": 345200,
      "n_groups": 17517,
      "n_positive": 34520,
      "n_predicted_positive": 46051,
      "precision": 0.4178187015359477,
      "recall": 0.5361077810127305
    },
    "macro_by_user_group_mean": {
      "accuracy": 0.8628377620781243,
      "f1": 0.45928627144287,
      "n": 345200,
      "n_groups": 17517,
      "n_positive": 34520,
      "n_predicted_positive": 46051,
      "n_users": 1000,
      "precision": 0.40670647186178555,
      "recall": 0.6009753552528595
    },
    "micro": {
      "accuracy": 0.8736066048667439,
      "f1": 0.45847761601568804,
      "n": 345200,
      "n_positive": 34520,
      "n_predicted_positive": 46051,
      "precision": 0.40107706673036414,
      "recall": 0.5350521436848203
    }
  },
  "threshold": 419.0,
  "threshold_metric": "macro_by_user_group_mean_f1",
  "val": {
    "macro_by_group": {
      "accuracy": 0.8718007915567283,
      "f1": 0.4380004340426504,
      "n": 176290,
      "n_groups": 9096,
      "n_positive": 17629,
      "n_predicted_positive": 23810,
      "precision": 0.4138583504348676,
      "recall": 0.537434036939314
    },
    "macro_by_user_group_mean": {
      "accuracy": 0.8621008907756743,
      "f1": 0.4571768765725592,
      "n": 176290,
      "n_groups": 9096,
      "n_positive": 17629,
      "n_predicted_positive": 23810,
      "n_users": 1000,
      "precision": 0.40507083317467013,
      "recall": 0.6033886713054858
    },
    "micro": {
      "accuracy": 0.8721254750694878,
      "f1": 0.45599555973841066,
      "n": 176290,
      "n_positive": 17629,
      "n_predicted_positive": 23810,
      "precision": 0.39680806383872325,
      "recall": 0.5359351069260877
    }
  }
}
