{
  "candidate_groups": {
    "requested": {
      "groups": 4629,
      "positives_max": 2,
      "positives_mean": 1.966947504860661,
      "positives_min": 1,
      "rows_max": 20,
      "rows_mean": 19.66947504860661,
      "rows_min": 10,
      "sampled_max": 18,
      "sampled_mean": 17.702527543745948,
      "sampled_min": 9
    },
    "scored": {
      "groups": 4626,
      "positives_max": 2,
      "positives_mean": 1.9669260700389104,
      "positives_min": 1,
      "rows_max": 20,
      "rows_mean": 19.669260700389106,
      "rows_min": 10,
      "sampled_max": 18,
      "sampled_mean": 17.702334630350194,
      "sampled_min": 9
    }
  },
  "coverage": {
    "failed_fraction": 0.0006589785831960461,
    "failed_rows": 60,
    "requested_rows": 91050,
    "scored_fraction": 0.9993410214168039,
    "scored_rows": 90990
  },
  "llm_errors": 3,
  "main_metric": "test.macro_by_user_group_mean.ndcg@5",
  "max_candidate_groups": null,
  "max_workers": 32,
  "method": "agent4rec_yes_no_vllm_qwen3_8b_traits_full",
  "protocol": "ranking",
  "ranking_evaluation": {
    "ks": [
      1,
      3,
      5,
      10
    ],
    "tie_policy": "average"
  },
  "requested_rows": 91050,
  "scored_rows": 90990,
  "task": "ml-1m_item_stats_cap20_eval_users1000_cg5_m9_seed1",
  "test": {
    "macro_by_group": {
      "groups_with_score_ties": 4626,
      "groups_with_score_ties_fraction": 1.0,
      "groups_with_size_lte@1": 0,
      "groups_with_size_lte@10": 153,
      "groups_with_size_lte@3": 0,
      "groups_with_size_lte@5": 0,
      "groups_without_positive": 0,
      "hit_rate@1": 0.11787300680241071,
      "hit_rate@10": 0.7907335123818482,
      "hit_rate@3": 0.31564574789029476,
      "hit_rate@5": 0.48204903061601256,
      "n": 90990,
      "n_groups": 4626,
      "n_positive": 9099,
      "ndcg@1": 0.11787300680241074,
      "ndcg@10": 0.3066923004428216,
      "ndcg@3": 0.15179029611212416,
      "ndcg@5": 0.20598370100623167,
      "tie_policy": "average"
    },
    "macro_by_user_group_mean": {
      "groups_with_score_ties": 4626,
      "groups_with_score_ties_fraction": 1.0,
      "groups_with_size_lte@1": 0,
      "groups_with_size_lte@10": 153,
      "groups_with_size_lte@3": 0,
      "groups_with_size_lte@5": 0,
      "groups_without_positive": 0,
      "hit_rate@1": 0.11727847722596176,
      "hit_rate@10": 0.791815529110982,
      "hit_rate@3": 0.31446884266590536,
      "hit_rate@5": 0.48105785013490115,
      "n": 90990,
      "n_groups": 4626,
      "n_positive": 9099,
      "n_users": 1000,
      "ndcg@1": 0.11727847722596177,
      "ndcg@10": 0.30728673828083053,
      "ndcg@3": 0.15184071527764323,
      "ndcg@5": 0.20614758392923874,
      "tie_policy": "average"
    }
  },
  "test_failure_as_zero_group": {
    "macro_by_group": {
      "failed_groups": 3,
      "failed_groups_fraction": 0.0006480881399870382,
      "failure_policy": "failed_group_zero",
      "groups_with_score_ties": 4626,
      "groups_with_score_ties_fraction": 0.9993519118600129,
      "groups_with_size_lte@1": 0,
      "groups_with_size_lte@10": 153,
      "groups_with_size_lte@3": 0,
      "groups_with_size_lte@5": 0,
      "groups_without_positive": 0,
      "hit_rate@1": 0.11779661470467749,
      "hit_rate@10": 0.7902210473705833,
      "hit_rate@3": 0.31544118162464974,
      "hit_rate@5": 0.48173662035637815,
      "n": 91050,
      "n_groups": 4629,
      "n_positive": 9105,
      "ndcg@1": 0.11779661470467749,
      "ndcg@10": 0.3064935368002792,
      "ndcg@3": 0.1516919226214488,
      "ndcg@5": 0.2058502054125789,
      "scored_groups": 4626,
      "tie_policy": "average"
    },
    "macro_by_user_group_mean": {
      "failed_groups": 3,
      "failed_groups_fraction": 0.0006480881399870382,
      "failure_policy": "failed_group_zero",
      "groups_with_score_ties": 4626,
      "groups_with_score_ties_fraction": 0.9993519118600129,
      "groups_with_size_lte@1": 0,
      "groups_with_size_lte@10": 153,
      "groups_with_size_lte@3": 0,
      "groups_with_size_lte@5": 0,
      "groups_without_positive": 0,
      "hit_rate@1": 0.11721327520575973,
      "hit_rate@10": 0.7913368139407033,
      "hit_rate@3": 0.3142816802522956,
      "hit_rate@5": 0.48076281776788743,
      "n": 91050,
      "n_groups": 4629,
      "n_positive": 9105,
      "n_users": 1000,
      "ndcg@1": 0.11721327520575975,
      "ndcg@10": 0.30709714170799224,
      "ndcg@3": 0.1517538208529699,
      "ndcg@5": 0.20602522114924654,
      "scored_groups": 4626,
      "tie_policy": "average"
    }
  }
}
