{
  "candidate_groups": {
    "requested": {
      "groups": 4629,
      "positives_max": 2,
      "positives_mean": 1.966947504860661,
      "positives_min": 1,
      "rows_max": 20,
      "rows_mean": 19.66947504860661,
      "rows_min": 10,
      "sampled_max": 18,
      "sampled_mean": 17.702527543745948,
      "sampled_min": 9
    },
    "scored": {
      "groups": 4626,
      "positives_max": 2,
      "positives_mean": 1.9669260700389104,
      "positives_min": 1,
      "rows_max": 20,
      "rows_mean": 19.669260700389106,
      "rows_min": 10,
      "sampled_max": 18,
      "sampled_mean": 17.702334630350194,
      "sampled_min": 9
    }
  },
  "coverage": {
    "failed_fraction": 0.0006589785831960461,
    "failed_rows": 60,
    "requested_rows": 91050,
    "scored_fraction": 0.9993410214168039,
    "scored_rows": 90990
  },
  "llm_errors": 3,
  "main_metric": "test.macro_by_user_group_mean.f1",
  "max_candidate_groups": null,
  "max_workers": 32,
  "method": "agent4rec_yes_no_vllm_qwen3_8b_traits_full",
  "requested_rows": 91050,
  "scored_rows": 90990,
  "task": "ml-1m_item_stats_cap20_eval_users1000_cg5_m9_seed1",
  "test": {
    "macro_by_group": {
      "accuracy": 0.8094357976653698,
      "f1": 0.06321393764764723,
      "n": 90990,
      "n_groups": 4626,
      "n_positive": 9099,
      "n_predicted_positive": 11340,
      "precision": 0.0469694183890947,
      "recall": 0.16061392131431043
    },
    "macro_by_user_group_mean": {
      "accuracy": 0.8158483333333335,
      "f1": 0.05960934685541497,
      "n": 90990,
      "n_groups": 4626,
      "n_positive": 9099,
      "n_predicted_positive": 11340,
      "n_users": 1000,
      "precision": 0.044513477225961745,
      "recall": 0.1504
    },
    "micro": {
      "accuracy": 0.8079679085613803,
      "f1": 0.1451147316404912,
      "n": 90990,
      "n_positive": 9099,
      "n_predicted_positive": 11340,
      "precision": 0.13077601410934744,
      "recall": 0.16298494340037367
    }
  },
  "test_failure_as_negative": {
    "macro_by_group": {
      "accuracy": 0.8094944912508102,
      "f1": 0.06317296944437592,
      "n": 91050,
      "n_groups": 4629,
      "n_positive": 9105,
      "n_predicted_positive": 11340,
      "precision": 0.046938978066094636,
      "recall": 0.1605098293367898
    },
    "macro_by_user_group_mean": {
      "accuracy": 0.8158833333333334,
      "f1": 0.05957578042184854,
      "n": 91050,
      "n_groups": 4629,
      "n_positive": 9105,
      "n_predicted_positive": 11340,
      "n_users": 1000,
      "precision": 0.04449327520575972,
      "recall": 0.15030000000000002
    },
    "micro": {
      "accuracy": 0.8080285557386052,
      "f1": 0.1450721447786745,
      "n": 91050,
      "n_positive": 9105,
      "n_predicted_positive": 11340,
      "precision": 0.13077601410934744,
      "recall": 0.1628775398132894
    }
  }
}
