{
  "candidate_groups": {
    "requested": {
      "groups": 4982,
      "positives_max": 1,
      "positives_mean": 1.0,
      "positives_min": 1,
      "rows_max": 20,
      "rows_mean": 20.0,
      "rows_min": 20,
      "sampled_max": 19,
      "sampled_mean": 19.0,
      "sampled_min": 19
    },
    "scored": {
      "groups": 2038,
      "positives_max": 1,
      "positives_mean": 1.0,
      "positives_min": 1,
      "rows_max": 20,
      "rows_mean": 20.0,
      "rows_min": 20,
      "sampled_max": 19,
      "sampled_mean": 19.0,
      "sampled_min": 19
    }
  },
  "coverage": {
    "failed_fraction": 0.5909273384183059,
    "failed_rows": 58880,
    "requested_rows": 99640,
    "scored_fraction": 0.4090726615816941,
    "scored_rows": 40760
  },
  "llm_errors": 2944,
  "main_metric": "test.macro_by_user_group_mean.f1",
  "max_candidate_groups": null,
  "max_workers": 8,
  "method": "agent4rec_yes_no_vllm_qwen36_27b_traits_full",
  "requested_rows": 99640,
  "scored_rows": 40760,
  "task": "ml-1m_item_stats_cap20_eval_users1000_cg5_m19_seed2",
  "test": {
    "macro_by_group": {
      "accuracy": 0.8112365063788026,
      "f1": 0.04571120964195885,
      "n": 40760,
      "n_groups": 2038,
      "n_positive": 2038,
      "n_predicted_positive": 6334,
      "precision": 0.03054751655917356,
      "recall": 0.1663395485770363
    },
    "macro_by_user_group_mean": {
      "accuracy": 0.7988440860215054,
      "f1": 0.04658320282797748,
      "n": 40760,
      "n_groups": 2038,
      "n_positive": 2038,
      "n_predicted_positive": 6334,
      "n_users": 434,
      "precision": 0.030902047389176616,
      "recall": 0.180568356374808
    },
    "micro": {
      "accuracy": 0.8112365063788027,
      "f1": 0.08098423315814621,
      "n": 40760,
      "n_positive": 2038,
      "n_predicted_positive": 6334,
      "precision": 0.053520682033470164,
      "recall": 0.1663395485770363
    }
  },
  "test_failure_as_negative": {
    "macro_by_group": {
      "accuracy": 0.8932356483340025,
      "f1": 0.018699206192354902,
      "n": 99640,
      "n_groups": 4982,
      "n_positive": 4982,
      "n_predicted_positive": 6334,
      "precision": 0.012496153903572003,
      "recall": 0.06804496186270574
    },
    "macro_by_user_group_mean": {
      "accuracy": 0.8934324999999997,
      "f1": 0.018676889050062425,
      "n": 99640,
      "n_groups": 4982,
      "n_positive": 4982,
      "n_predicted_positive": 6334,
      "n_users": 1000,
      "precision": 0.012480334416185809,
      "recall": 0.0679
    },
    "micro": {
      "accuracy": 0.8932356483340024,
      "f1": 0.059915164369035,
      "n": 99640,
      "n_positive": 4982,
      "n_predicted_positive": 6334,
      "precision": 0.053520682033470164,
      "recall": 0.06804496186270574
    }
  }
}
