{
  "candidate_groups": {
    "requested": {
      "groups": 2177,
      "positives_max": 10,
      "positives_mean": 9.717960496095545,
      "positives_min": 1,
      "rows_max": 20,
      "rows_mean": 19.43592099219109,
      "rows_min": 2,
      "sampled_max": 10,
      "sampled_mean": 9.717960496095545,
      "sampled_min": 1
    },
    "scored": {
      "groups": 2177,
      "positives_max": 10,
      "positives_mean": 9.717960496095545,
      "positives_min": 1,
      "rows_max": 20,
      "rows_mean": 19.43592099219109,
      "rows_min": 2,
      "sampled_max": 10,
      "sampled_mean": 9.717960496095545,
      "sampled_min": 1
    }
  },
  "llm_errors": 0,
  "main_metric": "test.macro_by_user_group_mean.ndcg@5",
  "max_candidate_groups": null,
  "max_workers": 128,
  "method": "llm_yes_no_vllm_qwen36_27b_full",
  "protocol": "ranking",
  "ranking_evaluation": {
    "ks": [
      1,
      3,
      5,
      10
    ],
    "tie_policy": "average"
  },
  "requested_rows": 42312,
  "scored_rows": 42312,
  "task": "ml-1m_cold_start_k3_cap20_eval_users1000_cg5_m1_seed2",
  "test": {
    "macro_by_group": {
      "groups_with_score_ties": 2166,
      "groups_with_score_ties_fraction": 0.9949471750114837,
      "groups_with_size_lte@1": 0,
      "groups_with_size_lte@10": 67,
      "groups_with_size_lte@3": 14,
      "groups_with_size_lte@5": 31,
      "groups_without_positive": 0,
      "hit_rate@1": 0.6451705236318439,
      "hit_rate@10": 0.9999356672815192,
      "hit_rate@3": 0.9236985332172704,
      "hit_rate@5": 0.9763723320095454,
      "n": 42312,
      "n_groups": 2177,
      "n_positive": 21156,
      "ndcg@1": 0.6451705236318439,
      "ndcg@10": 0.635545929828838,
      "ndcg@3": 0.6467227355007661,
      "ndcg@5": 0.6475899377134433,
      "tie_policy": "average"
    },
    "macro_by_user_group_mean": {
      "groups_with_score_ties": 2166,
      "groups_with_score_ties_fraction": 0.9949471750114837,
      "groups_with_size_lte@1": 0,
      "groups_with_size_lte@10": 67,
      "groups_with_size_lte@3": 14,
      "groups_with_size_lte@5": 31,
      "groups_without_positive": 0,
      "hit_rate@1": 0.6465158905053864,
      "hit_rate@10": 0.9999426630459044,
      "hit_rate@3": 0.9231427427780968,
      "hit_rate@5": 0.9762013370671835,
      "n": 42312,
      "n_groups": 2177,
      "n_positive": 21156,
      "n_users": 490,
      "ndcg@1": 0.6465158905053864,
      "ndcg@10": 0.6451681016448322,
      "ndcg@3": 0.648781391157309,
      "ndcg@5": 0.651062590760414,
      "tie_policy": "average"
    }
  }
}
