{
  "candidate_groups": {
    "requested": {
      "groups": 2867,
      "positives_max": 10,
      "positives_mean": 8.85699337286362,
      "positives_min": 1,
      "rows_max": 20,
      "rows_mean": 17.71398674572724,
      "rows_min": 2,
      "sampled_max": 10,
      "sampled_mean": 8.85699337286362,
      "sampled_min": 1
    },
    "scored": {
      "groups": 2864,
      "positives_max": 10,
      "positives_mean": 8.855796089385475,
      "positives_min": 1,
      "rows_max": 20,
      "rows_mean": 17.71159217877095,
      "rows_min": 2,
      "sampled_max": 10,
      "sampled_mean": 8.855796089385475,
      "sampled_min": 1
    }
  },
  "coverage": {
    "failed_fraction": 0.0011814279525853581,
    "failed_rows": 60,
    "requested_rows": 50786,
    "scored_fraction": 0.9988185720474146,
    "scored_rows": 50726
  },
  "llm_errors": 3,
  "main_metric": "test.macro_by_user_group_mean.ndcg@5",
  "max_candidate_groups": null,
  "max_workers": 32,
  "method": "agent4rec_yes_no_vllm_qwen3_8b_traits_full",
  "protocol": "ranking",
  "ranking_evaluation": {
    "ks": [
      1,
      3,
      5,
      10
    ],
    "tie_policy": "average"
  },
  "requested_rows": 50786,
  "scored_rows": 50726,
  "task": "ml-1m_item_stats_cap20_eval_users1000_cg5_m1_seed0",
  "test": {
    "macro_by_group": {
      "groups_with_score_ties": 2855,
      "groups_with_score_ties_fraction": 0.9968575418994413,
      "groups_with_size_lte@1": 0,
      "groups_with_size_lte@10": 362,
      "groups_with_size_lte@3": 70,
      "groups_with_size_lte@5": 125,
      "groups_without_positive": 0,
      "hit_rate@1": 0.5616386008954777,
      "hit_rate@10": 0.999997093118358,
      "hit_rate@3": 0.9237235146867722,
      "hit_rate@5": 0.989156589952839,
      "n": 50726,
      "n_groups": 2864,
      "n_positive": 25363,
      "ndcg@1": 0.5616386008954777,
      "ndcg@10": 0.5890891866617171,
      "ndcg@3": 0.5683542886197529,
      "ndcg@5": 0.5718196529304561,
      "tie_policy": "average"
    },
    "macro_by_user_group_mean": {
      "groups_with_score_ties": 2855,
      "groups_with_score_ties_fraction": 0.9968575418994413,
      "groups_with_size_lte@1": 0,
      "groups_with_size_lte@10": 362,
      "groups_with_size_lte@3": 70,
      "groups_with_size_lte@5": 125,
      "groups_without_positive": 0,
      "hit_rate@1": 0.5423045623896514,
      "hit_rate@10": 0.9999975244813093,
      "hit_rate@3": 0.9183682212555819,
      "hit_rate@5": 0.9893143876760209,
      "n": 50726,
      "n_groups": 2864,
      "n_positive": 25363,
      "n_users": 1000,
      "ndcg@1": 0.5423045623896514,
      "ndcg@10": 0.6036057966307818,
      "ndcg@3": 0.5497448907479517,
      "ndcg@5": 0.5560285932500862,
      "tie_policy": "average"
    }
  },
  "test_failure_as_zero_group": {
    "macro_by_group": {
      "failed_groups": 3,
      "failed_groups_fraction": 0.0010463899546564353,
      "failure_policy": "failed_group_zero",
      "groups_with_score_ties": 2855,
      "groups_with_score_ties_fraction": 0.9958144401813742,
      "groups_with_size_lte@1": 0,
      "groups_with_size_lte@10": 362,
      "groups_with_size_lte@3": 70,
      "groups_with_size_lte@5": 125,
      "groups_without_positive": 0,
      "hit_rate@1": 0.5610509079053534,
      "hit_rate@10": 0.9989507062054334,
      "hit_rate@3": 0.922756939680124,
      "hit_rate@5": 0.98812154643353,
      "n": 50786,
      "n_groups": 2867,
      "n_positive": 25393,
      "ndcg@1": 0.5610509079053533,
      "ndcg@10": 0.5884727696543973,
      "ndcg@3": 0.5677595684014553,
      "ndcg@5": 0.5712213065897546,
      "scored_groups": 2864,
      "tie_policy": "average"
    },
    "macro_by_user_group_mean": {
      "failed_groups": 3,
      "failed_groups_fraction": 0.0010463899546564353,
      "failure_policy": "failed_group_zero",
      "groups_with_score_ties": 2855,
      "groups_with_score_ties_fraction": 0.9958144401813742,
      "groups_with_size_lte@1": 0,
      "groups_with_size_lte@10": 362,
      "groups_with_size_lte@3": 70,
      "groups_with_size_lte@5": 125,
      "groups_without_positive": 0,
      "hit_rate@1": 0.541784599019688,
      "hit_rate@10": 0.9989641920500667,
      "hit_rate@3": 0.9174359481021789,
      "hit_rate@5": 0.988293813102389,
      "n": 50786,
      "n_groups": 2867,
      "n_positive": 25393,
      "n_users": 1000,
      "ndcg@1": 0.541784599019688,
      "ndcg@10": 0.6030237645341072,
      "ndcg@3": 0.5492249273779884,
      "ndcg@5": 0.5555086298801227,
      "scored_groups": 2864,
      "tie_policy": "average"
    }
  }
}
