{
  "candidate_groups": {
    "requested": {
      "groups": 3734,
      "positives_max": 5,
      "positives_mean": 4.722281735404392,
      "positives_min": 1,
      "rows_max": 20,
      "rows_mean": 18.88912694161757,
      "rows_min": 4,
      "sampled_max": 15,
      "sampled_mean": 14.166845206213177,
      "sampled_min": 3
    },
    "scored": {
      "groups": 3731,
      "positives_max": 5,
      "positives_mean": 4.722058429375503,
      "positives_min": 1,
      "rows_max": 20,
      "rows_mean": 18.88823371750201,
      "rows_min": 4,
      "sampled_max": 15,
      "sampled_mean": 14.166175288126508,
      "sampled_min": 3
    }
  },
  "coverage": {
    "failed_fraction": 0.000850677706572903,
    "failed_rows": 60,
    "requested_rows": 70532,
    "scored_fraction": 0.9991493222934271,
    "scored_rows": 70472
  },
  "llm_errors": 3,
  "main_metric": "test.macro_by_user_group_mean.ndcg@5",
  "max_candidate_groups": null,
  "max_workers": 8,
  "method": "agent4rec_yes_no_vllm_qwen36_27b_traits_taste_gpt4o_mini_full",
  "protocol": "ranking",
  "ranking_evaluation": {
    "ks": [
      1,
      3,
      5,
      10
    ],
    "tie_policy": "average"
  },
  "requested_rows": 70532,
  "scored_rows": 70472,
  "task": "ml-1m_item_stats_cap20_eval_users1000_cg5_m3_seed0",
  "test": {
    "macro_by_group": {
      "groups_with_score_ties": 3731,
      "groups_with_score_ties_fraction": 1.0,
      "groups_with_size_lte@1": 0,
      "groups_with_size_lte@10": 213,
      "groups_with_size_lte@3": 0,
      "groups_with_size_lte@5": 106,
      "groups_without_positive": 0,
      "hit_rate@1": 0.4583305483921442,
      "hit_rate@10": 0.9959046366173748,
      "hit_rate@3": 0.8252237174733342,
      "hit_rate@5": 0.9405362297503326,
      "n": 70472,
      "n_groups": 3731,
      "n_positive": 17618,
      "ndcg@1": 0.4583305483921442,
      "ndcg@10": 0.5834450043363334,
      "ndcg@3": 0.455694418666029,
      "ndcg@5": 0.44925429763259267,
      "tie_policy": "average"
    },
    "macro_by_user_group_mean": {
      "groups_with_score_ties": 3731,
      "groups_with_score_ties_fraction": 1.0,
      "groups_with_size_lte@1": 0,
      "groups_with_size_lte@10": 213,
      "groups_with_size_lte@3": 0,
      "groups_with_size_lte@5": 106,
      "groups_without_positive": 0,
      "hit_rate@1": 0.4718914026894445,
      "hit_rate@10": 0.996203031922498,
      "hit_rate@3": 0.8310220526044018,
      "hit_rate@5": 0.9424120069498785,
      "n": 70472,
      "n_groups": 3731,
      "n_positive": 17618,
      "n_users": 1000,
      "ndcg@1": 0.47189140268944446,
      "ndcg@10": 0.5928530473891599,
      "ndcg@3": 0.46986699262488535,
      "ndcg@5": 0.46446888421491406,
      "tie_policy": "average"
    }
  },
  "test_failure_as_zero_group": {
    "macro_by_group": {
      "failed_groups": 3,
      "failed_groups_fraction": 0.0008034279592929834,
      "failure_policy": "failed_group_zero",
      "groups_with_score_ties": 3731,
      "groups_with_score_ties_fraction": 0.999196572040707,
      "groups_with_size_lte@1": 0,
      "groups_with_size_lte@10": 213,
      "groups_with_size_lte@3": 0,
      "groups_with_size_lte@5": 106,
      "groups_without_positive": 0,
      "hit_rate@1": 0.45796231281496796,
      "hit_rate@10": 0.9951044989875267,
      "hit_rate@3": 0.8245607096660446,
      "hit_rate@5": 0.9397805766466231,
      "n": 70532,
      "n_groups": 3734,
      "n_positive": 17633,
      "ndcg@1": 0.45796231281496796,
      "ndcg@10": 0.5829762483071396,
      "ndcg@3": 0.455328301029179,
      "ndcg@5": 0.4488933541690422,
      "scored_groups": 3731,
      "tie_policy": "average"
    },
    "macro_by_user_group_mean": {
      "failed_groups": 3,
      "failed_groups_fraction": 0.0008034279592929834,
      "failure_policy": "failed_group_zero",
      "groups_with_score_ties": 3731,
      "groups_with_score_ties_fraction": 0.999196572040707,
      "groups_with_size_lte@1": 0,
      "groups_with_size_lte@10": 213,
      "groups_with_size_lte@3": 0,
      "groups_with_size_lte@5": 106,
      "groups_without_positive": 0,
      "hit_rate@1": 0.47152217059113344,
      "hit_rate@10": 0.9954706524727422,
      "hit_rate@3": 0.8303716748474836,
      "hit_rate@5": 0.9417026001629949,
      "n": 70532,
      "n_groups": 3734,
      "n_positive": 17633,
      "n_users": 1000,
      "ndcg@1": 0.47152217059113344,
      "ndcg@10": 0.5923444227167438,
      "ndcg@3": 0.46944518304711,
      "ndcg@5": 0.46404707463713873,
      "scored_groups": 3731,
      "tie_policy": "average"
    }
  }
}
