{
  "candidate_groups": {
    "requested": {
      "groups": 2690,
      "positives_max": 2,
      "positives_mean": 1.953531598513011,
      "positives_min": 1,
      "rows_max": 8,
      "rows_mean": 7.814126394052044,
      "rows_min": 4,
      "sampled_max": 0,
      "sampled_mean": 0.0,
      "sampled_min": 0
    },
    "scored": {
      "groups": 2690,
      "positives_max": 2,
      "positives_mean": 1.953531598513011,
      "positives_min": 1,
      "rows_max": 8,
      "rows_mean": 7.814126394052044,
      "rows_min": 4,
      "sampled_max": 0,
      "sampled_mean": 0.0,
      "sampled_min": 0
    }
  },
  "coverage": {
    "failed_fraction": 0.0,
    "failed_rows": 0,
    "requested_rows": 21020,
    "scored_fraction": 1.0,
    "scored_rows": 21020
  },
  "llm_errors": 0,
  "main_metric": "test.macro_by_user_group_mean.f1",
  "max_candidate_groups": null,
  "max_workers": 128,
  "method": "llm_preference_yes_no_litellm_qwen3_8b_full",
  "requested_rows": 21020,
  "scored_rows": 21020,
  "task": "ml-1m_preference_cap10_eval_users1000_cg5_m3_seed0",
  "test": {
    "macro_by_group": {
      "accuracy": 0.6569702602230483,
      "f1": 0.17374019000413052,
      "n": 21020,
      "n_groups": 2690,
      "n_positive": 5255,
      "n_predicted_positive": 4389,
      "precision": 0.16008762612851832,
      "recall": 0.23327137546468402
    },
    "macro_by_user_group_mean": {
      "accuracy": 0.655140649762282,
      "f1": 0.1763807343680561,
      "n": 21020,
      "n_groups": 2690,
      "n_positive": 5255,
      "n_predicted_positive": 4389,
      "n_users": 631,
      "precision": 0.15911924886172113,
      "recall": 0.24344955097728474
    },
    "micro": {
      "accuracy": 0.6571836346336822,
      "f1": 0.25279966818747407,
      "n": 21020,
      "n_positive": 5255,
      "n_predicted_positive": 4389,
      "precision": 0.2777398040555935,
      "recall": 0.2319695528068506
    }
  },
  "test_failure_as_negative": {
    "macro_by_group": {
      "accuracy": 0.6569702602230483,
      "f1": 0.17374019000413052,
      "n": 21020,
      "n_groups": 2690,
      "n_positive": 5255,
      "n_predicted_positive": 4389,
      "precision": 0.16008762612851832,
      "recall": 0.23327137546468402
    },
    "macro_by_user_group_mean": {
      "accuracy": 0.655140649762282,
      "f1": 0.1763807343680561,
      "n": 21020,
      "n_groups": 2690,
      "n_positive": 5255,
      "n_predicted_positive": 4389,
      "n_users": 631,
      "precision": 0.15911924886172113,
      "recall": 0.24344955097728474
    },
    "micro": {
      "accuracy": 0.6571836346336822,
      "f1": 0.25279966818747407,
      "n": 21020,
      "n_positive": 5255,
      "n_predicted_positive": 4389,
      "precision": 0.2777398040555935,
      "recall": 0.2319695528068506
    }
  }
}
