{
  "candidate_groups": {
    "requested": {
      "groups": 1994,
      "positives_max": 1,
      "positives_mean": 1.0,
      "positives_min": 1,
      "rows_max": 10,
      "rows_mean": 10.0,
      "rows_min": 10,
      "sampled_max": 0,
      "sampled_mean": 0.0,
      "sampled_min": 0
    },
    "scored": {
      "groups": 1993,
      "positives_max": 1,
      "positives_mean": 1.0,
      "positives_min": 1,
      "rows_max": 10,
      "rows_mean": 10.0,
      "rows_min": 10,
      "sampled_max": 0,
      "sampled_mean": 0.0,
      "sampled_min": 0
    }
  },
  "coverage": {
    "failed_fraction": 0.0005015045135406219,
    "failed_rows": 10,
    "requested_rows": 19940,
    "scored_fraction": 0.9994984954864594,
    "scored_rows": 19930
  },
  "llm_errors": 1,
  "main_metric": "test.macro_by_user_group_mean.f1",
  "max_candidate_groups": null,
  "max_workers": 64,
  "method": "agent4rec_preference_yes_no_litellm_qwen36_27b_traits_taste_gpt4o_mini_no_summary_control_full",
  "requested_rows": 19940,
  "scored_rows": 19930,
  "task": "ml-1m_preference_cap10_eval_users1000_cg5_m9_seed1",
  "test": {
    "macro_by_group": {
      "accuracy": 0.5354741595584546,
      "f1": 0.23365194486619473,
      "n": 19930,
      "n_groups": 1993,
      "n_positive": 1993,
      "n_predicted_positive": 9985,
      "precision": 0.14649168916604943,
      "recall": 0.6823883592574009
    },
    "macro_by_user_group_mean": {
      "accuracy": 0.5363895781637718,
      "f1": 0.23351740553353456,
      "n": 19930,
      "n_groups": 1993,
      "n_positive": 1993,
      "n_predicted_positive": 9985,
      "n_users": 403,
      "precision": 0.1465549549017291,
      "recall": 0.6804797353184451
    },
    "micro": {
      "accuracy": 0.5354741595584546,
      "f1": 0.22708298547336783,
      "n": 19930,
      "n_positive": 1993,
      "n_predicted_positive": 9985,
      "precision": 0.13620430645968953,
      "recall": 0.6823883592574009
    }
  },
  "test_failure_as_negative": {
    "macro_by_group": {
      "accuracy": 0.5356569709127381,
      "f1": 0.2335347673612468,
      "n": 19940,
      "n_groups": 1994,
      "n_positive": 1994,
      "n_predicted_positive": 9985,
      "precision": 0.14641822292273646,
      "recall": 0.6820461384152458
    },
    "macro_by_user_group_mean": {
      "accuracy": 0.5365012406947891,
      "f1": 0.23335197956165699,
      "n": 19940,
      "n_groups": 1994,
      "n_positive": 1994,
      "n_predicted_positive": 9985,
      "n_users": 403,
      "precision": 0.14644742802000868,
      "recall": 0.6801075268817205
    },
    "micro": {
      "accuracy": 0.5356569709127382,
      "f1": 0.22706402871692127,
      "n": 19940,
      "n_positive": 1994,
      "n_predicted_positive": 9985,
      "precision": 0.13620430645968953,
      "recall": 0.6820461384152458
    }
  }
}
