{
  "candidate_groups": {
    "requested": {
      "groups": 2938,
      "positives_max": 10,
      "positives_mean": 9.643635125936012,
      "positives_min": 1,
      "rows_max": 20,
      "rows_mean": 19.287270251872023,
      "rows_min": 2,
      "sampled_max": 10,
      "sampled_mean": 9.643635125936012,
      "sampled_min": 1
    },
    "scored": {
      "groups": 2935,
      "positives_max": 10,
      "positives_mean": 9.643270868824532,
      "positives_min": 1,
      "rows_max": 20,
      "rows_mean": 19.286541737649063,
      "rows_min": 2,
      "sampled_max": 10,
      "sampled_mean": 9.643270868824532,
      "sampled_min": 1
    }
  },
  "llm_errors": 3,
  "main_metric": "test.macro_by_user_group_mean.ndcg@5",
  "max_candidate_groups": null,
  "max_workers": 128,
  "method": "agent4rec_yes_no_vllm_qwen36_27b_traits_taste_gpt4o_mini_full",
  "protocol": "ranking",
  "ranking_evaluation": {
    "ks": [
      1,
      3,
      5,
      10
    ],
    "tie_policy": "average"
  },
  "requested_rows": 56666,
  "scored_rows": 56606,
  "task": "ml-1m_cold_start_k3_cap20_eval_users1000_cg5_m1_seed1",
  "test": {
    "macro_by_group": {
      "groups_with_score_ties": 2920,
      "groups_with_score_ties_fraction": 0.9948892674616695,
      "groups_with_size_lte@1": 0,
      "groups_with_size_lte@10": 123,
      "groups_with_size_lte@3": 27,
      "groups_with_size_lte@5": 56,
      "groups_without_positive": 0,
      "hit_rate@1": 0.5653516265612589,
      "hit_rate@10": 0.9996346764119612,
      "hit_rate@3": 0.8973181635366303,
      "hit_rate@5": 0.9703922830851882,
      "n": 56606,
      "n_groups": 2935,
      "n_positive": 28303,
      "ndcg@1": 0.5653516265612588,
      "ndcg@10": 0.5757160116207601,
      "ndcg@3": 0.5697500769124705,
      "ndcg@5": 0.5731905047945016,
      "tie_policy": "average"
    },
    "macro_by_user_group_mean": {
      "groups_with_score_ties": 2920,
      "groups_with_score_ties_fraction": 0.9948892674616695,
      "groups_with_size_lte@1": 0,
      "groups_with_size_lte@10": 123,
      "groups_with_size_lte@3": 27,
      "groups_with_size_lte@5": 56,
      "groups_without_positive": 0,
      "hit_rate@1": 0.5666662221751686,
      "hit_rate@10": 0.9996844711526124,
      "hit_rate@3": 0.9036459124237761,
      "hit_rate@5": 0.9728672297123798,
      "n": 56606,
      "n_groups": 2935,
      "n_positive": 28303,
      "n_users": 680,
      "ndcg@1": 0.5666662221751686,
      "ndcg@10": 0.5923450785643867,
      "ndcg@3": 0.5767155136570837,
      "ndcg@5": 0.5829481060984992,
      "tie_policy": "average"
    }
  }
}
