{
  "candidate_groups": {
    "requested": {
      "groups": 2146,
      "positives_max": 10,
      "positives_mean": 9.739515377446413,
      "positives_min": 1,
      "rows_max": 20,
      "rows_mean": 19.479030754892825,
      "rows_min": 2,
      "sampled_max": 10,
      "sampled_mean": 9.739515377446413,
      "sampled_min": 1
    },
    "scored": {
      "groups": 2145,
      "positives_max": 10,
      "positives_mean": 9.742657342657342,
      "positives_min": 1,
      "rows_max": 20,
      "rows_mean": 19.485314685314684,
      "rows_min": 2,
      "sampled_max": 10,
      "sampled_mean": 9.742657342657342,
      "sampled_min": 1
    }
  },
  "llm_errors": 1,
  "main_metric": "test.macro_by_user_group_mean.f1",
  "max_candidate_groups": null,
  "max_workers": 128,
  "method": "agent4rec_yes_no_vllm_qwen36_27b_traits_taste_gpt4o_mini_full",
  "requested_rows": 41802,
  "scored_rows": 41796,
  "task": "ml-1m_cold_start_k5_cap20_eval_users1000_cg5_m1_seed2",
  "test": {
    "macro_by_group": {
      "accuracy": 0.572496484996485,
      "f1": 0.5319395620195924,
      "n": 41796,
      "n_groups": 2145,
      "n_positive": 20898,
      "n_predicted_positive": 19804,
      "precision": 0.552509204024554,
      "recall": 0.5477866577866578
    },
    "macro_by_user_group_mean": {
      "accuracy": 0.5740492008945617,
      "f1": 0.5354099654919102,
      "n": 41796,
      "n_groups": 2145,
      "n_positive": 20898,
      "n_predicted_positive": 19804,
      "n_users": 485,
      "precision": 0.5521580827245105,
      "recall": 0.5551397479954181
    },
    "micro": {
      "accuracy": 0.5722557182505503,
      "f1": 0.5607586850769004,
      "n": 41796,
      "n_positive": 20898,
      "n_predicted_positive": 19804,
      "precision": 0.5762472227832761,
      "recall": 0.5460809646856158
    }
  }
}
