{
  "candidate_groups": {
    "requested": {
      "groups": 2146,
      "positives_max": 10,
      "positives_mean": 9.739515377446413,
      "positives_min": 1,
      "rows_max": 20,
      "rows_mean": 19.479030754892825,
      "rows_min": 2,
      "sampled_max": 10,
      "sampled_mean": 9.739515377446413,
      "sampled_min": 1
    },
    "scored": {
      "groups": 2145,
      "positives_max": 10,
      "positives_mean": 9.742657342657342,
      "positives_min": 1,
      "rows_max": 20,
      "rows_mean": 19.485314685314684,
      "rows_min": 2,
      "sampled_max": 10,
      "sampled_mean": 9.742657342657342,
      "sampled_min": 1
    }
  },
  "llm_errors": 1,
  "main_metric": "test.macro_by_user_group_mean.ndcg@5",
  "max_candidate_groups": null,
  "max_workers": 128,
  "method": "agent4rec_yes_no_vllm_qwen36_27b_traits_taste_gpt4o_mini_full",
  "protocol": "ranking",
  "ranking_evaluation": {
    "ks": [
      1,
      3,
      5,
      10
    ],
    "tie_policy": "average"
  },
  "requested_rows": 41802,
  "scored_rows": 41796,
  "task": "ml-1m_cold_start_k5_cap20_eval_users1000_cg5_m1_seed2",
  "test": {
    "macro_by_group": {
      "groups_with_score_ties": 2138,
      "groups_with_score_ties_fraction": 0.9967365967365968,
      "groups_with_size_lte@1": 0,
      "groups_with_size_lte@10": 62,
      "groups_with_size_lte@3": 12,
      "groups_with_size_lte@5": 20,
      "groups_without_positive": 0,
      "hit_rate@1": 0.5548402063555563,
      "hit_rate@10": 0.9988762130137783,
      "hit_rate@3": 0.8858122238004894,
      "hit_rate@5": 0.9603960312806576,
      "n": 41796,
      "n_groups": 2145,
      "n_positive": 20898,
      "ndcg@1": 0.5548402063555563,
      "ndcg@10": 0.5690941744664656,
      "ndcg@3": 0.5588168750514388,
      "ndcg@5": 0.5634311893254497,
      "tie_policy": "average"
    },
    "macro_by_user_group_mean": {
      "groups_with_score_ties": 2138,
      "groups_with_score_ties_fraction": 0.9967365967365968,
      "groups_with_size_lte@1": 0,
      "groups_with_size_lte@10": 62,
      "groups_with_size_lte@3": 12,
      "groups_with_size_lte@5": 20,
      "groups_without_positive": 0,
      "hit_rate@1": 0.5561099727588747,
      "hit_rate@10": 0.9989996275751599,
      "hit_rate@3": 0.8898397450272431,
      "hit_rate@5": 0.9623166387143438,
      "n": 41796,
      "n_groups": 2145,
      "n_positive": 20898,
      "n_users": 485,
      "ndcg@1": 0.5561099727588747,
      "ndcg@10": 0.580159492058586,
      "ndcg@3": 0.5622652327345347,
      "ndcg@5": 0.5693167622922876,
      "tie_policy": "average"
    }
  }
}
