{
  "candidate_groups": {
    "requested": {
      "groups": 2363,
      "positives_max": 5,
      "positives_mean": 4.493863732543377,
      "positives_min": 1,
      "rows_max": 10,
      "rows_mean": 8.987727465086754,
      "rows_min": 2,
      "sampled_max": 0,
      "sampled_mean": 0.0,
      "sampled_min": 0
    },
    "scored": {
      "groups": 2363,
      "positives_max": 5,
      "positives_mean": 4.493863732543377,
      "positives_min": 1,
      "rows_max": 10,
      "rows_mean": 8.987727465086754,
      "rows_min": 2,
      "sampled_max": 0,
      "sampled_mean": 0.0,
      "sampled_min": 0
    }
  },
  "coverage": {
    "failed_fraction": 0.0,
    "failed_rows": 0,
    "requested_rows": 21238,
    "scored_fraction": 1.0,
    "scored_rows": 21238
  },
  "llm_errors": 0,
  "main_metric": "test.macro_by_user_group_mean.f1",
  "max_candidate_groups": null,
  "max_workers": 128,
  "method": "llm_preference_yes_no_litellm_qwen3_8b_full",
  "requested_rows": 21238,
  "scored_rows": 21238,
  "task": "ml-1m_preference_cap10_eval_users1000_cg5_m1_seed2",
  "test": {
    "macro_by_group": {
      "accuracy": 0.5209021018479334,
      "f1": 0.26088154803770547,
      "n": 21238,
      "n_groups": 2363,
      "n_positive": 10619,
      "n_predicted_positive": 4776,
      "precision": 0.32582942049721564,
      "recall": 0.2520806883904641
    },
    "macro_by_user_group_mean": {
      "accuracy": 0.5222132856717308,
      "f1": 0.27355604640122066,
      "n": 21238,
      "n_groups": 2363,
      "n_positive": 10619,
      "n_predicted_positive": 4776,
      "n_users": 746,
      "precision": 0.3225361806176149,
      "recall": 0.27457402442657136
    },
    "micro": {
      "accuracy": 0.5192108484791411,
      "f1": 0.33673270542383893,
      "n": 21238,
      "n_positive": 10619,
      "n_predicted_positive": 4776,
      "precision": 0.542713567839196,
      "recall": 0.24409078067614653
    }
  },
  "test_failure_as_negative": {
    "macro_by_group": {
      "accuracy": 0.5209021018479334,
      "f1": 0.26088154803770547,
      "n": 21238,
      "n_groups": 2363,
      "n_positive": 10619,
      "n_predicted_positive": 4776,
      "precision": 0.32582942049721564,
      "recall": 0.2520806883904641
    },
    "macro_by_user_group_mean": {
      "accuracy": 0.5222132856717308,
      "f1": 0.27355604640122066,
      "n": 21238,
      "n_groups": 2363,
      "n_positive": 10619,
      "n_predicted_positive": 4776,
      "n_users": 746,
      "precision": 0.3225361806176149,
      "recall": 0.27457402442657136
    },
    "micro": {
      "accuracy": 0.5192108484791411,
      "f1": 0.33673270542383893,
      "n": 21238,
      "n_positive": 10619,
      "n_predicted_positive": 4776,
      "precision": 0.542713567839196,
      "recall": 0.24409078067614653
    }
  }
}
