{
  "mean_recall@1": 0.0008519888656428959,
  "mean_ndcg@1": 0.02119205298013245,
  "mean_hit_rate@1": 0.02119205298013245,
  "mean_recall@5": 0.0030810382113106564,
  "mean_ndcg@5": 0.022257834202829414,
  "mean_hit_rate@5": 0.07748344370860927,
  "mean_recall@10": 0.00805302742941843,
  "mean_ndcg@10": 0.025079295869606992,
  "mean_hit_rate@10": 0.1519867549668874,
  "n_users": 6040,
  "n_users_scored": 6040,
  "n_users_with_recs": 6040
}
