{
  "candidate_groups": {
    "test": {
      "groups": 4948,
      "positives_max": 5,
      "positives_mean": 4.9553354890865,
      "positives_min": 1,
      "rows_max": 20,
      "rows_mean": 19.821341956346,
      "rows_min": 4,
      "sampled_max": 15,
      "sampled_mean": 14.8660064672595,
      "sampled_min": 3
    },
    "val": {
      "groups": 2983,
      "positives_max": 5,
      "positives_mean": 4.952732148843446,
      "positives_min": 1,
      "rows_max": 20,
      "rows_mean": 19.810928595373785,
      "rows_min": 4,
      "sampled_max": 15,
      "sampled_mean": 14.85819644653034,
      "sampled_min": 3
    }
  },
  "main_metric": "test.macro_by_user_group_mean.ndcg@5",
  "method": "item_knn_cold_start_ranking",
  "protocol": "ranking",
  "ranking_evaluation": {
    "ks": [
      1,
      3,
      5,
      10
    ],
    "tie_policy": "average"
  },
  "stage_times_seconds": {
    "candidate_group_summary": 0.03,
    "compute_ranking_metrics": 2.129,
    "fit": 0.657,
    "prepare_xy": 0.018,
    "score_test": 0.331,
    "score_val": 0.201,
    "write_predictions": 0.096
  },
  "task": "ml-1m_cold_start_k3_cap20_eval_users1000_cg5_m3_seed0",
  "test": {
    "macro_by_group": {
      "groups_with_score_ties": 4948,
      "groups_with_score_ties_fraction": 1.0,
      "groups_with_size_lte@1": 0,
      "groups_with_size_lte@10": 49,
      "groups_with_size_lte@3": 0,
      "groups_with_size_lte@5": 17,
      "groups_without_positive": 0,
      "hit_rate@1": 0.5233427647534358,
      "hit_rate@10": 0.9901114172361772,
      "hit_rate@3": 0.7530566474919325,
      "hit_rate@5": 0.8809761676299287,
      "n": 98076,
      "n_groups": 4948,
      "n_positive": 24519,
      "ndcg@1": 0.5233427647534358,
      "ndcg@10": 0.492755375632321,
      "ndcg@3": 0.4206402961808798,
      "ndcg@5": 0.37175187783178115,
      "tie_policy": "average"
    },
    "macro_by_user_group_mean": {
      "groups_with_score_ties": 4948,
      "groups_with_score_ties_fraction": 1.0,
      "groups_with_size_lte@1": 0,
      "groups_with_size_lte@10": 49,
      "groups_with_size_lte@3": 0,
      "groups_with_size_lte@5": 17,
      "groups_without_positive": 0,
      "hit_rate@1": 0.5231374999999999,
      "hit_rate@10": 0.9901270183376994,
      "hit_rate@3": 0.7529569279258751,
      "hit_rate@5": 0.8809898527233859,
      "n": 98076,
      "n_groups": 4948,
      "n_positive": 24519,
      "n_users": 1000,
      "ndcg@1": 0.5231374999999999,
      "ndcg@10": 0.4929768490077338,
      "ndcg@3": 0.4205653796292513,
      "ndcg@5": 0.37191768290708666,
      "tie_policy": "average"
    }
  },
  "val": {
    "macro_by_group": {
      "groups_with_score_ties": 2983,
      "groups_with_score_ties_fraction": 1.0,
      "groups_with_size_lte@1": 0,
      "groups_with_size_lte@10": 27,
      "groups_with_size_lte@3": 0,
      "groups_with_size_lte@5": 5,
      "groups_without_positive": 0,
      "hit_rate@1": 0.517515923566879,
      "hit_rate@10": 0.990224484978037,
      "hit_rate@3": 0.7545789205589477,
      "hit_rate@5": 0.8817022847788258,
      "n": 59096,
      "n_groups": 2983,
      "n_positive": 14774,
      "ndcg@1": 0.517515923566879,
      "ndcg@10": 0.490071718507371,
      "ndcg@3": 0.4163934149351034,
      "ndcg@5": 0.36801091750861603,
      "tie_policy": "average"
    },
    "macro_by_user_group_mean": {
      "groups_with_score_ties": 2983,
      "groups_with_score_ties_fraction": 1.0,
      "groups_with_size_lte@1": 0,
      "groups_with_size_lte@10": 27,
      "groups_with_size_lte@3": 0,
      "groups_with_size_lte@5": 5,
      "groups_without_positive": 0,
      "hit_rate@1": 0.5165976821192053,
      "hit_rate@10": 0.9902321056247794,
      "hit_rate@3": 0.7541339573975074,
      "hit_rate@5": 0.8815548247903401,
      "n": 59096,
      "n_groups": 2983,
      "n_positive": 14774,
      "n_users": 604,
      "ndcg@1": 0.5165976821192053,
      "ndcg@10": 0.49005198735511196,
      "ndcg@3": 0.41585193657802977,
      "ndcg@5": 0.3678667728201676,
      "tie_policy": "average"
    }
  }
}
