{
  "candidate_groups": {
    "test": {
      "groups": 3386,
      "positives_max": 6,
      "positives_mean": 5.53425871234495,
      "positives_min": 1,
      "rows_max": 18,
      "rows_mean": 16.602776137034848,
      "rows_min": 3,
      "sampled_max": 12,
      "sampled_mean": 11.0685174246899,
      "sampled_min": 2
    },
    "val": {
      "groups": 2503,
      "positives_max": 6,
      "positives_mean": 5.242908509788254,
      "positives_min": 1,
      "rows_max": 18,
      "rows_mean": 15.728725529364763,
      "rows_min": 3,
      "sampled_max": 12,
      "sampled_mean": 10.485817019576508,
      "sampled_min": 2
    }
  },
  "main_metric": "test.macro_by_user_group_mean.ndcg@5",
  "method": "popularity_ranking",
  "protocol": "ranking",
  "ranking_evaluation": {
    "ks": [
      1,
      3,
      5,
      10
    ],
    "tie_policy": "average"
  },
  "stage_times_seconds": {
    "candidate_group_summary": 0.015,
    "compute_ranking_metrics": 0.892,
    "fit": 0.058,
    "prepare_xy": 0.017,
    "score_test": 0.005,
    "score_val": 0.005,
    "write_predictions": 0.045
  },
  "task": "ml-1m_cap20_eval_users1000_cg5_m2_seed1",
  "test": {
    "macro_by_group": {
      "groups_with_score_ties": 1323,
      "groups_with_score_ties_fraction": 0.39072652096869465,
      "groups_with_size_lte@1": 0,
      "groups_with_size_lte@10": 296,
      "groups_with_size_lte@3": 114,
      "groups_with_size_lte@5": 114,
      "groups_without_positive": 0,
      "hit_rate@1": 0.8668044890726521,
      "hit_rate@10": 1.0,
      "hit_rate@3": 0.9915829887773183,
      "hit_rate@5": 0.9994093325457767,
      "n": 56217,
      "n_groups": 3386,
      "n_positive": 18739,
      "ndcg@1": 0.8668044890726521,
      "ndcg@10": 0.8700781844404095,
      "ndcg@3": 0.8209154447412884,
      "ndcg@5": 0.7786948477957671,
      "tie_policy": "average"
    },
    "macro_by_user_group_mean": {
      "groups_with_score_ties": 1323,
      "groups_with_score_ties_fraction": 0.39072652096869465,
      "groups_with_size_lte@1": 0,
      "groups_with_size_lte@10": 296,
      "groups_with_size_lte@3": 114,
      "groups_with_size_lte@5": 114,
      "groups_without_positive": 0,
      "hit_rate@1": 0.8695833333333333,
      "hit_rate@10": 1.0,
      "hit_rate@3": 0.99065,
      "hit_rate@5": 0.9996,
      "n": 56217,
      "n_groups": 3386,
      "n_positive": 18739,
      "n_users": 1000,
      "ndcg@1": 0.8695833333333333,
      "ndcg@10": 0.875174367415387,
      "ndcg@3": 0.824837359197252,
      "ndcg@5": 0.7844407997645501,
      "tie_policy": "average"
    }
  },
  "val": {
    "macro_by_group": {
      "groups_with_score_ties": 955,
      "groups_with_score_ties_fraction": 0.38154214942069514,
      "groups_with_size_lte@1": 0,
      "groups_with_size_lte@10": 383,
      "groups_with_size_lte@3": 98,
      "groups_with_size_lte@5": 98,
      "groups_without_positive": 0,
      "hit_rate@1": 0.8545745105872953,
      "hit_rate@10": 1.0,
      "hit_rate@3": 0.9904115061925689,
      "hit_rate@5": 0.9988014382740711,
      "n": 39369,
      "n_groups": 2503,
      "n_positive": 13123,
      "ndcg@1": 0.8545745105872953,
      "ndcg@10": 0.8660442581618389,
      "ndcg@3": 0.8051679456944524,
      "ndcg@5": 0.7783192733259113,
      "tie_policy": "average"
    },
    "macro_by_user_group_mean": {
      "groups_with_score_ties": 955,
      "groups_with_score_ties_fraction": 0.38154214942069514,
      "groups_with_size_lte@1": 0,
      "groups_with_size_lte@10": 383,
      "groups_with_size_lte@3": 98,
      "groups_with_size_lte@5": 98,
      "groups_without_positive": 0,
      "hit_rate@1": 0.8608583333333334,
      "hit_rate@10": 1.0,
      "hit_rate@3": 0.98895,
      "hit_rate@5": 0.9984166666666666,
      "n": 39369,
      "n_groups": 2503,
      "n_positive": 13123,
      "n_users": 1000,
      "ndcg@1": 0.8608583333333334,
      "ndcg@10": 0.8767152550570749,
      "ndcg@3": 0.8024225643656765,
      "ndcg@5": 0.7914807630506224,
      "tie_policy": "average"
    }
  }
}
