{
  "candidate_groups": {
    "requested": {
      "groups": 1994,
      "positives_max": 1,
      "positives_mean": 1.0,
      "positives_min": 1,
      "rows_max": 10,
      "rows_mean": 10.0,
      "rows_min": 10,
      "sampled_max": 0,
      "sampled_mean": 0.0,
      "sampled_min": 0
    },
    "scored": {
      "groups": 1972,
      "positives_max": 1,
      "positives_mean": 1.0,
      "positives_min": 1,
      "rows_max": 10,
      "rows_mean": 10.0,
      "rows_min": 10,
      "sampled_max": 0,
      "sampled_mean": 0.0,
      "sampled_min": 0
    }
  },
  "coverage": {
    "failed_fraction": 0.011033099297893681,
    "failed_rows": 220,
    "requested_rows": 19940,
    "scored_fraction": 0.9889669007021064,
    "scored_rows": 19720
  },
  "llm_errors": 22,
  "main_metric": "test.macro_by_user_group_mean.f1",
  "max_candidate_groups": null,
  "max_workers": 128,
  "method": "agent4rec_preference_yes_no_litellm_qwen3_8b_traits_taste_gpt4o_mini_no_summary_control_full",
  "requested_rows": 19940,
  "scored_rows": 19720,
  "task": "ml-1m_preference_cap10_eval_users1000_cg5_m9_seed1",
  "test": {
    "macro_by_group": {
      "accuracy": 0.6500000000000001,
      "f1": 0.18740915383917411,
      "n": 19720,
      "n_groups": 1972,
      "n_positive": 1972,
      "n_predicted_positive": 6702,
      "precision": 0.129240518046299,
      "recall": 0.44929006085192696
    },
    "macro_by_user_group_mean": {
      "accuracy": 0.6513391376451078,
      "f1": 0.1873998902792435,
      "n": 19720,
      "n_groups": 1972,
      "n_positive": 1972,
      "n_predicted_positive": 6702,
      "n_users": 402,
      "precision": 0.12947085011450682,
      "recall": 0.447636815920398
    },
    "micro": {
      "accuracy": 0.65,
      "f1": 0.2042886788102375,
      "n": 19720,
      "n_positive": 1972,
      "n_predicted_positive": 6702,
      "precision": 0.13219934347955833,
      "recall": 0.44929006085192696
    }
  },
  "test_failure_as_negative": {
    "macro_by_group": {
      "accuracy": 0.6527582748244735,
      "f1": 0.18534145003553226,
      "n": 19940,
      "n_groups": 1994,
      "n_positive": 1994,
      "n_predicted_positive": 6702,
      "precision": 0.12781459457738295,
      "recall": 0.44433299899699097
    },
    "macro_by_user_group_mean": {
      "accuracy": 0.6541149710504549,
      "f1": 0.18545788440949731,
      "n": 19940,
      "n_groups": 1994,
      "n_positive": 1994,
      "n_predicted_positive": 6702,
      "n_users": 403,
      "precision": 0.12810282011894916,
      "recall": 0.4428866832092639
    },
    "micro": {
      "accuracy": 0.6527582748244735,
      "f1": 0.20377184912603497,
      "n": 19940,
      "n_positive": 1994,
      "n_predicted_positive": 6702,
      "precision": 0.13219934347955833,
      "recall": 0.44433299899699097
    }
  }
}
