{
  "candidate_groups": {
    "requested": {
      "groups": 4641,
      "positives_max": 2,
      "positives_mean": 1.9691876750700281,
      "positives_min": 1,
      "rows_max": 20,
      "rows_mean": 19.69187675070028,
      "rows_min": 10,
      "sampled_max": 18,
      "sampled_mean": 17.722689075630253,
      "sampled_min": 9
    },
    "scored": {
      "groups": 4423,
      "positives_max": 2,
      "positives_mean": 1.9676690029391815,
      "positives_min": 1,
      "rows_max": 20,
      "rows_mean": 19.676690029391814,
      "rows_min": 10,
      "sampled_max": 18,
      "sampled_mean": 17.709021026452636,
      "sampled_min": 9
    }
  },
  "coverage": {
    "failed_fraction": 0.047707626654995075,
    "failed_rows": 4360,
    "requested_rows": 91390,
    "scored_fraction": 0.9522923733450049,
    "scored_rows": 87030
  },
  "llm_errors": 218,
  "main_metric": "test.macro_by_user_group_mean.ndcg@5",
  "max_candidate_groups": null,
  "max_workers": 8,
  "method": "agent4rec_yes_no_vllm_qwen36_27b_traits_full",
  "protocol": "ranking",
  "ranking_evaluation": {
    "ks": [
      1,
      3,
      5,
      10
    ],
    "tie_policy": "average"
  },
  "requested_rows": 91390,
  "scored_rows": 87030,
  "task": "ml-1m_item_stats_cap20_eval_users1000_cg5_m9_seed0",
  "test": {
    "macro_by_group": {
      "groups_with_score_ties": 4423,
      "groups_with_score_ties_fraction": 1.0,
      "groups_with_size_lte@1": 0,
      "groups_with_size_lte@10": 143,
      "groups_with_size_lte@3": 0,
      "groups_with_size_lte@5": 0,
      "groups_without_positive": 0,
      "hit_rate@1": 0.10901679950468157,
      "hit_rate@10": 0.7690109904810153,
      "hit_rate@3": 0.2931792517710643,
      "hit_rate@5": 0.4509762583053916,
      "n": 87030,
      "n_groups": 4423,
      "n_positive": 8703,
      "ndcg@1": 0.1090167995046816,
      "ndcg@10": 0.2935928449949022,
      "ndcg@3": 0.14264180705071183,
      "ndcg@5": 0.19421052073900857,
      "tie_policy": "average"
    },
    "macro_by_user_group_mean": {
      "groups_with_score_ties": 4423,
      "groups_with_score_ties_fraction": 1.0,
      "groups_with_size_lte@1": 0,
      "groups_with_size_lte@10": 143,
      "groups_with_size_lte@3": 0,
      "groups_with_size_lte@5": 0,
      "groups_without_positive": 0,
      "hit_rate@1": 0.10908195282064283,
      "hit_rate@10": 0.7714983726205282,
      "hit_rate@3": 0.2932837150698316,
      "hit_rate@5": 0.451850758533334,
      "n": 87030,
      "n_groups": 4423,
      "n_positive": 8703,
      "n_users": 1000,
      "ndcg@1": 0.10908195282064284,
      "ndcg@10": 0.29463075903536956,
      "ndcg@3": 0.14297015640333627,
      "ndcg@5": 0.19470206358788675,
      "tie_policy": "average"
    }
  },
  "test_failure_as_zero_group": {
    "macro_by_group": {
      "failed_groups": 218,
      "failed_groups_fraction": 0.046972635207929325,
      "failure_policy": "failed_group_zero",
      "groups_with_score_ties": 4423,
      "groups_with_score_ties_fraction": 0.9530273647920706,
      "groups_with_size_lte@1": 0,
      "groups_with_size_lte@10": 143,
      "groups_with_size_lte@3": 0,
      "groups_with_size_lte@5": 0,
      "groups_without_positive": 0,
      "hit_rate@1": 0.10389599315001222,
      "hit_rate@10": 0.7328885177542622,
      "hit_rate@3": 0.27940784972708843,
      "hit_rate@5": 0.4297927150365756,
      "n": 91390,
      "n_groups": 4641,
      "n_positive": 9139,
      "ndcg@1": 0.10389599315001222,
      "ndcg@10": 0.2798020153872985,
      "ndcg@3": 0.13594154548271892,
      "ndcg@5": 0.18508794079479315,
      "scored_groups": 4423,
      "tie_policy": "average"
    },
    "macro_by_user_group_mean": {
      "failed_groups": 218,
      "failed_groups_fraction": 0.046972635207929325,
      "failure_policy": "failed_group_zero",
      "groups_with_score_ties": 4423,
      "groups_with_score_ties_fraction": 0.9530273647920706,
      "groups_with_size_lte@1": 0,
      "groups_with_size_lte@10": 143,
      "groups_with_size_lte@3": 0,
      "groups_with_size_lte@5": 0,
      "groups_without_positive": 0,
      "hit_rate@1": 0.10383459417517465,
      "hit_rate@10": 0.7360827477819738,
      "hit_rate@3": 0.2794663709899778,
      "hit_rate@5": 0.4307263612548442,
      "n": 91390,
      "n_groups": 4641,
      "n_positive": 9139,
      "n_users": 1000,
      "ndcg@1": 0.10383459417517468,
      "ndcg@10": 0.28120122044956586,
      "ndcg@3": 0.1363788895532689,
      "ndcg@5": 0.18580287434572199,
      "scored_groups": 4423,
      "tie_policy": "average"
    }
  }
}
