{
  "candidate_groups": {
    "requested": {
      "groups": 1575,
      "positives_max": 5,
      "positives_mean": 3.732063492063492,
      "positives_min": 1,
      "rows_max": 10,
      "rows_mean": 7.464126984126984,
      "rows_min": 2,
      "sampled_max": 0,
      "sampled_mean": 0.0,
      "sampled_min": 0
    },
    "scored": {
      "groups": 1521,
      "positives_max": 5,
      "positives_mean": 3.712031558185404,
      "positives_min": 1,
      "rows_max": 10,
      "rows_mean": 7.424063116370808,
      "rows_min": 2,
      "sampled_max": 0,
      "sampled_mean": 0.0,
      "sampled_min": 0
    }
  },
  "coverage": {
    "failed_fraction": 0.03946920721333787,
    "failed_rows": 464,
    "requested_rows": 11756,
    "scored_fraction": 0.9605307927866621,
    "scored_rows": 11292
  },
  "llm_errors": 54,
  "main_metric": "test.macro_by_user_group_mean.f1",
  "max_candidate_groups": null,
  "max_workers": 128,
  "method": "llm_preference_yes_no_litellm_qwen3_8b_full",
  "requested_rows": 11756,
  "scored_rows": 11292,
  "task": "steam_preference_cap10_eval_users1000_cg5_m1_seed0",
  "test": {
    "macro_by_group": {
      "accuracy": 0.5132040324348016,
      "f1": 0.06119094580633042,
      "n": 11292,
      "n_groups": 1521,
      "n_positive": 5646,
      "n_predicted_positive": 316,
      "precision": 0.09459785229015998,
      "recall": 0.05376944992329607
    },
    "macro_by_user_group_mean": {
      "accuracy": 0.513767631403859,
      "f1": 0.07131229604283497,
      "n": 11292,
      "n_groups": 1521,
      "n_positive": 5646,
      "n_predicted_positive": 316,
      "n_users": 835,
      "precision": 0.10049567531603458,
      "recall": 0.06525182967398536
    },
    "micro": {
      "accuracy": 0.5111583421891605,
      "f1": 0.07413619590741362,
      "n": 11292,
      "n_positive": 5646,
      "n_predicted_positive": 316,
      "precision": 0.6993670886075949,
      "recall": 0.03914275593340418
    }
  },
  "test_failure_as_negative": {
    "macro_by_group": {
      "accuracy": 0.5127513227513227,
      "f1": 0.05909297052154196,
      "n": 11756,
      "n_groups": 1575,
      "n_positive": 5878,
      "n_predicted_positive": 316,
      "precision": 0.09135449735449735,
      "recall": 0.051925925925925924
    },
    "macro_by_user_group_mean": {
      "accuracy": 0.5133675238843084,
      "f1": 0.06946469858719564,
      "n": 11756,
      "n_groups": 1575,
      "n_positive": 5878,
      "n_predicted_positive": 316,
      "n_users": 849,
      "precision": 0.09773917026567203,
      "recall": 0.06366280591545609
    },
    "micro": {
      "accuracy": 0.5107179312691391,
      "f1": 0.07135938004520503,
      "n": 11756,
      "n_positive": 5878,
      "n_predicted_positive": 316,
      "precision": 0.6993670886075949,
      "recall": 0.03759782238856754
    }
  }
}
