{
  "candidate_groups": {
    "requested": {
      "groups": 4538,
      "positives_max": 2,
      "positives_mean": 1.985235786690172,
      "positives_min": 1,
      "rows_max": 20,
      "rows_mean": 19.85235786690172,
      "rows_min": 10,
      "sampled_max": 18,
      "sampled_mean": 17.867122080211548,
      "sampled_min": 9
    },
    "scored": {
      "groups": 4534,
      "positives_max": 2,
      "positives_mean": 1.9852227613586237,
      "positives_min": 1,
      "rows_max": 20,
      "rows_mean": 19.852227613586237,
      "rows_min": 10,
      "sampled_max": 18,
      "sampled_mean": 17.867004852227613,
      "sampled_min": 9
    }
  },
  "llm_errors": 4,
  "main_metric": "test.macro_by_user_group_mean.ndcg@5",
  "max_candidate_groups": null,
  "max_workers": 64,
  "method": "agent4rec_yes_no_vllm_qwen36_27b_traits_taste_gpt4o_mini_full",
  "protocol": "ranking",
  "ranking_evaluation": {
    "ks": [
      1,
      3,
      5,
      10
    ],
    "tie_policy": "average"
  },
  "requested_rows": 90090,
  "scored_rows": 90010,
  "task": "ml-1m_cold_start_k1_cap20_eval_users1000_cg5_m9_seed2",
  "test": {
    "macro_by_group": {
      "groups_with_score_ties": 4534,
      "groups_with_score_ties_fraction": 1.0,
      "groups_with_size_lte@1": 0,
      "groups_with_size_lte@10": 67,
      "groups_with_size_lte@3": 0,
      "groups_with_size_lte@5": 0,
      "groups_without_positive": 0,
      "hit_rate@1": 0.14176349939579705,
      "hit_rate@10": 0.8080196586603631,
      "hit_rate@3": 0.3709366589836698,
      "hit_rate@5": 0.5400370547230068,
      "n": 90010,
      "n_groups": 4534,
      "n_positive": 9001,
      "ndcg@1": 0.14176349939579702,
      "ndcg@10": 0.35171979343963133,
      "ndcg@3": 0.18487395678580662,
      "ndcg@5": 0.24979409110003575,
      "tie_policy": "average"
    },
    "macro_by_user_group_mean": {
      "groups_with_score_ties": 4534,
      "groups_with_score_ties_fraction": 1.0,
      "groups_with_size_lte@1": 0,
      "groups_with_size_lte@10": 67,
      "groups_with_size_lte@3": 0,
      "groups_with_size_lte@5": 0,
      "groups_without_positive": 0,
      "hit_rate@1": 0.14071167512016525,
      "hit_rate@10": 0.8110395795082626,
      "hit_rate@3": 0.36865875206938553,
      "hit_rate@5": 0.5369285519901738,
      "n": 90010,
      "n_groups": 4534,
      "n_positive": 9001,
      "n_users": 962,
      "ndcg@1": 0.14071167512016525,
      "ndcg@10": 0.35324237483032267,
      "ndcg@3": 0.18535212741502943,
      "ndcg@5": 0.250062030246769,
      "tie_policy": "average"
    }
  }
}
