{
  "candidate_groups": {
    "requested": {
      "groups": 2763,
      "positives_max": 10,
      "positives_mean": 8.776692001447701,
      "positives_min": 1,
      "rows_max": 20,
      "rows_mean": 17.553384002895402,
      "rows_min": 2,
      "sampled_max": 10,
      "sampled_mean": 8.776692001447701,
      "sampled_min": 1
    },
    "scored": {
      "groups": 2758,
      "positives_max": 10,
      "positives_mean": 8.776287164612038,
      "positives_min": 1,
      "rows_max": 20,
      "rows_mean": 17.552574329224075,
      "rows_min": 2,
      "sampled_max": 10,
      "sampled_mean": 8.776287164612038,
      "sampled_min": 1
    }
  },
  "coverage": {
    "failed_fraction": 0.0018556701030927835,
    "failed_rows": 90,
    "requested_rows": 48500,
    "scored_fraction": 0.9981443298969073,
    "scored_rows": 48410
  },
  "llm_errors": 5,
  "main_metric": "test.macro_by_user_group_mean.ndcg@5",
  "max_candidate_groups": null,
  "max_workers": 32,
  "method": "agent4rec_yes_no_vllm_qwen3_8b_taste_gpt4o_mini_full",
  "protocol": "ranking",
  "ranking_evaluation": {
    "ks": [
      1,
      3,
      5,
      10
    ],
    "tie_policy": "average"
  },
  "requested_rows": 48500,
  "scored_rows": 48410,
  "task": "ml-1m_item_stats_cap20_eval_users1000_cg5_m1_seed2",
  "test": {
    "macro_by_group": {
      "groups_with_score_ties": 2729,
      "groups_with_score_ties_fraction": 0.9894851341551849,
      "groups_with_size_lte@1": 0,
      "groups_with_size_lte@10": 372,
      "groups_with_size_lte@3": 65,
      "groups_with_size_lte@5": 117,
      "groups_without_positive": 0,
      "hit_rate@1": 0.7170494199892634,
      "hit_rate@10": 0.9999994775418705,
      "hit_rate@3": 0.9732356258470973,
      "hit_rate@5": 0.997077889829247,
      "n": 48410,
      "n_groups": 2758,
      "n_positive": 24205,
      "ndcg@1": 0.7170494199892634,
      "ndcg@10": 0.6840467251955856,
      "ndcg@3": 0.7132288600736977,
      "ndcg@5": 0.7053548742945599,
      "tie_policy": "average"
    },
    "macro_by_user_group_mean": {
      "groups_with_score_ties": 2729,
      "groups_with_score_ties_fraction": 0.9894851341551849,
      "groups_with_size_lte@1": 0,
      "groups_with_size_lte@10": 372,
      "groups_with_size_lte@3": 65,
      "groups_with_size_lte@5": 117,
      "groups_without_positive": 0,
      "hit_rate@1": 0.728488999265143,
      "hit_rate@10": 0.9999996631632911,
      "hit_rate@3": 0.9763966206328034,
      "hit_rate@5": 0.99777391458678,
      "n": 48410,
      "n_groups": 2758,
      "n_positive": 24205,
      "n_users": 999,
      "ndcg@1": 0.728488999265143,
      "ndcg@10": 0.7170992393372434,
      "ndcg@3": 0.7232945455148323,
      "ndcg@5": 0.7135834360715448,
      "tie_policy": "average"
    }
  },
  "test_failure_as_zero_group": {
    "macro_by_group": {
      "failed_groups": 5,
      "failed_groups_fraction": 0.0018096272167933405,
      "failure_policy": "failed_group_zero",
      "groups_with_score_ties": 2729,
      "groups_with_score_ties_fraction": 0.9876945349258053,
      "groups_with_size_lte@1": 0,
      "groups_with_size_lte@10": 373,
      "groups_with_size_lte@3": 65,
      "groups_with_size_lte@5": 117,
      "groups_without_positive": 0,
      "hit_rate@1": 0.715751827843065,
      "hit_rate@10": 0.9981898512705314,
      "hit_rate@3": 0.9714744321702115,
      "hit_rate@5": 0.9952735505425492,
      "n": 48500,
      "n_groups": 2763,
      "n_positive": 24250,
      "ndcg@1": 0.715751827843065,
      "ndcg@10": 0.6828088556241133,
      "ndcg@3": 0.7119381817167058,
      "ndcg@5": 0.7040784449165386,
      "scored_groups": 2758,
      "tie_policy": "average"
    },
    "macro_by_user_group_mean": {
      "failed_groups": 5,
      "failed_groups_fraction": 0.0018096272167933405,
      "failure_policy": "failed_group_zero",
      "groups_with_score_ties": 2729,
      "groups_with_score_ties_fraction": 0.9876945349258053,
      "groups_with_size_lte@1": 0,
      "groups_with_size_lte@10": 373,
      "groups_with_size_lte@3": 65,
      "groups_with_size_lte@5": 117,
      "groups_without_positive": 0,
      "hit_rate@1": 0.7266610658214334,
      "hit_rate@10": 0.9976329982768063,
      "hit_rate@3": 0.9740892032785183,
      "hit_rate@5": 0.9954140188085621,
      "n": 48500,
      "n_groups": 2763,
      "n_positive": 24250,
      "n_users": 1000,
      "ndcg@1": 0.7266610658214334,
      "ndcg@10": 0.7153896964898172,
      "ndcg@3": 0.7214718065248731,
      "ndcg@5": 0.7117895271926528,
      "scored_groups": 2758,
      "tie_policy": "average"
    }
  }
}
