{
  "candidate_groups": {
    "requested": {
      "groups": 34520,
      "positives_max": 1,
      "positives_mean": 1.0,
      "positives_min": 1,
      "rows_max": 20,
      "rows_mean": 20.0,
      "rows_min": 20,
      "sampled_max": 19,
      "sampled_mean": 19.0,
      "sampled_min": 19
    },
    "scored": {
      "groups": 448,
      "positives_max": 1,
      "positives_mean": 1.0,
      "positives_min": 1,
      "rows_max": 20,
      "rows_mean": 20.0,
      "rows_min": 20,
      "sampled_max": 19,
      "sampled_mean": 19.0,
      "sampled_min": 19
    }
  },
  "llm_errors": 3,
  "main_metric": "test.macro_by_user_group_mean.f1",
  "max_candidate_groups": null,
  "max_workers": 64,
  "method": "llm_yes_no_vllm_llama33_70b_full",
  "requested_rows": 690400,
  "scored_rows": 8960,
  "task": "ml-1m_interaction_cap20_eval_users1000_m19_seed0",
  "test": {
    "macro_by_group": {
      "accuracy": 0.4428571428571429,
      "f1": 0.15469179925604765,
      "n": 8960,
      "n_groups": 448,
      "n_positive": 448,
      "n_predicted_positive": 5334,
      "precision": 0.08650003948449395,
      "recall": 0.8816964285714286
    },
    "macro_by_user_group_mean": {
      "accuracy": 0.4770311560350129,
      "f1": 0.17426312276005954,
      "n": 8960,
      "n_groups": 448,
      "n_positive": 448,
      "n_predicted_positive": 5334,
      "n_users": 17,
      "precision": 0.09958510038278873,
      "recall": 0.9108001569101462
    },
    "micro": {
      "accuracy": 0.44285714285714284,
      "f1": 0.136630923555863,
      "n": 8960,
      "n_positive": 448,
      "n_predicted_positive": 5334,
      "precision": 0.07405324334458192,
      "recall": 0.8816964285714286
    }
  }
}
