{
  "candidate_groups": {
    "test": {
      "groups": 9217,
      "positives_max": 2,
      "positives_mean": 1.9427145492025606,
      "positives_min": 1,
      "rows_max": 20,
      "rows_mean": 19.427145492025605,
      "rows_min": 10,
      "sampled_max": 18,
      "sampled_mean": 17.484430942823046,
      "sampled_min": 9
    },
    "val": {
      "groups": 4894,
      "positives_max": 2,
      "positives_mean": 1.9027380465876584,
      "positives_min": 1,
      "rows_max": 20,
      "rows_mean": 19.027380465876583,
      "rows_min": 10,
      "sampled_max": 18,
      "sampled_mean": 17.124642419288925,
      "sampled_min": 9
    }
  },
  "main_metric": "test.macro_by_user_group_mean.ndcg@5",
  "method": "popularity_ranking",
  "protocol": "ranking",
  "ranking_evaluation": {
    "ks": [
      1,
      3,
      5,
      10
    ],
    "tie_policy": "average"
  },
  "stage_times_seconds": {
    "candidate_group_summary": 0.079,
    "compute_ranking_metrics": 6.612,
    "fit": 0.658,
    "prepare_xy": 0.302,
    "score_test": 0.029,
    "score_val": 0.018,
    "write_predictions": 0.412
  },
  "task": "steam_interaction_cap20_eval_users1000_m9_seed2",
  "test": {
    "macro_by_group": {
      "groups_with_score_ties": 7791,
      "groups_with_score_ties_fraction": 0.8452858847781274,
      "groups_with_size_lte@1": 0,
      "groups_with_size_lte@10": 528,
      "groups_with_size_lte@3": 0,
      "groups_with_size_lte@5": 0,
      "groups_without_positive": 0,
      "hit_rate@1": 0.769718997504611,
      "hit_rate@10": 0.9990777910382987,
      "hit_rate@3": 0.9488445264185744,
      "hit_rate@5": 0.9836172290333081,
      "n": 179060,
      "n_groups": 9217,
      "n_positive": 17906,
      "ndcg@1": 0.769718997504611,
      "ndcg@10": 0.8576881128683553,
      "ndcg@3": 0.7726520190944446,
      "ndcg@5": 0.8267453412028742,
      "tie_policy": "average"
    },
    "macro_by_user_group_mean": {
      "groups_with_score_ties": 7791,
      "groups_with_score_ties_fraction": 0.8452858847781274,
      "groups_with_size_lte@1": 0,
      "groups_with_size_lte@10": 528,
      "groups_with_size_lte@3": 0,
      "groups_with_size_lte@5": 0,
      "groups_without_positive": 0,
      "hit_rate@1": 0.8366200546256554,
      "hit_rate@10": 0.999838436702906,
      "hit_rate@3": 0.9765611310228847,
      "hit_rate@5": 0.9943882129671754,
      "n": 179060,
      "n_groups": 9217,
      "n_positive": 17906,
      "n_users": 1000,
      "ndcg@1": 0.8366200546256554,
      "ndcg@10": 0.8984567270536205,
      "ndcg@3": 0.8374238102072756,
      "ndcg@5": 0.8797771815509182,
      "tie_policy": "average"
    }
  },
  "val": {
    "macro_by_group": {
      "groups_with_score_ties": 4018,
      "groups_with_score_ties_fraction": 0.8210053126277074,
      "groups_with_size_lte@1": 0,
      "groups_with_size_lte@10": 476,
      "groups_with_size_lte@3": 0,
      "groups_with_size_lte@5": 0,
      "groups_without_positive": 0,
      "hit_rate@1": 0.7710461789946874,
      "hit_rate@10": 0.9993870044953004,
      "hit_rate@3": 0.9535145075602779,
      "hit_rate@5": 0.9875357580711075,
      "n": 93120,
      "n_groups": 4894,
      "n_positive": 9312,
      "ndcg@1": 0.7710461789946874,
      "ndcg@10": 0.8621343623853588,
      "ndcg@3": 0.779685425249905,
      "ndcg@5": 0.8346992851205957,
      "tie_policy": "average"
    },
    "macro_by_user_group_mean": {
      "groups_with_score_ties": 4018,
      "groups_with_score_ties_fraction": 0.8210053126277074,
      "groups_with_size_lte@1": 0,
      "groups_with_size_lte@10": 476,
      "groups_with_size_lte@3": 0,
      "groups_with_size_lte@5": 0,
      "groups_without_positive": 0,
      "hit_rate@1": 0.8473277726215693,
      "hit_rate@10": 0.99992738336714,
      "hit_rate@3": 0.9779137391387944,
      "hit_rate@5": 0.9940339104965263,
      "n": 93120,
      "n_groups": 4894,
      "n_positive": 9312,
      "n_users": 1000,
      "ndcg@1": 0.8473277726215693,
      "ndcg@10": 0.9034919375879584,
      "ndcg@3": 0.8452608660407869,
      "ndcg@5": 0.8852450527654251,
      "tie_policy": "average"
    }
  }
}
