{
  "candidate_groups": {
    "test": {
      "groups": 5000,
      "positives_max": 1,
      "positives_mean": 1.0,
      "positives_min": 1,
      "rows_max": 20,
      "rows_mean": 20.0,
      "rows_min": 20,
      "sampled_max": 19,
      "sampled_mean": 19.0,
      "sampled_min": 19
    },
    "val": {
      "groups": 3020,
      "positives_max": 1,
      "positives_mean": 1.0,
      "positives_min": 1,
      "rows_max": 20,
      "rows_mean": 20.0,
      "rows_min": 20,
      "sampled_max": 19,
      "sampled_mean": 19.0,
      "sampled_min": 19
    }
  },
  "main_metric": "test.macro_by_user_group_mean.f1",
  "method": "popularity_f1_threshold",
  "stage_times_seconds": {
    "apply_threshold": 0.0,
    "candidate_group_summary": 0.029,
    "compute_metrics": 0.196,
    "fit": 0.084,
    "prepare_xy": 0.018,
    "score_test": 0.016,
    "score_val": 0.011,
    "select_threshold": 0.119,
    "write_predictions": 0.099
  },
  "task": "ml-1m_cold_start_k3_cap20_eval_users1000_cg5_m19_seed0",
  "test": {
    "macro_by_group": {
      "accuracy": 0.9129299999999999,
      "f1": 0.3588238095238095,
      "n": 100000,
      "n_groups": 5000,
      "n_positive": 5000,
      "n_predicted_positive": 9035,
      "precision": 0.29450714285714286,
      "recall": 0.5328
    },
    "macro_by_user_group_mean": {
      "accuracy": 0.91293,
      "f1": 0.35882380952380954,
      "n": 100000,
      "n_groups": 5000,
      "n_positive": 5000,
      "n_predicted_positive": 9035,
      "n_users": 1000,
      "precision": 0.29450714285714286,
      "recall": 0.5327999999999999
    },
    "micro": {
      "accuracy": 0.91293,
      "f1": 0.379622372639829,
      "n": 100000,
      "n_positive": 5000,
      "n_predicted_positive": 9035,
      "precision": 0.29485334809075814,
      "recall": 0.5328
    }
  },
  "threshold": 559.0,
  "threshold_metric": "macro_by_user_group_mean_f1",
  "val": {
    "macro_by_group": {
      "accuracy": 0.9146688741721855,
      "f1": 0.37446467991169974,
      "n": 60400,
      "n_groups": 3020,
      "n_positive": 3020,
      "n_predicted_positive": 5444,
      "precision": 0.31070850415221274,
      "recall": 0.5480132450331126
    },
    "macro_by_user_group_mean": {
      "accuracy": 0.9146688741721855,
      "f1": 0.37446467991169974,
      "n": 60400,
      "n_groups": 3020,
      "n_positive": 3020,
      "n_predicted_positive": 5444,
      "n_users": 604,
      "precision": 0.31070850415221274,
      "recall": 0.5480132450331126
    },
    "micro": {
      "accuracy": 0.9146688741721855,
      "f1": 0.3910680529300567,
      "n": 60400,
      "n_positive": 3020,
      "n_predicted_positive": 5444,
      "precision": 0.30400440852314475,
      "recall": 0.5480132450331126
    }
  }
}
