{
  "candidate_groups": {
    "requested": {
      "groups": 2967,
      "positives_max": 6,
      "positives_mean": 5.903606336366701,
      "positives_min": 1,
      "rows_max": 18,
      "rows_mean": 17.710819009100103,
      "rows_min": 3,
      "sampled_max": 12,
      "sampled_mean": 11.807212672733401,
      "sampled_min": 2
    },
    "scored": {
      "groups": 2966,
      "positives_max": 6,
      "positives_mean": 5.903573836817262,
      "positives_min": 1,
      "rows_max": 18,
      "rows_mean": 17.710721510451787,
      "rows_min": 3,
      "sampled_max": 12,
      "sampled_mean": 11.807147673634525,
      "sampled_min": 2
    }
  },
  "llm_errors": 1,
  "main_metric": "test.macro_by_user_group_mean.ndcg@5",
  "max_candidate_groups": null,
  "max_workers": 128,
  "method": "agent4rec_yes_no_vllm_qwen36_27b_traits_taste_gpt4o_mini_full",
  "protocol": "ranking",
  "ranking_evaluation": {
    "ks": [
      1,
      3,
      5,
      10
    ],
    "tie_policy": "average"
  },
  "requested_rows": 52548,
  "scored_rows": 52530,
  "task": "ml-1m_cold_start_k5_cap20_eval_users1000_cg5_m2_seed2",
  "test": {
    "macro_by_group": {
      "groups_with_score_ties": 2966,
      "groups_with_score_ties_fraction": 1.0,
      "groups_with_size_lte@1": 0,
      "groups_with_size_lte@10": 62,
      "groups_with_size_lte@3": 22,
      "groups_with_size_lte@5": 22,
      "groups_without_positive": 0,
      "hit_rate@1": 0.40429179245097896,
      "hit_rate@10": 0.9940153768527297,
      "hit_rate@3": 0.7687678564510603,
      "hit_rate@5": 0.8981551496797818,
      "n": 52530,
      "n_groups": 2966,
      "n_positive": 17510,
      "ndcg@1": 0.40429179245097896,
      "ndcg@10": 0.5428404072547659,
      "ndcg@3": 0.4075635039329673,
      "ndcg@5": 0.40926685072208435,
      "tie_policy": "average"
    },
    "macro_by_user_group_mean": {
      "groups_with_score_ties": 2966,
      "groups_with_score_ties_fraction": 1.0,
      "groups_with_size_lte@1": 0,
      "groups_with_size_lte@10": 62,
      "groups_with_size_lte@3": 22,
      "groups_with_size_lte@5": 22,
      "groups_without_positive": 0,
      "hit_rate@1": 0.4030165123759361,
      "hit_rate@10": 0.9940056002958011,
      "hit_rate@3": 0.771797960352111,
      "hit_rate@5": 0.8994284179855465,
      "n": 52530,
      "n_groups": 2966,
      "n_positive": 17510,
      "n_users": 642,
      "ndcg@1": 0.403016512375936,
      "ndcg@10": 0.5467501250771545,
      "ndcg@3": 0.411104964448823,
      "ndcg@5": 0.4148351647988086,
      "tie_policy": "average"
    }
  }
}
