{
  "candidate_groups": {
    "requested": {
      "groups": 3015,
      "positives_max": 6,
      "positives_mean": 5.886898839137645,
      "positives_min": 1,
      "rows_max": 18,
      "rows_mean": 17.660696517412934,
      "rows_min": 3,
      "sampled_max": 12,
      "sampled_mean": 11.77379767827529,
      "sampled_min": 2
    },
    "scored": {
      "groups": 3011,
      "positives_max": 6,
      "positives_mean": 5.886748588508801,
      "positives_min": 1,
      "rows_max": 18,
      "rows_mean": 17.660245765526405,
      "rows_min": 3,
      "sampled_max": 12,
      "sampled_mean": 11.773497177017601,
      "sampled_min": 2
    }
  },
  "llm_errors": 4,
  "main_metric": "test.macro_by_user_group_mean.ndcg@5",
  "max_candidate_groups": null,
  "max_workers": 128,
  "method": "agent4rec_yes_no_vllm_qwen36_27b_traits_taste_gpt4o_mini_full",
  "protocol": "ranking",
  "ranking_evaluation": {
    "ks": [
      1,
      3,
      5,
      10
    ],
    "tie_policy": "average"
  },
  "requested_rows": 53247,
  "scored_rows": 53175,
  "task": "ml-1m_cold_start_k3_cap20_eval_users1000_cg5_m2_seed2",
  "test": {
    "macro_by_group": {
      "groups_with_score_ties": 3011,
      "groups_with_score_ties_fraction": 1.0,
      "groups_with_size_lte@1": 0,
      "groups_with_size_lte@10": 70,
      "groups_with_size_lte@3": 21,
      "groups_with_size_lte@5": 21,
      "groups_without_positive": 0,
      "hit_rate@1": 0.4051575245962981,
      "hit_rate@10": 0.993108708809961,
      "hit_rate@3": 0.7649377414056433,
      "hit_rate@5": 0.8973297065092833,
      "n": 53175,
      "n_groups": 3011,
      "n_positive": 17725,
      "ndcg@1": 0.40515752459629806,
      "ndcg@10": 0.5374987501898258,
      "ndcg@3": 0.40824572903374007,
      "ndcg@5": 0.4086025012020027,
      "tie_policy": "average"
    },
    "macro_by_user_group_mean": {
      "groups_with_score_ties": 3011,
      "groups_with_score_ties_fraction": 1.0,
      "groups_with_size_lte@1": 0,
      "groups_with_size_lte@10": 70,
      "groups_with_size_lte@3": 21,
      "groups_with_size_lte@5": 21,
      "groups_without_positive": 0,
      "hit_rate@1": 0.4036568734116619,
      "hit_rate@10": 0.9935067697094522,
      "hit_rate@3": 0.7670714267425869,
      "hit_rate@5": 0.8998571182660235,
      "n": 53175,
      "n_groups": 3011,
      "n_positive": 17725,
      "n_users": 648,
      "ndcg@1": 0.4036568734116619,
      "ndcg@10": 0.5421680812637554,
      "ndcg@3": 0.40988584509697107,
      "ndcg@5": 0.4129661774620825,
      "tie_policy": "average"
    }
  }
}
