{
  "candidate_groups": {
    "requested": {
      "groups": 2733,
      "positives_max": 10,
      "positives_mean": 8.729967069154775,
      "positives_min": 1,
      "rows_max": 20,
      "rows_mean": 17.45993413830955,
      "rows_min": 2,
      "sampled_max": 10,
      "sampled_mean": 8.729967069154775,
      "sampled_min": 1
    },
    "scored": {
      "groups": 2135,
      "positives_max": 10,
      "positives_mean": 8.531147540983607,
      "positives_min": 1,
      "rows_max": 20,
      "rows_mean": 17.062295081967214,
      "rows_min": 2,
      "sampled_max": 10,
      "sampled_mean": 8.531147540983607,
      "sampled_min": 1
    }
  },
  "coverage": {
    "failed_fraction": 0.23659834863154366,
    "failed_rows": 11290,
    "requested_rows": 47718,
    "scored_fraction": 0.7634016513684564,
    "scored_rows": 36428
  },
  "llm_errors": 598,
  "main_metric": "test.macro_by_user_group_mean.ndcg@5",
  "max_candidate_groups": null,
  "max_workers": 64,
  "method": "agent4rec_yes_no_litellm_qwen3_8b_traits_taste_gpt4o_mini_candidate_summary_full",
  "protocol": "ranking",
  "ranking_evaluation": {
    "ks": [
      1,
      3,
      5,
      10
    ],
    "tie_policy": "average"
  },
  "requested_rows": 47718,
  "scored_rows": 36428,
  "task": "ml-1m_item_stats_cap20_eval_users1000_cg5_m1_seed1",
  "test": {
    "macro_by_group": {
      "groups_with_score_ties": 2095,
      "groups_with_score_ties_fraction": 0.9812646370023419,
      "groups_with_size_lte@1": 0,
      "groups_with_size_lte@10": 353,
      "groups_with_size_lte@3": 66,
      "groups_with_size_lte@5": 127,
      "groups_without_positive": 0,
      "hit_rate@1": 0.6765405264036183,
      "hit_rate@10": 0.9999979439535416,
      "hit_rate@3": 0.9650595398785486,
      "hit_rate@5": 0.9961911892576004,
      "n": 36428,
      "n_groups": 2135,
      "n_positive": 18214,
      "ndcg@1": 0.6765405264036183,
      "ndcg@10": 0.6676562631906202,
      "ndcg@3": 0.6746787217125625,
      "ndcg@5": 0.6720484492650552,
      "tie_policy": "average"
    },
    "macro_by_user_group_mean": {
      "groups_with_score_ties": 2095,
      "groups_with_score_ties_fraction": 0.9812646370023419,
      "groups_with_size_lte@1": 0,
      "groups_with_size_lte@10": 353,
      "groups_with_size_lte@3": 66,
      "groups_with_size_lte@5": 127,
      "groups_without_positive": 0,
      "hit_rate@1": 0.6952428810067072,
      "hit_rate@10": 0.9999986535134985,
      "hit_rate@3": 0.9688414473107871,
      "hit_rate@5": 0.996892577566797,
      "n": 36428,
      "n_groups": 2135,
      "n_positive": 18214,
      "n_users": 907,
      "ndcg@1": 0.6952428810067071,
      "ndcg@10": 0.7022845678752053,
      "ndcg@3": 0.6909777359523215,
      "ndcg@5": 0.6866552794213454,
      "tie_policy": "average"
    }
  },
  "test_failure_as_zero_group": {
    "macro_by_group": {
      "failed_groups": 598,
      "failed_groups_fraction": 0.21880717160629345,
      "failure_policy": "failed_group_zero",
      "groups_with_score_ties": 2095,
      "groups_with_score_ties_fraction": 0.7665568971825832,
      "groups_with_size_lte@1": 0,
      "groups_with_size_lte@10": 378,
      "groups_with_size_lte@3": 67,
      "groups_with_size_lte@5": 129,
      "groups_without_positive": 0,
      "hit_rate@1": 0.5285086073442097,
      "hit_rate@10": 0.7811912222249584,
      "hit_rate@3": 0.7538975915260524,
      "hit_rate@5": 0.778217412757035,
      "n": 47718,
      "n_groups": 2733,
      "n_positive": 23859,
      "ndcg@1": 0.5285086073442097,
      "ndcg@10": 0.5215682846366536,
      "ndcg@3": 0.5270541788716872,
      "ndcg@5": 0.5249994288989729,
      "scored_groups": 2135,
      "tie_policy": "average"
    },
    "macro_by_user_group_mean": {
      "failed_groups": 598,
      "failed_groups_fraction": 0.21880717160629345,
      "failure_policy": "failed_group_zero",
      "groups_with_score_ties": 2095,
      "groups_with_score_ties_fraction": 0.7665568971825832,
      "groups_with_size_lte@1": 0,
      "groups_with_size_lte@10": 378,
      "groups_with_size_lte@3": 67,
      "groups_with_size_lte@5": 129,
      "groups_without_positive": 0,
      "hit_rate@1": 0.5330273206751109,
      "hit_rate@10": 0.7701821417187903,
      "hit_rate@3": 0.7451671863752863,
      "hit_rate@5": 0.7675818060078897,
      "n": 47718,
      "n_groups": 2733,
      "n_positive": 23859,
      "n_users": 1000,
      "ndcg@1": 0.5330273206751109,
      "ndcg@10": 0.5394933602257156,
      "ndcg@3": 0.5293459550573661,
      "ndcg@5": 0.5245556261130356,
      "scored_groups": 2135,
      "tie_policy": "average"
    }
  }
}
