{
  "candidate_groups": {
    "requested": {
      "groups": 4629,
      "positives_max": 2,
      "positives_mean": 1.966947504860661,
      "positives_min": 1,
      "rows_max": 20,
      "rows_mean": 19.66947504860661,
      "rows_min": 10,
      "sampled_max": 18,
      "sampled_mean": 17.702527543745948,
      "sampled_min": 9
    },
    "scored": {
      "groups": 4596,
      "positives_max": 2,
      "positives_mean": 1.9669277632724107,
      "positives_min": 1,
      "rows_max": 20,
      "rows_mean": 19.669277632724107,
      "rows_min": 10,
      "sampled_max": 18,
      "sampled_mean": 17.702349869451698,
      "sampled_min": 9
    }
  },
  "coverage": {
    "failed_fraction": 0.007138934651290499,
    "failed_rows": 650,
    "requested_rows": 91050,
    "scored_fraction": 0.9928610653487095,
    "scored_rows": 90400
  },
  "llm_errors": 33,
  "main_metric": "test.macro_by_user_group_mean.f1",
  "max_candidate_groups": null,
  "max_workers": 32,
  "method": "agent4rec_yes_no_litellm_qwen36_27b_traits_taste_gpt4o_mini_no_summary_control_full",
  "requested_rows": 91050,
  "scored_rows": 90400,
  "task": "ml-1m_item_stats_cap20_eval_users1000_cg5_m9_seed1",
  "test": {
    "macro_by_group": {
      "accuracy": 0.735248041775457,
      "f1": 0.30345461426556986,
      "n": 90400,
      "n_groups": 4596,
      "n_positive": 9040,
      "n_predicted_positive": 25114,
      "precision": 0.23448375356161472,
      "recall": 0.557006092254134
    },
    "macro_by_user_group_mean": {
      "accuracy": 0.7407450000000001,
      "f1": 0.3027984776251727,
      "n": 90400,
      "n_groups": 4596,
      "n_positive": 9040,
      "n_predicted_positive": 25114,
      "n_users": 1000,
      "precision": 0.23506459400721394,
      "recall": 0.548875
    },
    "micro": {
      "accuracy": 0.7340486725663716,
      "f1": 0.2960707384200972,
      "n": 90400,
      "n_positive": 9040,
      "n_predicted_positive": 25114,
      "precision": 0.201321971808553,
      "recall": 0.5592920353982301
    }
  },
  "test_failure_as_negative": {
    "macro_by_group": {
      "accuracy": 0.7364225534672716,
      "f1": 0.30129129556374135,
      "n": 91050,
      "n_groups": 4629,
      "n_positive": 9105,
      "n_predicted_positive": 25114,
      "precision": 0.23281212602488255,
      "recall": 0.5530352127889393
    },
    "macro_by_user_group_mean": {
      "accuracy": 0.7419208333333334,
      "f1": 0.300584590597168,
      "n": 91050,
      "n_groups": 4629,
      "n_positive": 9105,
      "n_predicted_positive": 25114,
      "n_users": 1000,
      "precision": 0.2334146686547886,
      "recall": 0.5447
    },
    "micro": {
      "accuracy": 0.7352333882482153,
      "f1": 0.2955083433180397,
      "n": 91050,
      "n_positive": 9105,
      "n_predicted_positive": 25114,
      "precision": 0.201321971808553,
      "recall": 0.5552992861065349
    }
  }
}
