{
  "candidate_groups": {
    "requested": {
      "groups": 4629,
      "positives_max": 2,
      "positives_mean": 1.966947504860661,
      "positives_min": 1,
      "rows_max": 20,
      "rows_mean": 19.66947504860661,
      "rows_min": 10,
      "sampled_max": 18,
      "sampled_mean": 17.702527543745948,
      "sampled_min": 9
    },
    "scored": {
      "groups": 4596,
      "positives_max": 2,
      "positives_mean": 1.9669277632724107,
      "positives_min": 1,
      "rows_max": 20,
      "rows_mean": 19.669277632724107,
      "rows_min": 10,
      "sampled_max": 18,
      "sampled_mean": 17.702349869451698,
      "sampled_min": 9
    }
  },
  "coverage": {
    "failed_fraction": 0.007138934651290499,
    "failed_rows": 650,
    "requested_rows": 91050,
    "scored_fraction": 0.9928610653487095,
    "scored_rows": 90400
  },
  "llm_errors": 33,
  "main_metric": "test.macro_by_user_group_mean.ndcg@5",
  "max_candidate_groups": null,
  "max_workers": 32,
  "method": "agent4rec_yes_no_litellm_qwen36_27b_traits_taste_gpt4o_mini_no_summary_control_full",
  "protocol": "ranking",
  "ranking_evaluation": {
    "ks": [
      1,
      3,
      5,
      10
    ],
    "tie_policy": "average"
  },
  "requested_rows": 91050,
  "scored_rows": 90400,
  "task": "ml-1m_item_stats_cap20_eval_users1000_cg5_m9_seed1",
  "test": {
    "macro_by_group": {
      "groups_with_score_ties": 4596,
      "groups_with_score_ties_fraction": 1.0,
      "groups_with_size_lte@1": 0,
      "groups_with_size_lte@10": 152,
      "groups_with_size_lte@3": 0,
      "groups_with_size_lte@5": 0,
      "groups_without_positive": 0,
      "hit_rate@1": 0.24109820090713255,
      "hit_rate@10": 0.902866139483928,
      "hit_rate@3": 0.5430288891273692,
      "hit_rate@5": 0.7095795820973203,
      "n": 90400,
      "n_groups": 4596,
      "n_positive": 9040,
      "ndcg@1": 0.24109820090713255,
      "ndcg@10": 0.458358411769872,
      "ndcg@3": 0.29648529403971413,
      "ndcg@5": 0.3708200011378746,
      "tie_policy": "average"
    },
    "macro_by_user_group_mean": {
      "groups_with_score_ties": 4596,
      "groups_with_score_ties_fraction": 1.0,
      "groups_with_size_lte@1": 0,
      "groups_with_size_lte@10": 152,
      "groups_with_size_lte@3": 0,
      "groups_with_size_lte@5": 0,
      "groups_without_positive": 0,
      "hit_rate@1": 0.24220459400721395,
      "hit_rate@10": 0.9024484662675645,
      "hit_rate@3": 0.5439185132765125,
      "hit_rate@5": 0.7090156387744235,
      "n": 90400,
      "n_groups": 4596,
      "n_positive": 9040,
      "n_users": 1000,
      "ndcg@1": 0.24220459400721395,
      "ndcg@10": 0.459446906589744,
      "ndcg@3": 0.2987922837851552,
      "ndcg@5": 0.37255887451960423,
      "tie_policy": "average"
    }
  },
  "test_failure_as_zero_group": {
    "macro_by_group": {
      "failed_groups": 33,
      "failed_groups_fraction": 0.007128969539857421,
      "failure_policy": "failed_group_zero",
      "groups_with_score_ties": 4596,
      "groups_with_score_ties_fraction": 0.9928710304601426,
      "groups_with_size_lte@1": 0,
      "groups_with_size_lte@10": 153,
      "groups_with_size_lte@3": 0,
      "groups_with_size_lte@5": 0,
      "groups_without_positive": 0,
      "hit_rate@1": 0.2393794191767512,
      "hit_rate@10": 0.8964296342769784,
      "hit_rate@3": 0.5391576527175176,
      "hit_rate@5": 0.7045210108704438,
      "n": 91050,
      "n_groups": 4629,
      "n_positive": 9105,
      "ndcg@1": 0.23937941917675115,
      "ndcg@10": 0.4550907886140272,
      "ndcg@3": 0.29437165940948934,
      "ndcg@5": 0.3681764366449928,
      "scored_groups": 4596,
      "tie_policy": "average"
    },
    "macro_by_user_group_mean": {
      "failed_groups": 33,
      "failed_groups_fraction": 0.007128969539857421,
      "failure_policy": "failed_group_zero",
      "groups_with_score_ties": 4596,
      "groups_with_score_ties_fraction": 0.9928710304601426,
      "groups_with_size_lte@1": 0,
      "groups_with_size_lte@10": 153,
      "groups_with_size_lte@3": 0,
      "groups_with_size_lte@5": 0,
      "groups_without_positive": 0,
      "hit_rate@1": 0.2404863353214553,
      "hit_rate@10": 0.8952311314674318,
      "hit_rate@3": 0.5395739475936573,
      "hit_rate@5": 0.7032499240446802,
      "n": 91050,
      "n_groups": 4629,
      "n_positive": 9105,
      "n_users": 1000,
      "ndcg@1": 0.24048633532145527,
      "ndcg@10": 0.45586158876201,
      "ndcg@3": 0.2965570638280378,
      "ndcg@5": 0.3697019233669884,
      "scored_groups": 4596,
      "tie_policy": "average"
    }
  }
}
