{
  "candidate_groups": {
    "test": {
      "groups": 2255,
      "positives_max": 10,
      "positives_mean": 7.9405764966740575,
      "positives_min": 1,
      "rows_max": 20,
      "rows_mean": 15.881152993348115,
      "rows_min": 2,
      "sampled_max": 10,
      "sampled_mean": 7.9405764966740575,
      "sampled_min": 1
    },
    "val": {
      "groups": 1456,
      "positives_max": 10,
      "positives_mean": 6.395604395604396,
      "positives_min": 1,
      "rows_max": 20,
      "rows_mean": 12.791208791208792,
      "rows_min": 2,
      "sampled_max": 10,
      "sampled_mean": 6.395604395604396,
      "sampled_min": 1
    }
  },
  "main_metric": "test.macro_by_user_group_mean.f1",
  "method": "popularity_f1_threshold",
  "stage_times_seconds": {
    "apply_threshold": 0.0,
    "candidate_group_summary": 0.15,
    "compute_metrics": 0.098,
    "fit": 0.645,
    "prepare_xy": 0.324,
    "score_test": 0.008,
    "score_val": 0.007,
    "select_threshold": 0.112,
    "write_predictions": 0.132
  },
  "task": "steam_interaction_cap20_eval_users1000_m1_seed2",
  "test": {
    "macro_by_group": {
      "accuracy": 0.8665931967761236,
      "f1": 0.8618136381922276,
      "n": 35812,
      "n_groups": 2255,
      "n_positive": 17906,
      "n_predicted_positive": 18399,
      "precision": 0.8600952915032737,
      "recall": 0.8869691690423398
    },
    "macro_by_user_group_mean": {
      "accuracy": 0.8872322424973125,
      "f1": 0.8924583141382484,
      "n": 35812,
      "n_groups": 2255,
      "n_positive": 17906,
      "n_predicted_positive": 18399,
      "n_users": 1000,
      "precision": 0.8635626726616511,
      "recall": 0.9391452875246232
    },
    "micro": {
      "accuracy": 0.861359320898023,
      "f1": 0.8632419776890236,
      "n": 35812,
      "n_positive": 17906,
      "n_predicted_positive": 18399,
      "precision": 0.8516767215609544,
      "recall": 0.8751256562046241
    }
  },
  "threshold": 290.0,
  "threshold_metric": "macro_by_user_group_mean_f1",
  "val": {
    "macro_by_group": {
      "accuracy": 0.874698701596023,
      "f1": 0.8728802723102331,
      "n": 18624,
      "n_groups": 1456,
      "n_positive": 9312,
      "n_predicted_positive": 9644,
      "precision": 0.8654055155772189,
      "recall": 0.9025109563055992
    },
    "macro_by_user_group_mean": {
      "accuracy": 0.8892254499568026,
      "f1": 0.8938366661468478,
      "n": 18624,
      "n_groups": 1456,
      "n_positive": 9312,
      "n_predicted_positive": 9644,
      "n_users": 1000,
      "precision": 0.8698704493318017,
      "recall": 0.9366207369307876
    },
    "micro": {
      "accuracy": 0.866516323024055,
      "f1": 0.8688541886473939,
      "n": 18624,
      "n_positive": 9312,
      "n_predicted_positive": 9644,
      "precision": 0.8538987971795935,
      "recall": 0.8843427835051546
    }
  }
}
