{
  "candidate_groups": {
    "requested": {
      "groups": 4629,
      "positives_max": 2,
      "positives_mean": 1.966947504860661,
      "positives_min": 1,
      "rows_max": 20,
      "rows_mean": 19.66947504860661,
      "rows_min": 10,
      "sampled_max": 18,
      "sampled_mean": 17.702527543745948,
      "sampled_min": 9
    },
    "scored": {
      "groups": 4629,
      "positives_max": 2,
      "positives_mean": 1.966947504860661,
      "positives_min": 1,
      "rows_max": 20,
      "rows_mean": 19.66947504860661,
      "rows_min": 10,
      "sampled_max": 18,
      "sampled_mean": 17.702527543745948,
      "sampled_min": 9
    }
  },
  "coverage": {
    "failed_fraction": 0.0,
    "failed_rows": 0,
    "requested_rows": 91050,
    "scored_fraction": 1.0,
    "scored_rows": 91050
  },
  "llm_errors": 0,
  "main_metric": "test.macro_by_user_group_mean.f1",
  "max_candidate_groups": null,
  "max_workers": 4,
  "method": "llm_yes_no_vllm_llama33_70b_with_item_stats_full",
  "requested_rows": 91050,
  "scored_rows": 91050,
  "task": "ml-1m_item_stats_cap20_eval_users1000_cg5_m9_seed1",
  "test": {
    "macro_by_group": {
      "accuracy": 0.6161049902786778,
      "f1": 0.3296310844168541,
      "n": 91050,
      "n_groups": 4629,
      "n_positive": 9105,
      "n_predicted_positive": 41382,
      "precision": 0.2125917911519871,
      "recall": 0.8508317131129833
    },
    "macro_by_user_group_mean": {
      "accuracy": 0.6164525,
      "f1": 0.3303525717826492,
      "n": 91050,
      "n_groups": 4629,
      "n_positive": 9105,
      "n_predicted_positive": 41382,
      "n_users": 1000,
      "precision": 0.21312877511105452,
      "recall": 0.8522750000000001
    },
    "micro": {
      "accuracy": 0.6155628775398133,
      "f1": 0.3066928120110127,
      "n": 91050,
      "n_positive": 9105,
      "n_predicted_positive": 41382,
      "precision": 0.18708617273210576,
      "recall": 0.8503020318506315
    }
  },
  "test_failure_as_negative": {
    "macro_by_group": {
      "accuracy": 0.6161049902786778,
      "f1": 0.3296310844168541,
      "n": 91050,
      "n_groups": 4629,
      "n_positive": 9105,
      "n_predicted_positive": 41382,
      "precision": 0.2125917911519871,
      "recall": 0.8508317131129833
    },
    "macro_by_user_group_mean": {
      "accuracy": 0.6164525,
      "f1": 0.3303525717826492,
      "n": 91050,
      "n_groups": 4629,
      "n_positive": 9105,
      "n_predicted_positive": 41382,
      "n_users": 1000,
      "precision": 0.21312877511105452,
      "recall": 0.8522750000000001
    },
    "micro": {
      "accuracy": 0.6155628775398133,
      "f1": 0.3066928120110127,
      "n": 91050,
      "n_positive": 9105,
      "n_predicted_positive": 41382,
      "precision": 0.18708617273210576,
      "recall": 0.8503020318506315
    }
  }
}
