{
  "candidate_groups": {
    "requested": {
      "groups": 3043,
      "positives_max": 6,
      "positives_mean": 5.911271771278344,
      "positives_min": 1,
      "rows_max": 18,
      "rows_mean": 17.73381531383503,
      "rows_min": 3,
      "sampled_max": 12,
      "sampled_mean": 11.822543542556687,
      "sampled_min": 2
    },
    "scored": {
      "groups": 3042,
      "positives_max": 6,
      "positives_mean": 5.911242603550296,
      "positives_min": 1,
      "rows_max": 18,
      "rows_mean": 17.733727810650887,
      "rows_min": 3,
      "sampled_max": 12,
      "sampled_mean": 11.822485207100591,
      "sampled_min": 2
    }
  },
  "llm_errors": 1,
  "main_metric": "test.macro_by_user_group_mean.f1",
  "max_candidate_groups": null,
  "max_workers": 64,
  "method": "agent4rec_yes_no_vllm_qwen36_27b_traits_taste_gpt4o_mini_full",
  "requested_rows": 53964,
  "scored_rows": 53946,
  "task": "ml-1m_cold_start_k1_cap20_eval_users1000_cg5_m2_seed2",
  "test": {
    "macro_by_group": {
      "accuracy": 0.5968295711885456,
      "f1": 0.39976026737912695,
      "n": 53946,
      "n_groups": 3042,
      "n_positive": 17982,
      "n_predicted_positive": 20132,
      "precision": 0.3864540134829612,
      "recall": 0.4545857988165681
    },
    "macro_by_user_group_mean": {
      "accuracy": 0.5955768040076551,
      "f1": 0.39577888902487424,
      "n": 53946,
      "n_groups": 3042,
      "n_positive": 17982,
      "n_predicted_positive": 20132,
      "n_users": 658,
      "precision": 0.3830729340579823,
      "recall": 0.4493456602499156
    },
    "micro": {
      "accuracy": 0.5965224483743002,
      "f1": 0.42892375505063757,
      "n": 53946,
      "n_positive": 17982,
      "n_predicted_positive": 20132,
      "precision": 0.4060202662427975,
      "recall": 0.454565676787899
    }
  }
}
