{
  "candidate_groups": {
    "requested": {
      "groups": 4641,
      "positives_max": 2,
      "positives_mean": 1.9691876750700281,
      "positives_min": 1,
      "rows_max": 20,
      "rows_mean": 19.69187675070028,
      "rows_min": 10,
      "sampled_max": 18,
      "sampled_mean": 17.722689075630253,
      "sampled_min": 9
    },
    "scored": {
      "groups": 2675,
      "positives_max": 2,
      "positives_mean": 1.9558878504672896,
      "positives_min": 1,
      "rows_max": 20,
      "rows_mean": 19.558878504672897,
      "rows_min": 10,
      "sampled_max": 18,
      "sampled_mean": 17.60299065420561,
      "sampled_min": 9
    }
  },
  "coverage": {
    "failed_fraction": 0.4275084801400591,
    "failed_rows": 39070,
    "requested_rows": 91390,
    "scored_fraction": 0.572491519859941,
    "scored_rows": 52320
  },
  "llm_errors": 1966,
  "main_metric": "test.macro_by_user_group_mean.ndcg@5",
  "max_candidate_groups": null,
  "max_workers": 64,
  "method": "agent4rec_yes_no_litellm_qwen3_8b_traits_taste_gpt4o_mini_candidate_summary_full",
  "protocol": "ranking",
  "ranking_evaluation": {
    "ks": [
      1,
      3,
      5,
      10
    ],
    "tie_policy": "average"
  },
  "requested_rows": 91390,
  "scored_rows": 52320,
  "task": "ml-1m_item_stats_cap20_eval_users1000_cg5_m9_seed0",
  "test": {
    "macro_by_group": {
      "groups_with_score_ties": 2675,
      "groups_with_score_ties_fraction": 1.0,
      "groups_with_size_lte@1": 0,
      "groups_with_size_lte@10": 118,
      "groups_with_size_lte@3": 0,
      "groups_with_size_lte@5": 0,
      "groups_without_positive": 0,
      "hit_rate@1": 0.19866459068902573,
      "hit_rate@10": 0.8801783534052566,
      "hit_rate@3": 0.4764324914995758,
      "hit_rate@5": 0.6541938584660872,
      "n": 52320,
      "n_groups": 2675,
      "n_positive": 5232,
      "ndcg@1": 0.19866459068902573,
      "ndcg@10": 0.4142801586765082,
      "ndcg@3": 0.25098727102535656,
      "ndcg@5": 0.3212753080258946,
      "tie_policy": "average"
    },
    "macro_by_user_group_mean": {
      "groups_with_score_ties": 2675,
      "groups_with_score_ties_fraction": 1.0,
      "groups_with_size_lte@1": 0,
      "groups_with_size_lte@10": 118,
      "groups_with_size_lte@3": 0,
      "groups_with_size_lte@5": 0,
      "groups_without_positive": 0,
      "hit_rate@1": 0.21259132305632233,
      "hit_rate@10": 0.8844589669546881,
      "hit_rate@3": 0.4950315763478325,
      "hit_rate@5": 0.6667481438416649,
      "n": 52320,
      "n_groups": 2675,
      "n_positive": 5232,
      "n_users": 937,
      "ndcg@1": 0.21259132305632233,
      "ndcg@10": 0.42907800850477334,
      "ndcg@3": 0.2692419933615143,
      "ndcg@5": 0.3391457485837762,
      "tie_policy": "average"
    }
  },
  "test_failure_as_zero_group": {
    "macro_by_group": {
      "failed_groups": 1966,
      "failed_groups_fraction": 0.4236156000861883,
      "failure_policy": "failed_group_zero",
      "groups_with_score_ties": 2675,
      "groups_with_score_ties_fraction": 0.5763843999138116,
      "groups_with_size_lte@1": 0,
      "groups_with_size_lte@10": 143,
      "groups_with_size_lte@3": 0,
      "groups_with_size_lte@5": 0,
      "groups_without_positive": 0,
      "hit_rate@1": 0.11450717088841712,
      "hit_rate@10": 0.5073210720446157,
      "hit_rate@3": 0.27460825571242514,
      "hit_rate@5": 0.37706713453927676,
      "n": 91390,
      "n_groups": 4641,
      "n_positive": 9139,
      "ndcg@1": 0.11450717088841712,
      "ndcg@10": 0.23878462065495787,
      "ndcg@3": 0.14466514759595536,
      "ndcg@5": 0.18517807562363028,
      "scored_groups": 2675,
      "tie_policy": "average"
    },
    "macro_by_user_group_mean": {
      "failed_groups": 1966,
      "failed_groups_fraction": 0.4236156000861883,
      "failure_policy": "failed_group_zero",
      "groups_with_score_ties": 2675,
      "groups_with_score_ties_fraction": 0.5763843999138116,
      "groups_with_size_lte@1": 0,
      "groups_with_size_lte@10": 143,
      "groups_with_size_lte@3": 0,
      "groups_with_size_lte@5": 0,
      "groups_without_positive": 0,
      "hit_rate@1": 0.11419234066916342,
      "hit_rate@10": 0.5040952339821341,
      "hit_rate@3": 0.2729344467987579,
      "hit_rate@5": 0.37418103585369455,
      "n": 91390,
      "n_groups": 4641,
      "n_positive": 9139,
      "n_users": 1000,
      "ndcg@1": 0.11419234066916342,
      "ndcg@10": 0.23801189228764155,
      "ndcg@3": 0.14479108829417928,
      "ndcg@5": 0.18488407574709728,
      "scored_groups": 2675,
      "tie_policy": "average"
    }
  }
}
