{
  "mean_recall@1": 0.022087121678729334,
  "mean_ndcg@1": 0.44304635761589406,
  "mean_hit_rate@1": 0.44304635761589406,
  "mean_recall@5": 0.08033994781051013,
  "mean_ndcg@5": 0.37336250693762874,
  "mean_hit_rate@5": 0.7721854304635761,
  "mean_recall@10": 0.13025474425057507,
  "mean_ndcg@10": 0.3432643061915926,
  "mean_hit_rate@10": 0.8678807947019868,
  "n_users": 6040,
  "n_users_scored": 6040,
  "n_users_with_recs": 6040
}
