{
  "candidate_groups": {
    "requested": {
      "groups": 2733,
      "positives_max": 10,
      "positives_mean": 8.729967069154775,
      "positives_min": 1,
      "rows_max": 20,
      "rows_mean": 17.45993413830955,
      "rows_min": 2,
      "sampled_max": 10,
      "sampled_mean": 8.729967069154775,
      "sampled_min": 1
    },
    "scored": {
      "groups": 2706,
      "positives_max": 10,
      "positives_mean": 8.717294900221729,
      "positives_min": 1,
      "rows_max": 20,
      "rows_mean": 17.434589800443458,
      "rows_min": 2,
      "sampled_max": 10,
      "sampled_mean": 8.717294900221729,
      "sampled_min": 1
    }
  },
  "coverage": {
    "failed_fraction": 0.011316484345529988,
    "failed_rows": 540,
    "requested_rows": 47718,
    "scored_fraction": 0.98868351565447,
    "scored_rows": 47178
  },
  "llm_errors": 27,
  "main_metric": "test.macro_by_user_group_mean.f1",
  "max_candidate_groups": null,
  "max_workers": 32,
  "method": "agent4rec_yes_no_litellm_qwen36_27b_traits_taste_gpt4o_mini_candidate_summary_full",
  "requested_rows": 47718,
  "scored_rows": 47178,
  "task": "ml-1m_item_stats_cap20_eval_users1000_cg5_m1_seed1",
  "test": {
    "macro_by_group": {
      "accuracy": 0.635575924752754,
      "f1": 0.5631623936278551,
      "n": 47178,
      "n_groups": 2706,
      "n_positive": 23589,
      "n_predicted_positive": 19721,
      "precision": 0.6504049664596746,
      "recall": 0.537645473316205
    },
    "macro_by_user_group_mean": {
      "accuracy": 0.6369307506613757,
      "f1": 0.5286801629791639,
      "n": 47178,
      "n_groups": 2706,
      "n_positive": 23589,
      "n_predicted_positive": 19721,
      "n_users": 1000,
      "precision": 0.6519834160017829,
      "recall": 0.4838955555555556
    },
    "micro": {
      "accuracy": 0.6325405909534105,
      "f1": 0.5997229277303163,
      "n": 47178,
      "n_positive": 23589,
      "n_predicted_positive": 19721,
      "precision": 0.6585365853658537,
      "recall": 0.5505532239603205
    }
  },
  "test_failure_as_negative": {
    "macro_by_group": {
      "accuracy": 0.6342365358144721,
      "f1": 0.5575987695415208,
      "n": 47718,
      "n_groups": 2733,
      "n_positive": 23859,
      "n_predicted_positive": 19721,
      "precision": 0.6439794508744527,
      "recall": 0.5323339373558913
    },
    "macro_by_user_group_mean": {
      "accuracy": 0.6359639451058201,
      "f1": 0.5249445193789661,
      "n": 47718,
      "n_groups": 2733,
      "n_positive": 23859,
      "n_predicted_positive": 19721,
      "n_users": 1000,
      "precision": 0.6474516203954285,
      "recall": 0.48037361111111115
    },
    "micro": {
      "accuracy": 0.6310406974307389,
      "f1": 0.5960073428178063,
      "n": 47718,
      "n_positive": 23859,
      "n_predicted_positive": 19721,
      "precision": 0.6585365853658537,
      "recall": 0.5443228970199925
    }
  }
}
