{
  "candidate_groups": {
    "requested": {
      "groups": 2733,
      "positives_max": 10,
      "positives_mean": 8.729967069154775,
      "positives_min": 1,
      "rows_max": 20,
      "rows_mean": 17.45993413830955,
      "rows_min": 2,
      "sampled_max": 10,
      "sampled_mean": 8.729967069154775,
      "sampled_min": 1
    },
    "scored": {
      "groups": 2706,
      "positives_max": 10,
      "positives_mean": 8.717294900221729,
      "positives_min": 1,
      "rows_max": 20,
      "rows_mean": 17.434589800443458,
      "rows_min": 2,
      "sampled_max": 10,
      "sampled_mean": 8.717294900221729,
      "sampled_min": 1
    }
  },
  "coverage": {
    "failed_fraction": 0.011316484345529988,
    "failed_rows": 540,
    "requested_rows": 47718,
    "scored_fraction": 0.98868351565447,
    "scored_rows": 47178
  },
  "llm_errors": 27,
  "main_metric": "test.macro_by_user_group_mean.ndcg@5",
  "max_candidate_groups": null,
  "max_workers": 32,
  "method": "agent4rec_yes_no_litellm_qwen36_27b_traits_taste_gpt4o_mini_candidate_summary_full",
  "protocol": "ranking",
  "ranking_evaluation": {
    "ks": [
      1,
      3,
      5,
      10
    ],
    "tie_policy": "average"
  },
  "requested_rows": 47718,
  "scored_rows": 47178,
  "task": "ml-1m_item_stats_cap20_eval_users1000_cg5_m1_seed1",
  "test": {
    "macro_by_group": {
      "groups_with_score_ties": 2672,
      "groups_with_score_ties_fraction": 0.9874353288987435,
      "groups_with_size_lte@1": 0,
      "groups_with_size_lte@10": 378,
      "groups_with_size_lte@3": 67,
      "groups_with_size_lte@5": 129,
      "groups_without_positive": 0,
      "hit_rate@1": 0.6759038578122245,
      "hit_rate@10": 0.9999996076589713,
      "hit_rate@3": 0.961827773055703,
      "hit_rate@5": 0.9957897396001488,
      "n": 47178,
      "n_groups": 2706,
      "n_positive": 23589,
      "ndcg@1": 0.6759038578122245,
      "ndcg@10": 0.6711678710305634,
      "ndcg@3": 0.6751075123968672,
      "ndcg@5": 0.6733968586469383,
      "tie_policy": "average"
    },
    "macro_by_user_group_mean": {
      "groups_with_score_ties": 2672,
      "groups_with_score_ties_fraction": 0.9874353288987435,
      "groups_with_size_lte@1": 0,
      "groups_with_size_lte@10": 378,
      "groups_with_size_lte@3": 67,
      "groups_with_size_lte@5": 129,
      "groups_without_positive": 0,
      "hit_rate@1": 0.6932917493351163,
      "hit_rate@10": 0.9999996539751957,
      "hit_rate@3": 0.9630529143401317,
      "hit_rate@5": 0.9959294300535206,
      "n": 47178,
      "n_groups": 2706,
      "n_positive": 23589,
      "n_users": 1000,
      "ndcg@1": 0.6932917493351163,
      "ndcg@10": 0.6989000210096142,
      "ndcg@3": 0.6891037390461977,
      "ndcg@5": 0.6827024776460238,
      "tie_policy": "average"
    }
  },
  "test_failure_as_zero_group": {
    "macro_by_group": {
      "failed_groups": 27,
      "failed_groups_fraction": 0.009879253567508232,
      "failure_policy": "failed_group_zero",
      "groups_with_score_ties": 2672,
      "groups_with_score_ties_fraction": 0.977680204903037,
      "groups_with_size_lte@1": 0,
      "groups_with_size_lte@10": 378,
      "groups_with_size_lte@3": 67,
      "groups_with_size_lte@5": 129,
      "groups_without_positive": 0,
      "hit_rate@1": 0.6692264322136404,
      "hit_rate@10": 0.9901203579674995,
      "hit_rate@3": 0.952325632597414,
      "hit_rate@5": 0.9859520802627159,
      "n": 47718,
      "n_groups": 2733,
      "n_positive": 23859,
      "ndcg@1": 0.6692264322136404,
      "ndcg@10": 0.6645372334462878,
      "ndcg@3": 0.6684379540965688,
      "ndcg@5": 0.6667442003288018,
      "scored_groups": 2706,
      "tie_policy": "average"
    },
    "macro_by_user_group_mean": {
      "failed_groups": 27,
      "failed_groups_fraction": 0.009879253567508232,
      "failure_policy": "failed_group_zero",
      "groups_with_score_ties": 2672,
      "groups_with_score_ties_fraction": 0.977680204903037,
      "groups_with_size_lte@1": 0,
      "groups_with_size_lte@10": 378,
      "groups_with_size_lte@3": 67,
      "groups_with_size_lte@5": 129,
      "groups_without_positive": 0,
      "hit_rate@1": 0.6880099537287618,
      "hit_rate@10": 0.9924496548772865,
      "hit_rate@3": 0.9557384734116934,
      "hit_rate@5": 0.9884037312468233,
      "n": 47718,
      "n_groups": 2733,
      "n_positive": 23859,
      "n_users": 1000,
      "ndcg@1": 0.6880099537287617,
      "ndcg@10": 0.6935079931791226,
      "ndcg@3": 0.6838373695984286,
      "ndcg@5": 0.6773538034437449,
      "scored_groups": 2706,
      "tie_policy": "average"
    }
  }
}
