{
  "candidate_groups": {
    "test": {
      "groups": 7202,
      "positives_max": 5,
      "positives_mean": 4.722021660649819,
      "positives_min": 1,
      "rows_max": 20,
      "rows_mean": 18.888086642599276,
      "rows_min": 4,
      "sampled_max": 15,
      "sampled_mean": 14.166064981949459,
      "sampled_min": 3
    },
    "val": {
      "groups": 3863,
      "positives_max": 5,
      "positives_mean": 4.501164897747865,
      "positives_min": 1,
      "rows_max": 20,
      "rows_mean": 18.00465959099146,
      "rows_min": 4,
      "sampled_max": 15,
      "sampled_mean": 13.503494693243592,
      "sampled_min": 3
    }
  },
  "main_metric": "test.macro_by_user_group_mean.ndcg@5",
  "method": "popularity_ranking",
  "protocol": "ranking",
  "ranking_evaluation": {
    "ks": [
      1,
      3,
      5,
      10
    ],
    "tie_policy": "average"
  },
  "stage_times_seconds": {
    "candidate_group_summary": 0.05,
    "compute_ranking_metrics": 4.767,
    "fit": 0.112,
    "prepare_xy": 0.044,
    "score_test": 0.027,
    "score_val": 0.015,
    "write_predictions": 0.229
  },
  "task": "ml-1m_interaction_cap20_eval_users1000_m3_seed3",
  "test": {
    "macro_by_group": {
      "groups_with_score_ties": 4050,
      "groups_with_score_ties_fraction": 0.5623437933907248,
      "groups_with_size_lte@1": 0,
      "groups_with_size_lte@10": 427,
      "groups_with_size_lte@3": 0,
      "groups_with_size_lte@5": 204,
      "groups_without_positive": 0,
      "hit_rate@1": 0.8035267981116356,
      "hit_rate@10": 0.9998611496806442,
      "hit_rate@3": 0.9831991113579561,
      "hit_rate@5": 0.9975006942515968,
      "n": 136032,
      "n_groups": 7202,
      "n_positive": 34008,
      "ndcg@1": 0.8035267981116356,
      "ndcg@10": 0.8265324929248222,
      "ndcg@3": 0.7435174071805409,
      "ndcg@5": 0.6892939492329135,
      "tie_policy": "average"
    },
    "macro_by_user_group_mean": {
      "groups_with_score_ties": 4050,
      "groups_with_score_ties_fraction": 0.5623437933907248,
      "groups_with_size_lte@1": 0,
      "groups_with_size_lte@10": 427,
      "groups_with_size_lte@3": 0,
      "groups_with_size_lte@5": 204,
      "groups_without_positive": 0,
      "hit_rate@1": 0.8124915025209826,
      "hit_rate@10": 0.9999655172413793,
      "hit_rate@3": 0.9838563060683425,
      "hit_rate@5": 0.9986372991615574,
      "n": 136032,
      "n_groups": 7202,
      "n_positive": 34008,
      "n_users": 1000,
      "ndcg@1": 0.8124915025209826,
      "ndcg@10": 0.8363987447776522,
      "ndcg@3": 0.7545584359177303,
      "ndcg@5": 0.7093825853663533,
      "tie_policy": "average"
    }
  },
  "val": {
    "macro_by_group": {
      "groups_with_score_ties": 2056,
      "groups_with_score_ties_fraction": 0.5322288376909138,
      "groups_with_size_lte@1": 0,
      "groups_with_size_lte@10": 335,
      "groups_with_size_lte@3": 0,
      "groups_with_size_lte@5": 202,
      "groups_without_positive": 0,
      "hit_rate@1": 0.7961428941237381,
      "hit_rate@10": 1.0,
      "hit_rate@3": 0.9823971006989386,
      "hit_rate@5": 0.9979290706704633,
      "n": 69552,
      "n_groups": 3863,
      "n_positive": 17388,
      "ndcg@1": 0.7961428941237381,
      "ndcg@10": 0.8290756117332728,
      "ndcg@3": 0.7364225583042601,
      "ndcg@5": 0.6985076969560761,
      "tie_policy": "average"
    },
    "macro_by_user_group_mean": {
      "groups_with_score_ties": 2056,
      "groups_with_score_ties_fraction": 0.5322288376909138,
      "groups_with_size_lte@1": 0,
      "groups_with_size_lte@10": 335,
      "groups_with_size_lte@3": 0,
      "groups_with_size_lte@5": 202,
      "groups_without_positive": 0,
      "hit_rate@1": 0.8110361776699392,
      "hit_rate@10": 1.0,
      "hit_rate@3": 0.986411038742819,
      "hit_rate@5": 0.9985028388278387,
      "n": 69552,
      "n_groups": 3863,
      "n_positive": 17388,
      "n_users": 1000,
      "ndcg@1": 0.8110361776699392,
      "ndcg@10": 0.844692944231809,
      "ndcg@3": 0.7458763781176467,
      "ndcg@5": 0.72688161946712,
      "tie_policy": "average"
    }
  }
}
