{
  "candidate_groups": {
    "test": {
      "groups": 5877,
      "positives_max": 6,
      "positives_mean": 5.570529181555215,
      "positives_min": 1,
      "rows_max": 18,
      "rows_mean": 16.711587544665647,
      "rows_min": 3,
      "sampled_max": 12,
      "sampled_mean": 11.14105836311043,
      "sampled_min": 2
    },
    "val": {
      "groups": 3195,
      "positives_max": 6,
      "positives_mean": 5.236619718309859,
      "positives_min": 1,
      "rows_max": 18,
      "rows_mean": 15.709859154929578,
      "rows_min": 3,
      "sampled_max": 12,
      "sampled_mean": 10.473239436619718,
      "sampled_min": 2
    }
  },
  "main_metric": "test.macro_by_user_group_mean.ndcg@5",
  "method": "popularity_ranking",
  "protocol": "ranking",
  "ranking_evaluation": {
    "ks": [
      1,
      3,
      5,
      10
    ],
    "tie_policy": "average"
  },
  "stage_times_seconds": {
    "candidate_group_summary": 0.04,
    "compute_ranking_metrics": 3.488,
    "fit": 0.114,
    "prepare_xy": 0.041,
    "score_test": 0.02,
    "score_val": 0.012,
    "write_predictions": 0.182
  },
  "task": "ml-1m_interaction_cap20_eval_users1000_m2_seed2",
  "test": {
    "macro_by_group": {
      "groups_with_score_ties": 2526,
      "groups_with_score_ties_fraction": 0.4298111281265952,
      "groups_with_size_lte@1": 0,
      "groups_with_size_lte@10": 502,
      "groups_with_size_lte@3": 155,
      "groups_with_size_lte@5": 155,
      "groups_without_positive": 0,
      "hit_rate@1": 0.8521354432533605,
      "hit_rate@10": 1.0,
      "hit_rate@3": 0.9906414837502127,
      "hit_rate@5": 0.9989790709545686,
      "n": 98214,
      "n_groups": 5877,
      "n_positive": 32738,
      "ndcg@1": 0.8521354432533605,
      "ndcg@10": 0.8551879250671637,
      "ndcg@3": 0.8036304400052816,
      "ndcg@5": 0.7640196663449687,
      "tie_policy": "average"
    },
    "macro_by_user_group_mean": {
      "groups_with_score_ties": 2526,
      "groups_with_score_ties_fraction": 0.4298111281265952,
      "groups_with_size_lte@1": 0,
      "groups_with_size_lte@10": 502,
      "groups_with_size_lte@3": 155,
      "groups_with_size_lte@5": 155,
      "groups_without_positive": 0,
      "hit_rate@1": 0.8578411758736927,
      "hit_rate@10": 1.0,
      "hit_rate@3": 0.9923803734719402,
      "hit_rate@5": 0.9991563115104835,
      "n": 98214,
      "n_groups": 5877,
      "n_positive": 32738,
      "n_users": 1000,
      "ndcg@1": 0.8578411758736927,
      "ndcg@10": 0.8673629931378073,
      "ndcg@3": 0.8160399994487286,
      "ndcg@5": 0.7802087275248678,
      "tie_policy": "average"
    }
  },
  "val": {
    "macro_by_group": {
      "groups_with_score_ties": 1215,
      "groups_with_score_ties_fraction": 0.38028169014084506,
      "groups_with_size_lte@1": 0,
      "groups_with_size_lte@10": 485,
      "groups_with_size_lte@3": 129,
      "groups_with_size_lte@5": 129,
      "groups_without_positive": 0,
      "hit_rate@1": 0.8400625978090767,
      "hit_rate@10": 1.0,
      "hit_rate@3": 0.9881064162754304,
      "hit_rate@5": 0.9990610328638497,
      "n": 50193,
      "n_groups": 3195,
      "n_positive": 16731,
      "ndcg@1": 0.8400625978090767,
      "ndcg@10": 0.8563071897682633,
      "ndcg@3": 0.7915534803241399,
      "ndcg@5": 0.7656975806389845,
      "tie_policy": "average"
    },
    "macro_by_user_group_mean": {
      "groups_with_score_ties": 1215,
      "groups_with_score_ties_fraction": 0.38028169014084506,
      "groups_with_size_lte@1": 0,
      "groups_with_size_lte@10": 485,
      "groups_with_size_lte@3": 129,
      "groups_with_size_lte@5": 129,
      "groups_without_positive": 0,
      "hit_rate@1": 0.8312344451229362,
      "hit_rate@10": 1.0,
      "hit_rate@3": 0.9867638888888889,
      "hit_rate@5": 0.9995416666666668,
      "n": 50193,
      "n_groups": 3195,
      "n_positive": 16731,
      "n_users": 1000,
      "ndcg@1": 0.8312344451229362,
      "ndcg@10": 0.8673968311405126,
      "ndcg@3": 0.7833638155452697,
      "ndcg@5": 0.7802380222912177,
      "tie_policy": "average"
    }
  }
}
