{
  "candidate_groups": {
    "test": {
      "groups": 2245,
      "positives_max": 10,
      "positives_mean": 7.903786191536748,
      "positives_min": 1,
      "rows_max": 20,
      "rows_mean": 15.807572383073497,
      "rows_min": 2,
      "sampled_max": 10,
      "sampled_mean": 7.903786191536748,
      "sampled_min": 1
    },
    "val": {
      "groups": 1447,
      "positives_max": 10,
      "positives_mean": 6.3849343469246715,
      "positives_min": 1,
      "rows_max": 20,
      "rows_mean": 12.769868693849343,
      "rows_min": 2,
      "sampled_max": 10,
      "sampled_mean": 6.3849343469246715,
      "sampled_min": 1
    }
  },
  "main_metric": "test.macro_by_user_group_mean.f1",
  "method": "popularity_f1_threshold",
  "stage_times_seconds": {
    "apply_threshold": 0.0,
    "candidate_group_summary": 0.03,
    "compute_metrics": 0.099,
    "fit": 0.646,
    "prepare_xy": 0.375,
    "score_test": 0.007,
    "score_val": 0.006,
    "select_threshold": 0.205,
    "write_predictions": 0.119
  },
  "task": "steam_interaction_cap20_eval_users1000_m1_seed4",
  "test": {
    "macro_by_group": {
      "accuracy": 0.8717738713896843,
      "f1": 0.8628536295352355,
      "n": 35488,
      "n_groups": 2245,
      "n_positive": 17744,
      "n_predicted_positive": 17654,
      "precision": 0.8741682952039299,
      "recall": 0.8757432742956128
    },
    "macro_by_user_group_mean": {
      "accuracy": 0.896619252582346,
      "f1": 0.898389145731808,
      "n": 35488,
      "n_groups": 2245,
      "n_positive": 17744,
      "n_predicted_positive": 17654,
      "n_users": 1000,
      "precision": 0.8822701603356843,
      "recall": 0.9305100829784776
    },
    "micro": {
      "accuracy": 0.8638976555455365,
      "f1": 0.863551613085485,
      "n": 35488,
      "n_positive": 17744,
      "n_predicted_positive": 17654,
      "precision": 0.8657528038971338,
      "recall": 0.8613615870153292
    }
  },
  "threshold": 349.0,
  "threshold_metric": "macro_by_user_group_mean_f1",
  "val": {
    "macro_by_group": {
      "accuracy": 0.8783564243481313,
      "f1": 0.8713192829349415,
      "n": 18478,
      "n_groups": 1447,
      "n_positive": 9239,
      "n_predicted_positive": 9119,
      "precision": 0.8812706490315336,
      "recall": 0.8872700496923026
    },
    "macro_by_user_group_mean": {
      "accuracy": 0.8962198743386243,
      "f1": 0.8984745171168796,
      "n": 18478,
      "n_groups": 1447,
      "n_positive": 9239,
      "n_predicted_positive": 9119,
      "n_users": 1000,
      "precision": 0.8860396131161606,
      "recall": 0.9287624577737079
    },
    "micro": {
      "accuracy": 0.8660028141573763,
      "f1": 0.8651269201438065,
      "n": 18478,
      "n_positive": 9239,
      "n_predicted_positive": 9119,
      "precision": 0.8708191687685053,
      "recall": 0.8595086048273622
    }
  }
}
