{
  "candidate_groups": {
    "requested": {
      "groups": 2867,
      "positives_max": 10,
      "positives_mean": 8.85699337286362,
      "positives_min": 1,
      "rows_max": 20,
      "rows_mean": 17.71398674572724,
      "rows_min": 2,
      "sampled_max": 10,
      "sampled_mean": 8.85699337286362,
      "sampled_min": 1
    },
    "scored": {
      "groups": 2734,
      "positives_max": 10,
      "positives_mean": 8.802852962692027,
      "positives_min": 1,
      "rows_max": 20,
      "rows_mean": 17.605705925384054,
      "rows_min": 2,
      "sampled_max": 10,
      "sampled_mean": 8.802852962692027,
      "sampled_min": 1
    }
  },
  "coverage": {
    "failed_fraction": 0.05221911550427283,
    "failed_rows": 2652,
    "requested_rows": 50786,
    "scored_fraction": 0.9477808844957272,
    "scored_rows": 48134
  },
  "llm_errors": 133,
  "main_metric": "test.macro_by_user_group_mean.ndcg@5",
  "max_candidate_groups": null,
  "max_workers": 8,
  "method": "agent4rec_yes_no_vllm_qwen36_27b_traits_full",
  "protocol": "ranking",
  "ranking_evaluation": {
    "ks": [
      1,
      3,
      5,
      10
    ],
    "tie_policy": "average"
  },
  "requested_rows": 50786,
  "scored_rows": 48134,
  "task": "ml-1m_item_stats_cap20_eval_users1000_cg5_m1_seed0",
  "test": {
    "macro_by_group": {
      "groups_with_score_ties": 2729,
      "groups_with_score_ties_fraction": 0.9981711777615215,
      "groups_with_size_lte@1": 0,
      "groups_with_size_lte@10": 362,
      "groups_with_size_lte@3": 70,
      "groups_with_size_lte@5": 125,
      "groups_without_positive": 0,
      "hit_rate@1": 0.48749516694710354,
      "hit_rate@10": 0.9999828780315756,
      "hit_rate@3": 0.8531157620761842,
      "hit_rate@5": 0.9609925711959413,
      "n": 48134,
      "n_groups": 2734,
      "n_positive": 24067,
      "ndcg@1": 0.48749516694710354,
      "ndcg@10": 0.5541440133838806,
      "ndcg@3": 0.5036797525331418,
      "ndcg@5": 0.5176195532227722,
      "tie_policy": "average"
    },
    "macro_by_user_group_mean": {
      "groups_with_score_ties": 2729,
      "groups_with_score_ties_fraction": 0.9981711777615215,
      "groups_with_size_lte@1": 0,
      "groups_with_size_lte@10": 362,
      "groups_with_size_lte@3": 70,
      "groups_with_size_lte@5": 125,
      "groups_without_positive": 0,
      "hit_rate@1": 0.48712594607675447,
      "hit_rate@10": 0.9999887522999839,
      "hit_rate@3": 0.8716775097130705,
      "hit_rate@5": 0.9710738124130368,
      "n": 48134,
      "n_groups": 2734,
      "n_positive": 24067,
      "n_users": 999,
      "ndcg@1": 0.48712594607675447,
      "ndcg@10": 0.5796675070639603,
      "ndcg@3": 0.504349347009391,
      "ndcg@5": 0.5188739754904312,
      "tie_policy": "average"
    }
  },
  "test_failure_as_zero_group": {
    "macro_by_group": {
      "failed_groups": 133,
      "failed_groups_fraction": 0.0463899546564353,
      "failure_policy": "failed_group_zero",
      "groups_with_score_ties": 2729,
      "groups_with_score_ties_fraction": 0.9518660620858039,
      "groups_with_size_lte@1": 0,
      "groups_with_size_lte@10": 362,
      "groups_with_size_lte@3": 70,
      "groups_with_size_lte@5": 125,
      "groups_without_positive": 0,
      "hit_rate@1": 0.46488028825719596,
      "hit_rate@10": 0.9535937176624791,
      "hit_rate@3": 0.8135397605567798,
      "hit_rate@5": 0.9164121693929904,
      "n": 50786,
      "n_groups": 2867,
      "n_positive": 25393,
      "ndcg@1": 0.46488028825719596,
      "ndcg@10": 0.5284372977298674,
      "ndcg@3": 0.4803140716517648,
      "ndcg@5": 0.49360720561948357,
      "scored_groups": 2734,
      "tie_policy": "average"
    },
    "macro_by_user_group_mean": {
      "failed_groups": 133,
      "failed_groups_fraction": 0.0463899546564353,
      "failure_policy": "failed_group_zero",
      "groups_with_score_ties": 2729,
      "groups_with_score_ties_fraction": 0.9518660620858039,
      "groups_with_size_lte@1": 0,
      "groups_with_size_lte@10": 362,
      "groups_with_size_lte@3": 70,
      "groups_with_size_lte@5": 125,
      "groups_without_positive": 0,
      "hit_rate@1": 0.4710352217370406,
      "hit_rate@10": 0.9678223210935091,
      "hit_rate@3": 0.8427412148897714,
      "hit_rate@5": 0.9394362600016083,
      "n": 50786,
      "n_groups": 2867,
      "n_positive": 25393,
      "n_users": 1000,
      "ndcg@1": 0.4710352217370406,
      "ndcg@10": 0.5617334150481119,
      "ndcg@3": 0.48782080552424045,
      "ndcg@5": 0.5018321322992687,
      "scored_groups": 2734,
      "tie_policy": "average"
    }
  }
}
