{
  "candidate_groups": {
    "test": {
      "requested": {
        "groups": 4629,
        "positives_max": 2,
        "positives_mean": 1.966947504860661,
        "positives_min": 1,
        "rows_max": 20,
        "rows_mean": 19.66947504860661,
        "rows_min": 10,
        "sampled_max": 18,
        "sampled_mean": 17.702527543745948,
        "sampled_min": 9
      },
      "scored": {
        "groups": 4199,
        "positives_max": 2,
        "positives_mean": 1.964039056918314,
        "positives_min": 1,
        "rows_max": 20,
        "rows_mean": 19.64039056918314,
        "rows_min": 10,
        "sampled_max": 18,
        "sampled_mean": 17.676351512264826,
        "sampled_min": 9
      }
    },
    "val": {
      "requested": {
        "groups": 3958,
        "positives_max": 2,
        "positives_mean": 1.9231935320869127,
        "positives_min": 1,
        "rows_max": 20,
        "rows_mean": 19.231935320869127,
        "rows_min": 10,
        "sampled_max": 18,
        "sampled_mean": 17.308741788782214,
        "sampled_min": 9
      },
      "scored": {
        "groups": 3635,
        "positives_max": 2,
        "positives_mean": 1.9182943603851443,
        "positives_min": 1,
        "rows_max": 20,
        "rows_mean": 19.182943603851445,
        "rows_min": 10,
        "sampled_max": 18,
        "sampled_mean": 17.264649243466298,
        "sampled_min": 9
      }
    }
  },
  "coverage": {
    "test": {
      "failed_fraction": 0.09423393739703459,
      "failed_rows": 8580,
      "requested_rows": 91050,
      "scored_fraction": 0.9057660626029654,
      "scored_rows": 82470
    },
    "val": {
      "failed_fraction": 0.08394640042038885,
      "failed_rows": 6390,
      "requested_rows": 76120,
      "scored_fraction": 0.9160535995796112,
      "scored_rows": 69730
    }
  },
  "llm_errors": {
    "test": 430,
    "val": 323
  },
  "main_metric": "test.macro_by_user_group_mean.f1",
  "method": "agent4rec_listwise_ranking_litellm_qwen3_8b_traits_taste_gpt4o_mini_candidate_summary_full",
  "protocol": "listwise_scores_thresholded_on_validation",
  "task": "ml-1m_item_stats_cap20_eval_users1000_cg5_m9_seed1",
  "test": {
    "macro_by_group": {
      "accuracy": 0.8376756370564419,
      "f1": 0.3291259823767564,
      "n": 82470,
      "n_groups": 4199,
      "n_positive": 8247,
      "n_predicted_positive": 12144,
      "precision": 0.27427165198063025,
      "recall": 0.41140747797094546
    },
    "macro_by_user_group_mean": {
      "accuracy": 0.8388266666666666,
      "f1": 0.3262666666666667,
      "n": 82470,
      "n_groups": 4199,
      "n_positive": 8247,
      "n_predicted_positive": 12144,
      "n_users": 1000,
      "precision": 0.2718888888888889,
      "recall": 0.4078333333333333
    },
    "micro": {
      "accuracy": 0.8365344973929913,
      "f1": 0.33887499386984454,
      "n": 82470,
      "n_positive": 8247,
      "n_predicted_positive": 12144,
      "precision": 0.2845026350461133,
      "recall": 0.41894022068631015
    }
  },
  "test_failure_as_negative": {
    "macro_by_group": {
      "accuracy": 0.8434651112551306,
      "f1": 0.29855260315402893,
      "n": 91050,
      "n_groups": 4629,
      "n_positive": 9105,
      "n_predicted_positive": 12144,
      "precision": 0.24879383596169075,
      "recall": 0.3731907539425362
    },
    "macro_by_user_group_mean": {
      "accuracy": 0.8443383333333334,
      "f1": 0.2964333333333333,
      "n": 91050,
      "n_groups": 4629,
      "n_positive": 9105,
      "n_predicted_positive": 12144,
      "n_users": 1000,
      "precision": 0.24702777777777782,
      "recall": 0.37054166666666666
    },
    "micro": {
      "accuracy": 0.8425151015925316,
      "f1": 0.3251917737305285,
      "n": 91050,
      "n_positive": 9105,
      "n_predicted_positive": 12144,
      "precision": 0.2845026350461133,
      "recall": 0.3794618341570566
    }
  },
  "threshold": 17.0,
  "threshold_metric": "macro_by_user_group_mean_f1",
  "val": {
    "macro_by_group": {
      "accuracy": 0.8370013755158182,
      "f1": 0.2989821182943604,
      "n": 69730,
      "n_groups": 3635,
      "n_positive": 6973,
      "n_predicted_positive": 10014,
      "precision": 0.24915176524530033,
      "recall": 0.3737276478679505
    },
    "macro_by_user_group_mean": {
      "accuracy": 0.8412816666666666,
      "f1": 0.29352666666666666,
      "n": 69730,
      "n_groups": 3635,
      "n_positive": 6973,
      "n_predicted_positive": 10014,
      "n_users": 1000,
      "precision": 0.24460555555555555,
      "recall": 0.3669083333333333
    },
    "micro": {
      "accuracy": 0.834318084038434,
      "f1": 0.3198916818743745,
      "n": 69730,
      "n_positive": 6973,
      "n_predicted_positive": 10014,
      "precision": 0.2713201517874975,
      "recall": 0.3896457765667575
    }
  },
  "val_failure_as_negative": {
    "macro_by_group": {
      "accuracy": 0.8421424962102071,
      "f1": 0.2745831227892875,
      "n": 76120,
      "n_groups": 3958,
      "n_positive": 7612,
      "n_predicted_positive": 10014,
      "precision": 0.2288192689910729,
      "recall": 0.3432289034866094
    },
    "macro_by_user_group_mean": {
      "accuracy": 0.8456458333333332,
      "f1": 0.27021333333333336,
      "n": 76120,
      "n_groups": 3958,
      "n_positive": 7612,
      "n_predicted_positive": 10014,
      "n_users": 1000,
      "precision": 0.22517777777777778,
      "recall": 0.33776666666666666
    },
    "micro": {
      "accuracy": 0.8398318444561219,
      "f1": 0.30829456484738454,
      "n": 76120,
      "n_positive": 7612,
      "n_predicted_positive": 10014,
      "precision": 0.2713201517874975,
      "recall": 0.3569364161849711
    }
  }
}
