{
  "candidate_groups": {
    "test": {
      "groups": 3882,
      "positives_max": 10,
      "positives_mean": 8.863214837712519,
      "positives_min": 1,
      "rows_max": 20,
      "rows_mean": 17.726429675425038,
      "rows_min": 2,
      "sampled_max": 10,
      "sampled_mean": 8.863214837712519,
      "sampled_min": 1
    },
    "val": {
      "groups": 2244,
      "positives_max": 10,
      "positives_mean": 7.827094474153298,
      "positives_min": 1,
      "rows_max": 20,
      "rows_mean": 15.654188948306595,
      "rows_min": 2,
      "sampled_max": 10,
      "sampled_mean": 7.827094474153298,
      "sampled_min": 1
    }
  },
  "main_metric": "test.macro_by_user_group_mean.f1",
  "method": "popularity_f1_threshold",
  "stage_times_seconds": {
    "apply_threshold": 0.001,
    "candidate_group_summary": 0.058,
    "compute_metrics": 0.226,
    "fit": 0.228,
    "prepare_xy": 0.066,
    "score_test": 0.028,
    "score_val": 0.017,
    "select_threshold": 0.137,
    "write_predictions": 0.215
  },
  "task": "ml-1m_interaction_cap20_eval_users1000_m1_seed4",
  "test": {
    "macro_by_group": {
      "accuracy": 0.7655634879746164,
      "f1": 0.787969088574881,
      "n": 68814,
      "n_groups": 3882,
      "n_positive": 34407,
      "n_predicted_positive": 42110,
      "precision": 0.7271163542587439,
      "recall": 0.8791023690946411
    },
    "macro_by_user_group_mean": {
      "accuracy": 0.7666290178882893,
      "f1": 0.79507098490125,
      "n": 68814,
      "n_groups": 3882,
      "n_positive": 34407,
      "n_predicted_positive": 42110,
      "n_users": 1000,
      "precision": 0.719557932289917,
      "recall": 0.904935586626776
    },
    "micro": {
      "accuracy": 0.7668352370157235,
      "f1": 0.7903080361226917,
      "n": 68814,
      "n_positive": 34407,
      "n_predicted_positive": 42110,
      "precision": 0.7180242222749941,
      "recall": 0.8787746679454762
    }
  },
  "threshold": 121.0,
  "threshold_metric": "macro_by_user_group_mean_f1",
  "val": {
    "macro_by_group": {
      "accuracy": 0.7647605254222901,
      "f1": 0.7899678257531458,
      "n": 35128,
      "n_groups": 2244,
      "n_positive": 17564,
      "n_predicted_positive": 21550,
      "precision": 0.7265882964579489,
      "recall": 0.8865429505135388
    },
    "macro_by_user_group_mean": {
      "accuracy": 0.7630634401879797,
      "f1": 0.7943164427574625,
      "n": 35128,
      "n_groups": 2244,
      "n_positive": 17564,
      "n_predicted_positive": 21550,
      "n_users": 1000,
      "precision": 0.7189100458779596,
      "recall": 0.9071859045790954
    },
    "micro": {
      "accuracy": 0.7690161694374857,
      "f1": 0.7925550953622744,
      "n": 35128,
      "n_positive": 17564,
      "n_predicted_positive": 21550,
      "precision": 0.7192575406032483,
      "recall": 0.8824869050330221
    }
  }
}
