{
  "candidate_groups": {
    "requested": {
      "groups": 4873,
      "positives_max": 6,
      "positives_mean": 5.928586086599631,
      "positives_min": 1,
      "rows_max": 18,
      "rows_mean": 17.785758259798893,
      "rows_min": 3,
      "sampled_max": 12,
      "sampled_mean": 11.857172173199261,
      "sampled_min": 2
    },
    "scored": {
      "groups": 4873,
      "positives_max": 6,
      "positives_mean": 5.928586086599631,
      "positives_min": 1,
      "rows_max": 18,
      "rows_mean": 17.785758259798893,
      "rows_min": 3,
      "sampled_max": 12,
      "sampled_mean": 11.857172173199261,
      "sampled_min": 2
    }
  },
  "llm_errors": 0,
  "main_metric": "test.macro_by_user_group_mean.f1",
  "max_candidate_groups": null,
  "max_workers": 64,
  "method": "agent4rec_yes_no_vllm_qwen36_27b_traits_taste_gpt4o_mini_full",
  "requested_rows": 86670,
  "scored_rows": 86670,
  "task": "ml-1m_cold_start_k3_cap20_eval_users1000_cg5_m2_seed0",
  "test": {
    "macro_by_group": {
      "accuracy": 0.6035661353945778,
      "f1": 0.44148640237635145,
      "n": 86670,
      "n_groups": 4873,
      "n_positive": 28890,
      "n_predicted_positive": 35350,
      "precision": 0.4176280972313432,
      "recall": 0.5172070593063822
    },
    "macro_by_user_group_mean": {
      "accuracy": 0.603625648148148,
      "f1": 0.4412246828213602,
      "n": 86670,
      "n_groups": 4873,
      "n_positive": 28890,
      "n_predicted_positive": 35350,
      "n_users": 1000,
      "precision": 0.41794084491488903,
      "recall": 0.5164708333333333
    },
    "micro": {
      "accuracy": 0.6036921656859352,
      "f1": 0.4653175591531756,
      "n": 86670,
      "n_positive": 28890,
      "n_predicted_positive": 35350,
      "precision": 0.4228005657708628,
      "recall": 0.5173416407061266
    }
  }
}
