{
  "candidate_groups": {
    "test": {
      "groups": 3224,
      "positives_max": 5,
      "positives_mean": 4.9181141439205955,
      "positives_min": 1,
      "rows_max": 20,
      "rows_mean": 19.672456575682382,
      "rows_min": 4,
      "sampled_max": 15,
      "sampled_mean": 14.754342431761787,
      "sampled_min": 3
    },
    "val": {
      "groups": 1956,
      "positives_max": 5,
      "positives_mean": 4.913087934560327,
      "positives_min": 1,
      "rows_max": 20,
      "rows_mean": 19.652351738241308,
      "rows_min": 4,
      "sampled_max": 15,
      "sampled_mean": 14.739263803680982,
      "sampled_min": 3
    }
  },
  "main_metric": "test.macro_by_user_group_mean.ndcg@5",
  "method": "item_knn_cold_start_ranking",
  "protocol": "ranking",
  "ranking_evaluation": {
    "ks": [
      1,
      3,
      5,
      10
    ],
    "tie_policy": "average"
  },
  "stage_times_seconds": {
    "candidate_group_summary": 0.012,
    "compute_ranking_metrics": 0.623,
    "fit": 0.44,
    "prepare_xy": 0.008,
    "score_test": 0.094,
    "score_val": 0.061,
    "write_predictions": 0.038
  },
  "task": "ml-1m_cold_start_k5_cap20_eval_users1000_cg5_m3_seed2",
  "test": {
    "macro_by_group": {
      "groups_with_score_ties": 3224,
      "groups_with_score_ties_fraction": 1.0,
      "groups_with_size_lte@1": 0,
      "groups_with_size_lte@10": 57,
      "groups_with_size_lte@3": 0,
      "groups_with_size_lte@5": 33,
      "groups_without_positive": 0,
      "hit_rate@1": 0.5235732009925558,
      "hit_rate@10": 0.9905854826959797,
      "hit_rate@3": 0.7612957359561774,
      "hit_rate@5": 0.8858537325616661,
      "n": 63424,
      "n_groups": 3224,
      "n_positive": 15856,
      "ndcg@1": 0.5235732009925558,
      "ndcg@10": 0.4938523024461081,
      "ndcg@3": 0.4217722000600404,
      "ndcg@5": 0.3730259611093484,
      "tie_policy": "average"
    },
    "macro_by_user_group_mean": {
      "groups_with_score_ties": 3224,
      "groups_with_score_ties_fraction": 1.0,
      "groups_with_size_lte@1": 0,
      "groups_with_size_lte@10": 57,
      "groups_with_size_lte@3": 0,
      "groups_with_size_lte@5": 33,
      "groups_without_positive": 0,
      "hit_rate@1": 0.5190987384764677,
      "hit_rate@10": 0.9908332821454552,
      "hit_rate@3": 0.7600444380989083,
      "hit_rate@5": 0.8869784265616615,
      "n": 63424,
      "n_groups": 3224,
      "n_positive": 15856,
      "n_users": 687,
      "ndcg@1": 0.5190987384764677,
      "ndcg@10": 0.49733859720982576,
      "ndcg@3": 0.42164035267526767,
      "ndcg@5": 0.37707565348182037,
      "tie_policy": "average"
    }
  },
  "val": {
    "macro_by_group": {
      "groups_with_score_ties": 1956,
      "groups_with_score_ties_fraction": 1.0,
      "groups_with_size_lte@1": 0,
      "groups_with_size_lte@10": 37,
      "groups_with_size_lte@3": 0,
      "groups_with_size_lte@5": 15,
      "groups_without_positive": 0,
      "hit_rate@1": 0.516359918200409,
      "hit_rate@10": 0.99031581100685,
      "hit_rate@3": 0.7532122856872614,
      "hit_rate@5": 0.8822578822834052,
      "n": 38440,
      "n_groups": 1956,
      "n_positive": 9610,
      "ndcg@1": 0.516359918200409,
      "ndcg@10": 0.49211449024023757,
      "ndcg@3": 0.4174481573260071,
      "ndcg@5": 0.37073243530850064,
      "tie_policy": "average"
    },
    "macro_by_user_group_mean": {
      "groups_with_score_ties": 1956,
      "groups_with_score_ties_fraction": 1.0,
      "groups_with_size_lte@1": 0,
      "groups_with_size_lte@10": 37,
      "groups_with_size_lte@3": 0,
      "groups_with_size_lte@5": 15,
      "groups_without_positive": 0,
      "hit_rate@1": 0.5107456140350878,
      "hit_rate@10": 0.9906188059265704,
      "hit_rate@3": 0.7515276154658551,
      "hit_rate@5": 0.883056550001089,
      "n": 38440,
      "n_groups": 1956,
      "n_positive": 9610,
      "n_users": 418,
      "ndcg@1": 0.5107456140350878,
      "ndcg@10": 0.49671619937591643,
      "ndcg@3": 0.41800922911842786,
      "ndcg@5": 0.37554049688772984,
      "tie_policy": "average"
    }
  }
}
