{
  "candidate_groups": {
    "requested": {
      "groups": 4306,
      "positives_max": 2,
      "positives_mean": 1.9888527635856943,
      "positives_min": 1,
      "rows_max": 20,
      "rows_mean": 19.888527635856942,
      "rows_min": 10,
      "sampled_max": 18,
      "sampled_mean": 17.899674872271248,
      "sampled_min": 9
    },
    "scored": {
      "groups": 4298,
      "positives_max": 2,
      "positives_mean": 1.9888320148906469,
      "positives_min": 1,
      "rows_max": 20,
      "rows_mean": 19.88832014890647,
      "rows_min": 10,
      "sampled_max": 18,
      "sampled_mean": 17.899488134015822,
      "sampled_min": 9
    }
  },
  "llm_errors": 8,
  "main_metric": "test.macro_by_user_group_mean.ndcg@5",
  "max_candidate_groups": null,
  "max_workers": 128,
  "method": "agent4rec_yes_no_vllm_qwen36_27b_traits_taste_gpt4o_mini_full",
  "protocol": "ranking",
  "ranking_evaluation": {
    "ks": [
      1,
      3,
      5,
      10
    ],
    "tie_policy": "average"
  },
  "requested_rows": 85640,
  "scored_rows": 85480,
  "task": "ml-1m_cold_start_k5_cap20_eval_users1000_cg5_m9_seed2",
  "test": {
    "macro_by_group": {
      "groups_with_score_ties": 4298,
      "groups_with_score_ties_fraction": 1.0,
      "groups_with_size_lte@1": 0,
      "groups_with_size_lte@10": 48,
      "groups_with_size_lte@3": 0,
      "groups_with_size_lte@5": 0,
      "groups_without_positive": 0,
      "hit_rate@1": 0.1479590655895208,
      "hit_rate@10": 0.8328758268553148,
      "hit_rate@3": 0.3915901484818808,
      "hit_rate@5": 0.5720475867105194,
      "n": 85480,
      "n_groups": 4298,
      "n_positive": 8548,
      "ndcg@1": 0.1479590655895208,
      "ndcg@10": 0.37082435775901773,
      "ndcg@3": 0.1930784347508946,
      "ndcg@5": 0.26245296665645906,
      "tie_policy": "average"
    },
    "macro_by_user_group_mean": {
      "groups_with_score_ties": 4298,
      "groups_with_score_ties_fraction": 1.0,
      "groups_with_size_lte@1": 0,
      "groups_with_size_lte@10": 48,
      "groups_with_size_lte@3": 0,
      "groups_with_size_lte@5": 0,
      "groups_without_positive": 0,
      "hit_rate@1": 0.14928852533351106,
      "hit_rate@10": 0.8361618655383087,
      "hit_rate@3": 0.39414990467906835,
      "hit_rate@5": 0.5757138335107735,
      "n": 85480,
      "n_groups": 4298,
      "n_positive": 8548,
      "n_users": 905,
      "ndcg@1": 0.14928852533351106,
      "ndcg@10": 0.37426579673226246,
      "ndcg@3": 0.19640932515372353,
      "ndcg@5": 0.2664680763460203,
      "tie_policy": "average"
    }
  }
}
