{
  "candidate_groups": {
    "requested": {
      "groups": 1994,
      "positives_max": 1,
      "positives_mean": 1.0,
      "positives_min": 1,
      "rows_max": 10,
      "rows_mean": 10.0,
      "rows_min": 10,
      "sampled_max": 0,
      "sampled_mean": 0.0,
      "sampled_min": 0
    },
    "scored": {
      "groups": 1994,
      "positives_max": 1,
      "positives_mean": 1.0,
      "positives_min": 1,
      "rows_max": 10,
      "rows_mean": 10.0,
      "rows_min": 10,
      "sampled_max": 0,
      "sampled_mean": 0.0,
      "sampled_min": 0
    }
  },
  "coverage": {
    "failed_fraction": 0.0,
    "failed_rows": 0,
    "requested_rows": 19940,
    "scored_fraction": 1.0,
    "scored_rows": 19940
  },
  "llm_errors": 0,
  "main_metric": "test.macro_by_user_group_mean.f1",
  "max_candidate_groups": null,
  "max_workers": 64,
  "method": "agent4rec_preference_yes_no_litellm_qwen36_27b_traits_taste_gpt4o_mini_candidate_summary_full",
  "requested_rows": 19940,
  "scored_rows": 19940,
  "task": "ml-1m_preference_cap10_eval_users1000_cg5_m9_seed1",
  "test": {
    "macro_by_group": {
      "accuracy": 0.5253259779338014,
      "f1": 0.22783136566988121,
      "n": 19940,
      "n_groups": 1994,
      "n_positive": 1994,
      "n_predicted_positive": 10179,
      "precision": 0.14187721895846264,
      "recall": 0.679037111334002
    },
    "macro_by_user_group_mean": {
      "accuracy": 0.5261538461538461,
      "f1": 0.22751945187429062,
      "n": 19940,
      "n_groups": 1994,
      "n_positive": 1994,
      "n_predicted_positive": 10179,
      "n_users": 403,
      "precision": 0.14182401827563118,
      "recall": 0.6765922249793217
    },
    "micro": {
      "accuracy": 0.5253259779338014,
      "f1": 0.22245954160847778,
      "n": 19940,
      "n_positive": 1994,
      "n_predicted_positive": 10179,
      "precision": 0.1330189606051675,
      "recall": 0.679037111334002
    }
  },
  "test_failure_as_negative": {
    "macro_by_group": {
      "accuracy": 0.5253259779338014,
      "f1": 0.22783136566988121,
      "n": 19940,
      "n_groups": 1994,
      "n_positive": 1994,
      "n_predicted_positive": 10179,
      "precision": 0.14187721895846264,
      "recall": 0.679037111334002
    },
    "macro_by_user_group_mean": {
      "accuracy": 0.5261538461538461,
      "f1": 0.22751945187429062,
      "n": 19940,
      "n_groups": 1994,
      "n_positive": 1994,
      "n_predicted_positive": 10179,
      "n_users": 403,
      "precision": 0.14182401827563118,
      "recall": 0.6765922249793217
    },
    "micro": {
      "accuracy": 0.5253259779338014,
      "f1": 0.22245954160847778,
      "n": 19940,
      "n_positive": 1994,
      "n_predicted_positive": 10179,
      "precision": 0.1330189606051675,
      "recall": 0.679037111334002
    }
  }
}
