{
  "candidate_groups": {
    "requested": {
      "groups": 5000,
      "positives_max": 1,
      "positives_mean": 1.0,
      "positives_min": 1,
      "rows_max": 20,
      "rows_mean": 20.0,
      "rows_min": 20,
      "sampled_max": 19,
      "sampled_mean": 19.0,
      "sampled_min": 19
    },
    "scored": {
      "groups": 4996,
      "positives_max": 1,
      "positives_mean": 1.0,
      "positives_min": 1,
      "rows_max": 20,
      "rows_mean": 20.0,
      "rows_min": 20,
      "sampled_max": 19,
      "sampled_mean": 19.0,
      "sampled_min": 19
    }
  },
  "llm_errors": 4,
  "main_metric": "test.macro_by_user_group_mean.f1",
  "max_candidate_groups": null,
  "max_workers": 32,
  "method": "agent4rec_yes_no_vllm_qwen36_27b_traits_taste_gpt4o_mini_full",
  "requested_rows": 100000,
  "scored_rows": 99920,
  "task": "ml-1m_cold_start_k1_cap20_eval_users1000_cg5_m19_seed0",
  "test": {
    "macro_by_group": {
      "accuracy": 0.6457065652522018,
      "f1": 0.11500568401187967,
      "n": 99920,
      "n_groups": 4996,
      "n_positive": 4996,
      "n_predicted_positive": 34855,
      "precision": 0.06866544143127021,
      "recall": 0.44535628502802244
    },
    "macro_by_user_group_mean": {
      "accuracy": 0.645675,
      "f1": 0.11501402911501984,
      "n": 99920,
      "n_groups": 4996,
      "n_positive": 4996,
      "n_predicted_positive": 34855,
      "n_users": 1000,
      "precision": 0.0686692211993373,
      "recall": 0.44545000000000007
    },
    "micro": {
      "accuracy": 0.6457065652522017,
      "f1": 0.11166595568492635,
      "n": 99920,
      "n_positive": 4996,
      "n_predicted_positive": 34855,
      "precision": 0.06383589155071008,
      "recall": 0.44535628502802244
    }
  }
}
