{
  "candidate_groups": {
    "requested": {
      "groups": 4082,
      "positives_max": 5,
      "positives_mean": 4.883880450759432,
      "positives_min": 1,
      "rows_max": 20,
      "rows_mean": 19.535521803037728,
      "rows_min": 4,
      "sampled_max": 15,
      "sampled_mean": 14.651641352278295,
      "sampled_min": 3
    },
    "scored": {
      "groups": 4082,
      "positives_max": 5,
      "positives_mean": 4.883880450759432,
      "positives_min": 1,
      "rows_max": 20,
      "rows_mean": 19.535521803037728,
      "rows_min": 4,
      "sampled_max": 15,
      "sampled_mean": 14.651641352278295,
      "sampled_min": 3
    }
  },
  "llm_errors": 0,
  "main_metric": "test.macro_by_user_group_mean.ndcg@5",
  "max_candidate_groups": null,
  "max_workers": 128,
  "method": "llm_yes_no_vllm_qwen36_27b_full",
  "protocol": "ranking",
  "ranking_evaluation": {
    "ks": [
      1,
      3,
      5,
      10
    ],
    "tie_policy": "average"
  },
  "requested_rows": 79744,
  "scored_rows": 79744,
  "task": "ml-1m_cold_start_k1_cap20_eval_users1000_cg5_m3_seed1",
  "test": {
    "macro_by_group": {
      "groups_with_score_ties": 4082,
      "groups_with_score_ties_fraction": 1.0,
      "groups_with_size_lte@1": 0,
      "groups_with_size_lte@10": 100,
      "groups_with_size_lte@3": 0,
      "groups_with_size_lte@5": 50,
      "groups_without_positive": 0,
      "hit_rate@1": 0.3279458364190113,
      "hit_rate@10": 0.9795396597077655,
      "hit_rate@3": 0.6582165479957057,
      "hit_rate@5": 0.820627219340611,
      "n": 79744,
      "n_groups": 4082,
      "n_positive": 19936,
      "ndcg@1": 0.3279458364190113,
      "ndcg@10": 0.4651248334746718,
      "ndcg@3": 0.32971183746153093,
      "ndcg@5": 0.3279821748448723,
      "tie_policy": "average"
    },
    "macro_by_user_group_mean": {
      "groups_with_score_ties": 4082,
      "groups_with_score_ties_fraction": 1.0,
      "groups_with_size_lte@1": 0,
      "groups_with_size_lte@10": 100,
      "groups_with_size_lte@3": 0,
      "groups_with_size_lte@5": 50,
      "groups_without_positive": 0,
      "hit_rate@1": 0.3282521115367731,
      "hit_rate@10": 0.9810405802914287,
      "hit_rate@3": 0.6635767860590586,
      "hit_rate@5": 0.8281706876280048,
      "n": 79744,
      "n_groups": 4082,
      "n_positive": 19936,
      "n_users": 916,
      "ndcg@1": 0.3282521115367731,
      "ndcg@10": 0.47465795618540957,
      "ndcg@3": 0.33579161730161283,
      "ndcg@5": 0.33941446259762476,
      "tie_policy": "average"
    }
  }
}
