{
  "candidate_groups": {
    "test": {
      "groups": 2676,
      "positives_max": 6,
      "positives_mean": 5.224962630792227,
      "positives_min": 1,
      "rows_max": 18,
      "rows_mean": 15.674887892376681,
      "rows_min": 3,
      "sampled_max": 12,
      "sampled_mean": 10.449925261584454,
      "sampled_min": 2
    },
    "val": {
      "groups": 1799,
      "positives_max": 6,
      "positives_mean": 4.643690939410784,
      "positives_min": 1,
      "rows_max": 18,
      "rows_mean": 13.931072818232352,
      "rows_min": 3,
      "sampled_max": 12,
      "sampled_mean": 9.287381878821568,
      "sampled_min": 2
    }
  },
  "main_metric": "test.macro_by_user_group_mean.f1",
  "method": "popularity_f1_threshold",
  "stage_times_seconds": {
    "apply_threshold": 0.001,
    "candidate_group_summary": 0.011,
    "compute_metrics": 0.058,
    "fit": 0.322,
    "prepare_xy": 0.162,
    "score_test": 0.003,
    "score_val": 0.004,
    "select_threshold": 0.049,
    "write_predictions": 0.071
  },
  "task": "steam_cap20_eval_users1000_cg5_m2_seed2",
  "test": {
    "macro_by_group": {
      "accuracy": 0.8843755190167747,
      "f1": 0.8278189738688289,
      "n": 41946,
      "n_groups": 2676,
      "n_positive": 13982,
      "n_predicted_positive": 14997,
      "precision": 0.8172136833852082,
      "recall": 0.8662929745889386
    },
    "macro_by_user_group_mean": {
      "accuracy": 0.8912412037037039,
      "f1": 0.8432853057318498,
      "n": 41946,
      "n_groups": 2676,
      "n_positive": 13982,
      "n_predicted_positive": 14997,
      "n_users": 1000,
      "precision": 0.8221992670755172,
      "recall": 0.8914222222222222
    },
    "micro": {
      "accuracy": 0.8826348161922472,
      "f1": 0.830118361572173,
      "n": 41946,
      "n_positive": 13982,
      "n_predicted_positive": 14997,
      "precision": 0.8020270720810829,
      "recall": 0.8602488914318409
    }
  },
  "threshold": 534.0,
  "threshold_metric": "macro_by_user_group_mean_f1",
  "val": {
    "macro_by_group": {
      "accuracy": 0.884429621394602,
      "f1": 0.8246253592001229,
      "n": 25062,
      "n_groups": 1799,
      "n_positive": 8354,
      "n_predicted_positive": 8769,
      "precision": 0.8225219919355551,
      "recall": 0.8581248841949233
    },
    "macro_by_user_group_mean": {
      "accuracy": 0.8928034259259259,
      "f1": 0.8443279447404448,
      "n": 25062,
      "n_groups": 1799,
      "n_positive": 8354,
      "n_predicted_positive": 8769,
      "n_users": 1000,
      "precision": 0.8290212169312169,
      "recall": 0.8890736111111112
    },
    "micro": {
      "accuracy": 0.8814539940946453,
      "f1": 0.8264906850435088,
      "n": 25062,
      "n_positive": 8354,
      "n_predicted_positive": 8769,
      "precision": 0.8069335157942753,
      "recall": 0.847019391908068
    }
  }
}
