{
  "candidate_groups": {
    "requested": {
      "groups": 2175,
      "positives_max": 1,
      "positives_mean": 1.0,
      "positives_min": 1,
      "rows_max": 10,
      "rows_mean": 10.0,
      "rows_min": 10,
      "sampled_max": 0,
      "sampled_mean": 0.0,
      "sampled_min": 0
    },
    "scored": {
      "groups": 2175,
      "positives_max": 1,
      "positives_mean": 1.0,
      "positives_min": 1,
      "rows_max": 10,
      "rows_mean": 10.0,
      "rows_min": 10,
      "sampled_max": 0,
      "sampled_mean": 0.0,
      "sampled_min": 0
    }
  },
  "coverage": {
    "failed_fraction": 0.0,
    "failed_rows": 0,
    "requested_rows": 21750,
    "scored_fraction": 1.0,
    "scored_rows": 21750
  },
  "llm_errors": 0,
  "main_metric": "test.macro_by_user_group_mean.f1",
  "max_candidate_groups": null,
  "max_workers": 128,
  "method": "llm_preference_yes_no_litellm_qwen3_8b_full",
  "requested_rows": 21750,
  "scored_rows": 21750,
  "task": "ml-1m_preference_cap10_eval_users1000_cg5_m9_seed0",
  "test": {
    "macro_by_group": {
      "accuracy": 0.7617471264367817,
      "f1": 0.09466723059826508,
      "n": 21750,
      "n_groups": 2175,
      "n_positive": 2175,
      "n_predicted_positive": 3929,
      "precision": 0.0690381317277869,
      "recall": 0.21195402298850574
    },
    "macro_by_user_group_mean": {
      "accuracy": 0.7629242424242425,
      "f1": 0.0942985373212646,
      "n": 21750,
      "n_groups": 2175,
      "n_positive": 2175,
      "n_predicted_positive": 3929,
      "n_users": 440,
      "precision": 0.06892027417027417,
      "recall": 0.21045454545454548
    },
    "micro": {
      "accuracy": 0.7617471264367817,
      "f1": 0.15104849279161206,
      "n": 21750,
      "n_positive": 2175,
      "n_predicted_positive": 3929,
      "precision": 0.11733265461949606,
      "recall": 0.21195402298850574
    }
  },
  "test_failure_as_negative": {
    "macro_by_group": {
      "accuracy": 0.7617471264367817,
      "f1": 0.09466723059826508,
      "n": 21750,
      "n_groups": 2175,
      "n_positive": 2175,
      "n_predicted_positive": 3929,
      "precision": 0.0690381317277869,
      "recall": 0.21195402298850574
    },
    "macro_by_user_group_mean": {
      "accuracy": 0.7629242424242425,
      "f1": 0.0942985373212646,
      "n": 21750,
      "n_groups": 2175,
      "n_positive": 2175,
      "n_predicted_positive": 3929,
      "n_users": 440,
      "precision": 0.06892027417027417,
      "recall": 0.21045454545454548
    },
    "micro": {
      "accuracy": 0.7617471264367817,
      "f1": 0.15104849279161206,
      "n": 21750,
      "n_positive": 2175,
      "n_predicted_positive": 3929,
      "precision": 0.11733265461949606,
      "recall": 0.21195402298850574
    }
  }
}
