{
  "candidate_groups": {
    "test": {
      "groups": 3251,
      "positives_max": 5,
      "positives_mean": 4.942479237157798,
      "positives_min": 1,
      "rows_max": 20,
      "rows_mean": 19.76991694863119,
      "rows_min": 4,
      "sampled_max": 15,
      "sampled_mean": 14.827437711473392,
      "sampled_min": 3
    },
    "val": {
      "groups": 1980,
      "positives_max": 5,
      "positives_mean": 4.932828282828283,
      "positives_min": 1,
      "rows_max": 20,
      "rows_mean": 19.731313131313133,
      "rows_min": 4,
      "sampled_max": 15,
      "sampled_mean": 14.798484848484849,
      "sampled_min": 3
    }
  },
  "main_metric": "test.macro_by_user_group_mean.f1",
  "method": "popularity_f1_threshold",
  "stage_times_seconds": {
    "apply_threshold": 0.0,
    "candidate_group_summary": 0.023,
    "compute_metrics": 0.17,
    "fit": 0.082,
    "prepare_xy": 0.014,
    "score_test": 0.01,
    "score_val": 0.007,
    "select_threshold": 0.055,
    "write_predictions": 0.069
  },
  "task": "ml-1m_cold_start_k3_cap20_eval_users1000_cg5_m3_seed2",
  "test": {
    "macro_by_group": {
      "accuracy": 0.7859261252947809,
      "f1": 0.6452817903935826,
      "n": 64272,
      "n_groups": 3251,
      "n_positive": 16068,
      "n_predicted_positive": 23028,
      "precision": 0.5641515999636578,
      "recall": 0.7894852865784887
    },
    "macro_by_user_group_mean": {
      "accuracy": 0.7837079519910085,
      "f1": 0.642746395773103,
      "n": 64272,
      "n_groups": 3251,
      "n_positive": 16068,
      "n_predicted_positive": 23028,
      "n_users": 692,
      "precision": 0.561793878755584,
      "recall": 0.7884637925497753
    },
    "micro": {
      "accuracy": 0.7866878267363704,
      "f1": 0.6493247391037447,
      "n": 64272,
      "n_positive": 16068,
      "n_predicted_positive": 23028,
      "precision": 0.5511985409067223,
      "recall": 0.7899551904406273
    }
  },
  "threshold": 237.0,
  "threshold_metric": "macro_by_user_group_mean_f1",
  "val": {
    "macro_by_group": {
      "accuracy": 0.790429292929293,
      "f1": 0.6563209676607978,
      "n": 39068,
      "n_groups": 1980,
      "n_positive": 9767,
      "n_predicted_positive": 14098,
      "precision": 0.5725776860625346,
      "recall": 0.8036531986531986
    },
    "macro_by_user_group_mean": {
      "accuracy": 0.7876499479573251,
      "f1": 0.6534945297377777,
      "n": 39068,
      "n_groups": 1980,
      "n_positive": 9767,
      "n_predicted_positive": 14098,
      "n_users": 427,
      "precision": 0.5701097108503431,
      "recall": 0.8015170439760604
    },
    "micro": {
      "accuracy": 0.7910566192280127,
      "f1": 0.657950974230044,
      "n": 39068,
      "n_positive": 9767,
      "n_predicted_positive": 14098,
      "precision": 0.5568875017733012,
      "recall": 0.803829220845705
    }
  }
}
