{
  "candidate_groups": {
    "test": {
      "groups": 4629,
      "positives_max": 2,
      "positives_mean": 1.966947504860661,
      "positives_min": 1,
      "rows_max": 20,
      "rows_mean": 19.66947504860661,
      "rows_min": 10,
      "sampled_max": 18,
      "sampled_mean": 17.702527543745948,
      "sampled_min": 9
    },
    "val": {
      "groups": 3958,
      "positives_max": 2,
      "positives_mean": 1.9231935320869127,
      "positives_min": 1,
      "rows_max": 20,
      "rows_mean": 19.231935320869127,
      "rows_min": 10,
      "sampled_max": 18,
      "sampled_mean": 17.308741788782214,
      "sampled_min": 9
    }
  },
  "main_metric": "test.macro_by_user_group_mean.ndcg@5",
  "method": "popularity_ranking",
  "protocol": "ranking",
  "ranking_evaluation": {
    "ks": [
      1,
      3,
      5,
      10
    ],
    "tie_policy": "average"
  },
  "stage_times_seconds": {
    "candidate_group_summary": 0.018,
    "compute_ranking_metrics": 1.495,
    "fit": 0.054,
    "prepare_xy": 0.018,
    "score_test": 0.008,
    "score_val": 0.008,
    "write_predictions": 0.062
  },
  "task": "ml-1m_cap20_eval_users1000_cg5_m9_seed1",
  "test": {
    "macro_by_group": {
      "groups_with_score_ties": 3043,
      "groups_with_score_ties_fraction": 0.6573774033268525,
      "groups_with_size_lte@1": 0,
      "groups_with_size_lte@10": 153,
      "groups_with_size_lte@3": 0,
      "groups_with_size_lte@5": 0,
      "groups_without_positive": 0,
      "hit_rate@1": 0.5630805789587384,
      "hit_rate@10": 0.9951393389500972,
      "hit_rate@3": 0.846403110823072,
      "hit_rate@5": 0.9387556707712249,
      "n": 91050,
      "n_groups": 4629,
      "n_positive": 9105,
      "ndcg@1": 0.5630805789587384,
      "ndcg@10": 0.7266728235487683,
      "ndcg@3": 0.57528947074328,
      "ndcg@5": 0.6568997420216844,
      "tie_policy": "average"
    },
    "macro_by_user_group_mean": {
      "groups_with_score_ties": 3043,
      "groups_with_score_ties_fraction": 0.6573774033268525,
      "groups_with_size_lte@1": 0,
      "groups_with_size_lte@10": 153,
      "groups_with_size_lte@3": 0,
      "groups_with_size_lte@5": 0,
      "groups_without_positive": 0,
      "hit_rate@1": 0.5661833333333334,
      "hit_rate@10": 0.9953666666666667,
      "hit_rate@3": 0.8477833333333333,
      "hit_rate@5": 0.9396500000000001,
      "n": 91050,
      "n_groups": 4629,
      "n_positive": 9105,
      "n_users": 1000,
      "ndcg@1": 0.5661833333333334,
      "ndcg@10": 0.7282119796475018,
      "ndcg@3": 0.5779155596441452,
      "ndcg@5": 0.6590640512430287,
      "tie_policy": "average"
    }
  },
  "val": {
    "macro_by_group": {
      "groups_with_score_ties": 2531,
      "groups_with_score_ties_fraction": 0.6394643759474482,
      "groups_with_size_lte@1": 0,
      "groups_with_size_lte@10": 304,
      "groups_with_size_lte@3": 0,
      "groups_with_size_lte@5": 0,
      "groups_without_positive": 0,
      "hit_rate@1": 0.5534360788276907,
      "hit_rate@10": 0.9941889843355229,
      "hit_rate@3": 0.8475240020212228,
      "hit_rate@5": 0.9442900454775139,
      "n": 76120,
      "n_groups": 3958,
      "n_positive": 7612,
      "ndcg@1": 0.5534360788276907,
      "ndcg@10": 0.7219980478292105,
      "ndcg@3": 0.5722871979528504,
      "ndcg@5": 0.6542693589355548,
      "tie_policy": "average"
    },
    "macro_by_user_group_mean": {
      "groups_with_score_ties": 2531,
      "groups_with_score_ties_fraction": 0.6394643759474482,
      "groups_with_size_lte@1": 0,
      "groups_with_size_lte@10": 304,
      "groups_with_size_lte@3": 0,
      "groups_with_size_lte@5": 0,
      "groups_without_positive": 0,
      "hit_rate@1": 0.5572999999999999,
      "hit_rate@10": 0.9937333333333334,
      "hit_rate@3": 0.8490583333333334,
      "hit_rate@5": 0.9428333333333334,
      "n": 76120,
      "n_groups": 3958,
      "n_positive": 7612,
      "n_users": 1000,
      "ndcg@1": 0.5572999999999999,
      "ndcg@10": 0.7262292591306744,
      "ndcg@3": 0.5816818274022846,
      "ndcg@5": 0.660663183048514,
      "tie_policy": "average"
    }
  }
}
