{
  "candidate_groups": {
    "requested": {
      "groups": 7293,
      "positives_max": 5,
      "positives_mean": 4.733305909776498,
      "positives_min": 1,
      "rows_max": 20,
      "rows_mean": 18.933223639105993,
      "rows_min": 4,
      "sampled_max": 15,
      "sampled_mean": 14.199917729329494,
      "sampled_min": 3
    },
    "scored": {
      "groups": 7293,
      "positives_max": 5,
      "positives_mean": 4.733305909776498,
      "positives_min": 1,
      "rows_max": 20,
      "rows_mean": 18.933223639105993,
      "rows_min": 4,
      "sampled_max": 15,
      "sampled_mean": 14.199917729329494,
      "sampled_min": 3
    }
  },
  "llm_errors": 0,
  "main_metric": "test.macro_by_user_group_mean.ndcg@5",
  "max_candidate_groups": null,
  "max_workers": 32,
  "method": "llm_yes_no_vllm_llama33_70b_with_item_stats_full",
  "protocol": "ranking",
  "ranking_evaluation": {
    "ks": [
      1,
      3,
      5,
      10
    ],
    "tie_policy": "average"
  },
  "requested_rows": 138080,
  "scored_rows": 138080,
  "task": "ml-1m_interaction_item_stats_cap20_eval_users1000_m3_seed0",
  "test": {
    "macro_by_group": {
      "groups_with_score_ties": 7293,
      "groups_with_score_ties_fraction": 1.0,
      "groups_with_size_lte@1": 0,
      "groups_with_size_lte@10": 408,
      "groups_with_size_lte@3": 0,
      "groups_with_size_lte@5": 206,
      "groups_without_positive": 0,
      "hit_rate@1": 0.42188616009260854,
      "hit_rate@10": 0.9988616758588729,
      "hit_rate@3": 0.8230453892107005,
      "hit_rate@5": 0.9531251782725109,
      "n": 138080,
      "n_groups": 7293,
      "n_positive": 34520,
      "ndcg@1": 0.42188616009260854,
      "ndcg@10": 0.6122547597222833,
      "ndcg@3": 0.432149867368014,
      "ndcg@5": 0.43950557294662224,
      "tie_policy": "average"
    },
    "macro_by_user_group_mean": {
      "groups_with_score_ties": 7293,
      "groups_with_score_ties_fraction": 1.0,
      "groups_with_size_lte@1": 0,
      "groups_with_size_lte@10": 408,
      "groups_with_size_lte@3": 0,
      "groups_with_size_lte@5": 206,
      "groups_without_positive": 0,
      "hit_rate@1": 0.4563923968519508,
      "hit_rate@10": 0.9993107090495166,
      "hit_rate@3": 0.8516701809036706,
      "hit_rate@5": 0.9650346351745266,
      "n": 138080,
      "n_groups": 7293,
      "n_positive": 34520,
      "n_users": 1000,
      "ndcg@1": 0.4563923968519508,
      "ndcg@10": 0.6520840516685736,
      "ndcg@3": 0.4734491295598941,
      "ndcg@5": 0.4883743915156667,
      "tie_policy": "average"
    }
  }
}
