{
  "candidate_groups": {
    "test": {
      "groups": 3941,
      "positives_max": 5,
      "positives_mean": 4.502410555696524,
      "positives_min": 1,
      "rows_max": 20,
      "rows_mean": 18.009642222786095,
      "rows_min": 4,
      "sampled_max": 15,
      "sampled_mean": 13.507231667089572,
      "sampled_min": 3
    },
    "val": {
      "groups": 2266,
      "positives_max": 5,
      "positives_mean": 4.077228596646072,
      "positives_min": 1,
      "rows_max": 20,
      "rows_mean": 16.308914386584288,
      "rows_min": 4,
      "sampled_max": 15,
      "sampled_mean": 12.231685789938217,
      "sampled_min": 3
    }
  },
  "main_metric": "test.macro_by_user_group_mean.ndcg@5",
  "method": "popularity_ranking",
  "protocol": "ranking",
  "ranking_evaluation": {
    "ks": [
      1,
      3,
      5,
      10
    ],
    "tie_policy": "average"
  },
  "stage_times_seconds": {
    "candidate_group_summary": 0.044,
    "compute_ranking_metrics": 2.331,
    "fit": 0.648,
    "prepare_xy": 0.307,
    "score_test": 0.012,
    "score_val": 0.009,
    "write_predictions": 0.172
  },
  "task": "steam_interaction_cap20_eval_users1000_m3_seed4",
  "test": {
    "macro_by_group": {
      "groups_with_score_ties": 2684,
      "groups_with_score_ties_fraction": 0.6810454199441766,
      "groups_with_size_lte@1": 0,
      "groups_with_size_lte@10": 383,
      "groups_with_size_lte@3": 0,
      "groups_with_size_lte@5": 170,
      "groups_without_positive": 0,
      "hit_rate@1": 0.9236234458259325,
      "hit_rate@10": 1.0,
      "hit_rate@3": 0.9941639177873636,
      "hit_rate@5": 0.9989850291804111,
      "n": 70976,
      "n_groups": 3941,
      "n_positive": 17744,
      "ndcg@1": 0.9236234458259325,
      "ndcg@10": 0.9307178076734023,
      "ndcg@3": 0.884357000730774,
      "ndcg@5": 0.8422097277973019,
      "tie_policy": "average"
    },
    "macro_by_user_group_mean": {
      "groups_with_score_ties": 2684,
      "groups_with_score_ties_fraction": 0.6810454199441766,
      "groups_with_size_lte@1": 0,
      "groups_with_size_lte@10": 383,
      "groups_with_size_lte@3": 0,
      "groups_with_size_lte@5": 170,
      "groups_without_positive": 0,
      "hit_rate@1": 0.9579965797939719,
      "hit_rate@10": 1.0,
      "hit_rate@3": 0.9986926817837063,
      "hit_rate@5": 0.9999411828682869,
      "n": 70976,
      "n_groups": 3941,
      "n_positive": 17744,
      "n_users": 1000,
      "ndcg@1": 0.9579965797939719,
      "ndcg@10": 0.9563697267867396,
      "ndcg@3": 0.9197949903119848,
      "ndcg@5": 0.8927054434039219,
      "tie_policy": "average"
    }
  },
  "val": {
    "macro_by_group": {
      "groups_with_score_ties": 1370,
      "groups_with_score_ties_fraction": 0.6045895851721095,
      "groups_with_size_lte@1": 0,
      "groups_with_size_lte@10": 441,
      "groups_with_size_lte@3": 0,
      "groups_with_size_lte@5": 159,
      "groups_without_positive": 0,
      "hit_rate@1": 0.9203442188879082,
      "hit_rate@10": 1.0,
      "hit_rate@3": 0.9924977934686673,
      "hit_rate@5": 0.999558693733451,
      "n": 36956,
      "n_groups": 2266,
      "n_positive": 9239,
      "ndcg@1": 0.9203442188879082,
      "ndcg@10": 0.9326483948439195,
      "ndcg@3": 0.8861471142950533,
      "ndcg@5": 0.8587836111554339,
      "tie_policy": "average"
    },
    "macro_by_user_group_mean": {
      "groups_with_score_ties": 1370,
      "groups_with_score_ties_fraction": 0.6045895851721095,
      "groups_with_size_lte@1": 0,
      "groups_with_size_lte@10": 441,
      "groups_with_size_lte@3": 0,
      "groups_with_size_lte@5": 159,
      "groups_without_positive": 0,
      "hit_rate@1": 0.9487609710550887,
      "hit_rate@10": 1.0,
      "hit_rate@3": 0.9970608543417366,
      "hit_rate@5": 0.9999803921568627,
      "n": 36956,
      "n_groups": 2266,
      "n_positive": 9239,
      "n_users": 1000,
      "ndcg@1": 0.9487609710550887,
      "ndcg@10": 0.9550147827750375,
      "ndcg@3": 0.9176040492152902,
      "ndcg@5": 0.905782905717768,
      "tie_policy": "average"
    }
  }
}
