{
  "candidate_groups": {
    "test": {
      "groups": 3043,
      "positives_max": 6,
      "positives_mean": 5.911271771278344,
      "positives_min": 1,
      "rows_max": 18,
      "rows_mean": 17.73381531383503,
      "rows_min": 3,
      "sampled_max": 12,
      "sampled_mean": 11.822543542556687,
      "sampled_min": 2
    },
    "val": {
      "groups": 1827,
      "positives_max": 6,
      "positives_mean": 5.907498631636563,
      "positives_min": 1,
      "rows_max": 18,
      "rows_mean": 17.722495894909688,
      "rows_min": 3,
      "sampled_max": 12,
      "sampled_mean": 11.814997263273126,
      "sampled_min": 2
    }
  },
  "main_metric": "test.macro_by_user_group_mean.ndcg@5",
  "method": "popularity_ranking",
  "protocol": "ranking",
  "ranking_evaluation": {
    "ks": [
      1,
      3,
      5,
      10
    ],
    "tie_policy": "average"
  },
  "stage_times_seconds": {
    "candidate_group_summary": 0.022,
    "compute_ranking_metrics": 1.48,
    "fit": 0.09,
    "prepare_xy": 0.014,
    "score_test": 0.009,
    "score_val": 0.007,
    "write_predictions": 0.057
  },
  "task": "ml-1m_cold_start_k1_cap20_eval_users1000_cg5_m2_seed2",
  "test": {
    "macro_by_group": {
      "groups_with_score_ties": 1328,
      "groups_with_score_ties_fraction": 0.436411436082813,
      "groups_with_size_lte@1": 0,
      "groups_with_size_lte@10": 49,
      "groups_with_size_lte@3": 19,
      "groups_with_size_lte@5": 19,
      "groups_without_positive": 0,
      "hit_rate@1": 0.8066053236937233,
      "hit_rate@10": 1.0,
      "hit_rate@3": 0.9769963851462372,
      "hit_rate@5": 0.9947420308905686,
      "n": 53964,
      "n_groups": 3043,
      "n_positive": 17988,
      "ndcg@1": 0.8066053236937233,
      "ndcg@10": 0.8574222979956025,
      "ndcg@3": 0.7899249861496371,
      "ndcg@5": 0.7594586449842932,
      "tie_policy": "average"
    },
    "macro_by_user_group_mean": {
      "groups_with_score_ties": 1328,
      "groups_with_score_ties_fraction": 0.436411436082813,
      "groups_with_size_lte@1": 0,
      "groups_with_size_lte@10": 49,
      "groups_with_size_lte@3": 19,
      "groups_with_size_lte@5": 19,
      "groups_without_positive": 0,
      "hit_rate@1": 0.8006585612968592,
      "hit_rate@10": 1.0,
      "hit_rate@3": 0.9783181357649443,
      "hit_rate@5": 0.994934143870314,
      "n": 53964,
      "n_groups": 3043,
      "n_positive": 17988,
      "n_users": 658,
      "ndcg@1": 0.8006585612968592,
      "ndcg@10": 0.8560051815877353,
      "ndcg@3": 0.7880292015886771,
      "ndcg@5": 0.7588416665755908,
      "tie_policy": "average"
    }
  },
  "val": {
    "macro_by_group": {
      "groups_with_score_ties": 810,
      "groups_with_score_ties_fraction": 0.4433497536945813,
      "groups_with_size_lte@1": 0,
      "groups_with_size_lte@10": 32,
      "groups_with_size_lte@3": 14,
      "groups_with_size_lte@5": 14,
      "groups_without_positive": 0,
      "hit_rate@1": 0.8081554460864806,
      "hit_rate@10": 1.0,
      "hit_rate@3": 0.9857690202517789,
      "hit_rate@5": 0.9994526546250684,
      "n": 32379,
      "n_groups": 1827,
      "n_positive": 10793,
      "ndcg@1": 0.8081554460864806,
      "ndcg@10": 0.8603932896376246,
      "ndcg@3": 0.792208500259,
      "ndcg@5": 0.7620134974674185,
      "tie_policy": "average"
    },
    "macro_by_user_group_mean": {
      "groups_with_score_ties": 810,
      "groups_with_score_ties_fraction": 0.4433497536945813,
      "groups_with_size_lte@1": 0,
      "groups_with_size_lte@10": 32,
      "groups_with_size_lte@3": 14,
      "groups_with_size_lte@5": 14,
      "groups_without_positive": 0,
      "hit_rate@1": 0.8043837882547561,
      "hit_rate@10": 1.0,
      "hit_rate@3": 0.986848635235732,
      "hit_rate@5": 0.9995037220843672,
      "n": 32379,
      "n_groups": 1827,
      "n_positive": 10793,
      "n_users": 403,
      "ndcg@1": 0.8043837882547561,
      "ndcg@10": 0.8603058615076201,
      "ndcg@3": 0.7890686338230672,
      "ndcg@5": 0.7627220626151914,
      "tie_policy": "average"
    }
  }
}
