{
  "candidate_groups": {
    "test": {
      "groups": 17517,
      "positives_max": 2,
      "positives_mean": 1.9706570759833304,
      "positives_min": 1,
      "rows_max": 20,
      "rows_mean": 19.706570759833305,
      "rows_min": 10,
      "sampled_max": 18,
      "sampled_mean": 17.735913683849976,
      "sampled_min": 9
    },
    "val": {
      "groups": 9096,
      "positives_max": 2,
      "positives_mean": 1.9381046613896218,
      "positives_min": 1,
      "rows_max": 20,
      "rows_mean": 19.381046613896217,
      "rows_min": 10,
      "sampled_max": 18,
      "sampled_mean": 17.442941952506597,
      "sampled_min": 9
    }
  },
  "main_metric": "test.macro_by_user_group_mean.ndcg@5",
  "method": "popularity_ranking",
  "protocol": "ranking",
  "ranking_evaluation": {
    "ks": [
      1,
      3,
      5,
      10
    ],
    "tie_policy": "average"
  },
  "stage_times_seconds": {
    "candidate_group_summary": 0.106,
    "compute_ranking_metrics": 16.566,
    "fit": 0.103,
    "prepare_xy": 0.079,
    "score_test": 0.077,
    "score_val": 0.036,
    "write_predictions": 0.46
  },
  "task": "ml-1m_interaction_cap20_eval_users1000_m9_seed0",
  "test": {
    "macro_by_group": {
      "groups_with_score_ties": 12258,
      "groups_with_score_ties_fraction": 0.6997773591368385,
      "groups_with_size_lte@1": 0,
      "groups_with_size_lte@10": 514,
      "groups_with_size_lte@3": 0,
      "groups_with_size_lte@5": 0,
      "groups_without_positive": 0,
      "hit_rate@1": 0.5534908945595707,
      "hit_rate@10": 0.9950048524290689,
      "hit_rate@3": 0.8507735342809842,
      "hit_rate@5": 0.9441494928735895,
      "n": 345200,
      "n_groups": 17517,
      "n_positive": 34520,
      "ndcg@1": 0.5534908945595707,
      "ndcg@10": 0.7195365522461397,
      "ndcg@3": 0.5652289451935074,
      "ndcg@5": 0.647876601193032,
      "tie_policy": "average"
    },
    "macro_by_user_group_mean": {
      "groups_with_score_ties": 12258,
      "groups_with_score_ties_fraction": 0.6997773591368385,
      "groups_with_size_lte@1": 0,
      "groups_with_size_lte@10": 514,
      "groups_with_size_lte@3": 0,
      "groups_with_size_lte@5": 0,
      "groups_without_positive": 0,
      "hit_rate@1": 0.5630625118130018,
      "hit_rate@10": 0.9934769169306576,
      "hit_rate@3": 0.8521974265296698,
      "hit_rate@5": 0.9426950843153443,
      "n": 345200,
      "n_groups": 17517,
      "n_positive": 34520,
      "n_users": 1000,
      "ndcg@1": 0.5630625118130018,
      "ndcg@10": 0.726979969345274,
      "ndcg@3": 0.5803242443617519,
      "ndcg@5": 0.659943983266869,
      "tie_policy": "average"
    }
  },
  "val": {
    "macro_by_group": {
      "groups_with_score_ties": 6198,
      "groups_with_score_ties_fraction": 0.6813984168865436,
      "groups_with_size_lte@1": 0,
      "groups_with_size_lte@10": 563,
      "groups_with_size_lte@3": 0,
      "groups_with_size_lte@5": 0,
      "groups_without_positive": 0,
      "hit_rate@1": 0.5516710642040458,
      "hit_rate@10": 0.9937335092348285,
      "hit_rate@3": 0.8417985927880387,
      "hit_rate@5": 0.9405782761653474,
      "n": 176290,
      "n_groups": 9096,
      "n_positive": 17629,
      "ndcg@1": 0.5516710642040458,
      "ndcg@10": 0.7173881094846356,
      "ndcg@3": 0.5637927158850098,
      "ndcg@5": 0.6455179352679998,
      "tie_policy": "average"
    },
    "macro_by_user_group_mean": {
      "groups_with_score_ties": 6198,
      "groups_with_score_ties_fraction": 0.6813984168865436,
      "groups_with_size_lte@1": 0,
      "groups_with_size_lte@10": 563,
      "groups_with_size_lte@3": 0,
      "groups_with_size_lte@5": 0,
      "groups_without_positive": 0,
      "hit_rate@1": 0.5565145329699286,
      "hit_rate@10": 0.9927035822287448,
      "hit_rate@3": 0.8434626891723994,
      "hit_rate@5": 0.9401817328120208,
      "n": 176290,
      "n_groups": 9096,
      "n_positive": 17629,
      "n_users": 1000,
      "ndcg@1": 0.5565145329699286,
      "ndcg@10": 0.7268028680212008,
      "ndcg@3": 0.5824380818533066,
      "ndcg@5": 0.6606833435297356,
      "tie_policy": "average"
    }
  }
}
