{
  "candidate_groups": {
    "requested": {
      "groups": 1985,
      "positives_max": 1,
      "positives_mean": 1.0,
      "positives_min": 1,
      "rows_max": 10,
      "rows_mean": 10.0,
      "rows_min": 10,
      "sampled_max": 0,
      "sampled_mean": 0.0,
      "sampled_min": 0
    },
    "scored": {
      "groups": 1953,
      "positives_max": 1,
      "positives_mean": 1.0,
      "positives_min": 1,
      "rows_max": 10,
      "rows_mean": 10.0,
      "rows_min": 10,
      "sampled_max": 0,
      "sampled_mean": 0.0,
      "sampled_min": 0
    }
  },
  "coverage": {
    "failed_fraction": 0.016120906801007556,
    "failed_rows": 320,
    "requested_rows": 19850,
    "scored_fraction": 0.9838790931989925,
    "scored_rows": 19530
  },
  "llm_errors": 32,
  "main_metric": "test.macro_by_user_group_mean.f1",
  "max_candidate_groups": null,
  "max_workers": 128,
  "method": "agent4rec_preference_yes_no_litellm_qwen3_8b_traits_taste_gpt4o_mini_candidate_summary_full",
  "requested_rows": 19850,
  "scored_rows": 19530,
  "task": "ml-1m_preference_cap10_eval_users1000_cg5_m9_seed2",
  "test": {
    "macro_by_group": {
      "accuracy": 0.6207885304659498,
      "f1": 0.19190962363005373,
      "n": 19530,
      "n_groups": 1953,
      "n_positive": 1953,
      "n_predicted_positive": 7313,
      "precision": 0.13188115150480742,
      "recall": 0.47619047619047616
    },
    "macro_by_user_group_mean": {
      "accuracy": 0.6218583333333334,
      "f1": 0.19200335497835497,
      "n": 19530,
      "n_groups": 1953,
      "n_positive": 1953,
      "n_predicted_positive": 7313,
      "n_users": 400,
      "precision": 0.1319512896825397,
      "recall": 0.475875
    },
    "micro": {
      "accuracy": 0.6207885304659498,
      "f1": 0.2007338657457371,
      "n": 19530,
      "n_positive": 1953,
      "n_predicted_positive": 7313,
      "precision": 0.12717079174073567,
      "recall": 0.47619047619047616
    }
  },
  "test_failure_as_negative": {
    "macro_by_group": {
      "accuracy": 0.6252896725440806,
      "f1": 0.1888158664732972,
      "n": 19850,
      "n_groups": 1985,
      "n_positive": 1985,
      "n_predicted_positive": 7313,
      "precision": 0.12975510775258886,
      "recall": 0.46851385390428213
    },
    "macro_by_user_group_mean": {
      "accuracy": 0.6257166666666667,
      "f1": 0.18876571969696967,
      "n": 19850,
      "n_groups": 1985,
      "n_positive": 1985,
      "n_predicted_positive": 7313,
      "n_users": 400,
      "precision": 0.1296456349206349,
      "recall": 0.4685833333333334
    },
    "micro": {
      "accuracy": 0.6252896725440806,
      "f1": 0.200043020004302,
      "n": 19850,
      "n_positive": 1985,
      "n_predicted_positive": 7313,
      "precision": 0.12717079174073567,
      "recall": 0.46851385390428213
    }
  }
}
