{
  "candidate_groups": {
    "requested": {
      "groups": 4416,
      "positives_max": 2,
      "positives_mean": 1.9873188405797102,
      "positives_min": 1,
      "rows_max": 20,
      "rows_mean": 19.8731884057971,
      "rows_min": 10,
      "sampled_max": 18,
      "sampled_mean": 17.88586956521739,
      "sampled_min": 9
    },
    "scored": {
      "groups": 4405,
      "positives_max": 2,
      "positives_mean": 1.9872871736662883,
      "positives_min": 1,
      "rows_max": 20,
      "rows_mean": 19.872871736662884,
      "rows_min": 10,
      "sampled_max": 18,
      "sampled_mean": 17.885584562996595,
      "sampled_min": 9
    }
  },
  "llm_errors": 11,
  "main_metric": "test.macro_by_user_group_mean.ndcg@5",
  "max_candidate_groups": null,
  "max_workers": 128,
  "method": "agent4rec_yes_no_vllm_qwen36_27b_traits_taste_gpt4o_mini_full",
  "protocol": "ranking",
  "ranking_evaluation": {
    "ks": [
      1,
      3,
      5,
      10
    ],
    "tie_policy": "average"
  },
  "requested_rows": 87760,
  "scored_rows": 87540,
  "task": "ml-1m_cold_start_k3_cap20_eval_users1000_cg5_m9_seed2",
  "test": {
    "macro_by_group": {
      "groups_with_score_ties": 4405,
      "groups_with_score_ties_fraction": 1.0,
      "groups_with_size_lte@1": 0,
      "groups_with_size_lte@10": 56,
      "groups_with_size_lte@3": 0,
      "groups_with_size_lte@5": 0,
      "groups_without_positive": 0,
      "hit_rate@1": 0.15013193008937362,
      "hit_rate@10": 0.825270539702669,
      "hit_rate@3": 0.3901466203619154,
      "hit_rate@5": 0.5647567438943163,
      "n": 87540,
      "n_groups": 4405,
      "n_positive": 8754,
      "ndcg@1": 0.15013193008937362,
      "ndcg@10": 0.36595690603620884,
      "ndcg@3": 0.19515202227937578,
      "ndcg@5": 0.2627309735498097,
      "tie_policy": "average"
    },
    "macro_by_user_group_mean": {
      "groups_with_score_ties": 4405,
      "groups_with_score_ties_fraction": 1.0,
      "groups_with_size_lte@1": 0,
      "groups_with_size_lte@10": 56,
      "groups_with_size_lte@3": 0,
      "groups_with_size_lte@5": 0,
      "groups_without_positive": 0,
      "hit_rate@1": 0.15057095019139843,
      "hit_rate@10": 0.8266803426568994,
      "hit_rate@3": 0.3897664194182052,
      "hit_rate@5": 0.5635901385905746,
      "n": 87540,
      "n_groups": 4405,
      "n_positive": 8754,
      "n_users": 932,
      "ndcg@1": 0.15057095019139843,
      "ndcg@10": 0.36849276728793867,
      "ndcg@3": 0.1970655090530852,
      "ndcg@5": 0.2645119031175225,
      "tie_policy": "average"
    }
  }
}
