{
  "candidate_groups": {
    "requested": {
      "groups": 3624,
      "positives_max": 5,
      "positives_mean": 4.673565121412803,
      "positives_min": 1,
      "rows_max": 20,
      "rows_mean": 18.694260485651213,
      "rows_min": 4,
      "sampled_max": 15,
      "sampled_mean": 14.02069536423841,
      "sampled_min": 3
    },
    "scored": {
      "groups": 3616,
      "positives_max": 5,
      "positives_mean": 4.6728429203539825,
      "positives_min": 1,
      "rows_max": 20,
      "rows_mean": 18.69137168141593,
      "rows_min": 4,
      "sampled_max": 15,
      "sampled_mean": 14.018528761061948,
      "sampled_min": 3
    }
  },
  "coverage": {
    "failed_fraction": 0.0023616933341205643,
    "failed_rows": 160,
    "requested_rows": 67748,
    "scored_fraction": 0.9976383066658794,
    "scored_rows": 67588
  },
  "llm_errors": 8,
  "main_metric": "test.macro_by_user_group_mean.ndcg@5",
  "max_candidate_groups": null,
  "max_workers": 32,
  "method": "agent4rec_yes_no_vllm_qwen3_8b_taste_gpt4o_mini_full",
  "protocol": "ranking",
  "ranking_evaluation": {
    "ks": [
      1,
      3,
      5,
      10
    ],
    "tie_policy": "average"
  },
  "requested_rows": 67748,
  "scored_rows": 67588,
  "task": "ml-1m_item_stats_cap20_eval_users1000_cg5_m3_seed1",
  "test": {
    "macro_by_group": {
      "groups_with_score_ties": 3616,
      "groups_with_score_ties_fraction": 1.0,
      "groups_with_size_lte@1": 0,
      "groups_with_size_lte@10": 239,
      "groups_with_size_lte@3": 0,
      "groups_with_size_lte@5": 133,
      "groups_without_positive": 0,
      "hit_rate@1": 0.4704500911869607,
      "hit_rate@10": 0.9965312603234832,
      "hit_rate@3": 0.8306245476141612,
      "hit_rate@5": 0.9422299291040771,
      "n": 67588,
      "n_groups": 3616,
      "n_positive": 16897,
      "ndcg@1": 0.4704500911869607,
      "ndcg@10": 0.5826323976484568,
      "ndcg@3": 0.46775778849644917,
      "ndcg@5": 0.45696512184322796,
      "tie_policy": "average"
    },
    "macro_by_user_group_mean": {
      "groups_with_score_ties": 3616,
      "groups_with_score_ties_fraction": 1.0,
      "groups_with_size_lte@1": 0,
      "groups_with_size_lte@10": 239,
      "groups_with_size_lte@3": 0,
      "groups_with_size_lte@5": 133,
      "groups_without_positive": 0,
      "hit_rate@1": 0.4771802801912283,
      "hit_rate@10": 0.9966677806928194,
      "hit_rate@3": 0.8344627549888193,
      "hit_rate@5": 0.9446997448186631,
      "n": 67588,
      "n_groups": 3616,
      "n_positive": 16897,
      "n_users": 1000,
      "ndcg@1": 0.4771802801912283,
      "ndcg@10": 0.5947614973432994,
      "ndcg@3": 0.4779430186290162,
      "ndcg@5": 0.47106035538820334,
      "tie_policy": "average"
    }
  },
  "test_failure_as_zero_group": {
    "macro_by_group": {
      "failed_groups": 8,
      "failed_groups_fraction": 0.002207505518763797,
      "failure_policy": "failed_group_zero",
      "groups_with_score_ties": 3616,
      "groups_with_score_ties_fraction": 0.9977924944812362,
      "groups_with_size_lte@1": 0,
      "groups_with_size_lte@10": 239,
      "groups_with_size_lte@3": 0,
      "groups_with_size_lte@5": 133,
      "groups_without_positive": 0,
      "hit_rate@1": 0.46941157001436257,
      "hit_rate@10": 0.9943314120666986,
      "hit_rate@3": 0.8287909393412822,
      "hit_rate@5": 0.9401499513356355,
      "n": 67748,
      "n_groups": 3624,
      "n_positive": 16937,
      "ndcg@1": 0.46941157001436257,
      "ndcg@10": 0.5813462334152372,
      "ndcg@3": 0.4667252105968985,
      "ndcg@5": 0.45595636881487644,
      "scored_groups": 3616,
      "tie_policy": "average"
    },
    "macro_by_user_group_mean": {
      "failed_groups": 8,
      "failed_groups_fraction": 0.002207505518763797,
      "failure_policy": "failed_group_zero",
      "groups_with_score_ties": 3616,
      "groups_with_score_ties_fraction": 0.9977924944812362,
      "groups_with_size_lte@1": 0,
      "groups_with_size_lte@10": 239,
      "groups_with_size_lte@3": 0,
      "groups_with_size_lte@5": 133,
      "groups_without_positive": 0,
      "hit_rate@1": 0.4761727928174909,
      "hit_rate@10": 0.9950188642841507,
      "hit_rate@3": 0.8329235208238613,
      "hit_rate@5": 0.9430680388082419,
      "n": 67748,
      "n_groups": 3624,
      "n_positive": 16937,
      "n_users": 1000,
      "ndcg@1": 0.4761727928174909,
      "ndcg@10": 0.5936551144833389,
      "ndcg@3": 0.4770098915500163,
      "ndcg@5": 0.47016284793599616,
      "scored_groups": 3616,
      "tie_policy": "average"
    }
  }
}
