{
  "candidate_groups": {
    "test": {
      "groups": 5000,
      "positives_max": 1,
      "positives_mean": 1.0,
      "positives_min": 1,
      "rows_max": 20,
      "rows_mean": 20.0,
      "rows_min": 20,
      "sampled_max": 19,
      "sampled_mean": 19.0,
      "sampled_min": 19
    },
    "val": {
      "groups": 3020,
      "positives_max": 1,
      "positives_mean": 1.0,
      "positives_min": 1,
      "rows_max": 20,
      "rows_mean": 20.0,
      "rows_min": 20,
      "sampled_max": 19,
      "sampled_mean": 19.0,
      "sampled_min": 19
    }
  },
  "main_metric": "test.macro_by_user_group_mean.f1",
  "method": "item_knn_cold_start",
  "stage_times_seconds": {
    "apply_threshold": 0.0,
    "candidate_group_summary": 0.016,
    "compute_metrics": 0.085,
    "fit": 0.471,
    "prepare_xy": 0.011,
    "score_test": 0.136,
    "score_val": 0.084,
    "select_threshold": 0.044,
    "write_predictions": 0.058
  },
  "task": "ml-1m_cold_start_k5_cap20_eval_users1000_cg5_m19_seed0",
  "test": {
    "macro_by_group": {
      "accuracy": 0.9427099999999998,
      "f1": 0.17101333333333332,
      "n": 100000,
      "n_groups": 5000,
      "n_positive": 5000,
      "n_predicted_positive": 2615,
      "precision": 0.16290666666666667,
      "recall": 0.1886
    },
    "macro_by_user_group_mean": {
      "accuracy": 0.9427099999999998,
      "f1": 0.17101333333333332,
      "n": 100000,
      "n_groups": 5000,
      "n_positive": 5000,
      "n_predicted_positive": 2615,
      "n_users": 1000,
      "precision": 0.1629066666666667,
      "recall": 0.18860000000000002
    },
    "micro": {
      "accuracy": 0.94271,
      "f1": 0.24766907419566644,
      "n": 100000,
      "n_positive": 5000,
      "n_predicted_positive": 2615,
      "precision": 0.3606118546845124,
      "recall": 0.1886
    }
  },
  "threshold": 0.03962030410766602,
  "threshold_metric": "macro_by_user_group_mean_f1",
  "val": {
    "macro_by_group": {
      "accuracy": 0.9430794701986754,
      "f1": 0.16991169977924944,
      "n": 60400,
      "n_groups": 3020,
      "n_positive": 3020,
      "n_predicted_positive": 1546,
      "precision": 0.16214128035320088,
      "recall": 0.18675496688741722
    },
    "macro_by_user_group_mean": {
      "accuracy": 0.9430794701986756,
      "f1": 0.16991169977924944,
      "n": 60400,
      "n_groups": 3020,
      "n_positive": 3020,
      "n_predicted_positive": 1546,
      "n_users": 604,
      "precision": 0.16214128035320088,
      "recall": 0.18675496688741722
    },
    "micro": {
      "accuracy": 0.9430794701986756,
      "f1": 0.24704336399474375,
      "n": 60400,
      "n_positive": 3020,
      "n_predicted_positive": 1546,
      "precision": 0.3648124191461837,
      "recall": 0.18675496688741722
    }
  }
}
