{
  "candidate_groups": {
    "requested": {
      "groups": 4948,
      "positives_max": 5,
      "positives_mean": 4.9553354890865,
      "positives_min": 1,
      "rows_max": 20,
      "rows_mean": 19.821341956346,
      "rows_min": 4,
      "sampled_max": 15,
      "sampled_mean": 14.8660064672595,
      "sampled_min": 3
    },
    "scored": {
      "groups": 4948,
      "positives_max": 5,
      "positives_mean": 4.9553354890865,
      "positives_min": 1,
      "rows_max": 20,
      "rows_mean": 19.821341956346,
      "rows_min": 4,
      "sampled_max": 15,
      "sampled_mean": 14.8660064672595,
      "sampled_min": 3
    }
  },
  "llm_errors": 0,
  "main_metric": "test.macro_by_user_group_mean.ndcg@5",
  "max_candidate_groups": null,
  "max_workers": 128,
  "method": "llm_yes_no_vllm_qwen36_27b_full",
  "protocol": "ranking",
  "ranking_evaluation": {
    "ks": [
      1,
      3,
      5,
      10
    ],
    "tie_policy": "average"
  },
  "requested_rows": 98076,
  "scored_rows": 98076,
  "task": "ml-1m_cold_start_k3_cap20_eval_users1000_cg5_m3_seed0",
  "test": {
    "macro_by_group": {
      "groups_with_score_ties": 4948,
      "groups_with_score_ties_fraction": 1.0,
      "groups_with_size_lte@1": 0,
      "groups_with_size_lte@10": 49,
      "groups_with_size_lte@3": 0,
      "groups_with_size_lte@5": 17,
      "groups_without_positive": 0,
      "hit_rate@1": 0.3876552642523148,
      "hit_rate@10": 0.9892155018888683,
      "hit_rate@3": 0.7471535312712737,
      "hit_rate@5": 0.8881838322453851,
      "n": 98076,
      "n_groups": 4948,
      "n_positive": 24519,
      "ndcg@1": 0.3876552642523148,
      "ndcg@10": 0.5277095571494218,
      "ndcg@3": 0.3853095905998469,
      "ndcg@5": 0.380216693432185,
      "tie_policy": "average"
    },
    "macro_by_user_group_mean": {
      "groups_with_score_ties": 4948,
      "groups_with_score_ties_fraction": 1.0,
      "groups_with_size_lte@1": 0,
      "groups_with_size_lte@10": 49,
      "groups_with_size_lte@3": 0,
      "groups_with_size_lte@5": 17,
      "groups_without_positive": 0,
      "hit_rate@1": 0.38714596260765377,
      "hit_rate@10": 0.9892341274351724,
      "hit_rate@3": 0.7467707588953875,
      "hit_rate@5": 0.8880448872741036,
      "n": 98076,
      "n_groups": 4948,
      "n_positive": 24519,
      "n_users": 1000,
      "ndcg@1": 0.38714596260765377,
      "ndcg@10": 0.5275724506312145,
      "ndcg@3": 0.38491737829146155,
      "ndcg@5": 0.380090120344163,
      "tie_policy": "average"
    }
  }
}
