{
  "candidate_groups": {
    "test": {
      "requested": {
        "groups": 3624,
        "positives_max": 5,
        "positives_mean": 4.673565121412803,
        "positives_min": 1,
        "rows_max": 20,
        "rows_mean": 18.694260485651213,
        "rows_min": 4,
        "sampled_max": 15,
        "sampled_mean": 14.02069536423841,
        "sampled_min": 3
      },
      "scored": {
        "groups": 3612,
        "positives_max": 5,
        "positives_mean": 4.672480620155039,
        "positives_min": 1,
        "rows_max": 20,
        "rows_mean": 18.689922480620154,
        "rows_min": 4,
        "sampled_max": 15,
        "sampled_mean": 14.017441860465116,
        "sampled_min": 3
      }
    },
    "val": {
      "requested": {
        "groups": 2751,
        "positives_max": 5,
        "positives_mean": 4.443475099963649,
        "positives_min": 1,
        "rows_max": 20,
        "rows_mean": 17.773900399854597,
        "rows_min": 4,
        "sampled_max": 15,
        "sampled_mean": 13.33042529989095,
        "sampled_min": 3
      },
      "scored": {
        "groups": 2747,
        "positives_max": 5,
        "positives_mean": 4.444120859119039,
        "positives_min": 1,
        "rows_max": 20,
        "rows_mean": 17.776483436476155,
        "rows_min": 4,
        "sampled_max": 15,
        "sampled_mean": 13.332362577357117,
        "sampled_min": 3
      }
    }
  },
  "coverage": {
    "test": {
      "failed_fraction": 0.0035425400011808465,
      "failed_rows": 240,
      "requested_rows": 67748,
      "scored_fraction": 0.9964574599988192,
      "scored_rows": 67508
    },
    "val": {
      "failed_fraction": 0.0013089005235602095,
      "failed_rows": 64,
      "requested_rows": 48896,
      "scored_fraction": 0.9986910994764397,
      "scored_rows": 48832
    }
  },
  "llm_errors": {
    "test": 12,
    "val": 4
  },
  "main_metric": "test.macro_by_user_group_mean.f1",
  "method": "agent4rec_listwise_ranking_litellm_qwen36_27b_traits_taste_gpt4o_mini_candidate_summary_full",
  "protocol": "listwise_scores_thresholded_on_validation",
  "task": "ml-1m_item_stats_cap20_eval_users1000_cg5_m3_seed1",
  "test": {
    "macro_by_group": {
      "accuracy": 0.5506702196382429,
      "f1": 0.4594555423043794,
      "n": 67508,
      "n_groups": 3612,
      "n_positive": 16877,
      "n_predicted_positive": 42623,
      "precision": 0.330792420327304,
      "recall": 0.8029069767441861
    },
    "macro_by_user_group_mean": {
      "accuracy": 0.5604143055555555,
      "f1": 0.4561253561253561,
      "n": 67508,
      "n_groups": 3612,
      "n_positive": 16877,
      "n_predicted_positive": 42623,
      "n_users": 1000,
      "precision": 0.33294658119658116,
      "recall": 0.7879436111111112
    },
    "micro": {
      "accuracy": 0.5376251703501808,
      "f1": 0.47539495798319326,
      "n": 67508,
      "n_positive": 16877,
      "n_predicted_positive": 42623,
      "precision": 0.33181615559674354,
      "recall": 0.8380043846655211
    }
  },
  "test_failure_as_negative": {
    "macro_by_group": {
      "accuracy": 0.5513302520235467,
      "f1": 0.4579341663364842,
      "n": 67748,
      "n_groups": 3624,
      "n_positive": 16937,
      "n_predicted_positive": 42623,
      "precision": 0.3296970811871474,
      "recall": 0.800248344370861
    },
    "macro_by_user_group_mean": {
      "accuracy": 0.5608436805555556,
      "f1": 0.45461004273504274,
      "n": 67748,
      "n_groups": 3624,
      "n_positive": 16937,
      "n_predicted_positive": 42623,
      "n_users": 1000,
      "precision": 0.3318559829059829,
      "recall": 0.7853977777777779
    },
    "micro": {
      "accuracy": 0.5383775166794592,
      "f1": 0.47491605104096707,
      "n": 67748,
      "n_positive": 16937,
      "n_predicted_positive": 42623,
      "precision": 0.33181615559674354,
      "recall": 0.8350357206116785
    }
  },
  "threshold": 7.0,
  "threshold_metric": "macro_by_user_group_mean_f1",
  "val": {
    "macro_by_group": {
      "accuracy": 0.565136209197913,
      "f1": 0.4546863867031322,
      "n": 48832,
      "n_groups": 2747,
      "n_positive": 12208,
      "n_predicted_positive": 29999,
      "precision": 0.3362456012619828,
      "recall": 0.771587186021114
    },
    "macro_by_user_group_mean": {
      "accuracy": 0.5854627777777778,
      "f1": 0.4606475071225071,
      "n": 48832,
      "n_groups": 2747,
      "n_positive": 12208,
      "n_predicted_positive": 29999,
      "n_users": 1000,
      "precision": 0.34719472934472934,
      "recall": 0.7554716666666668
    },
    "micro": {
      "accuracy": 0.5456053407601573,
      "f1": 0.47428151728386286,
      "n": 48832,
      "n_positive": 12208,
      "n_predicted_positive": 29999,
      "precision": 0.33364445481516053,
      "recall": 0.8198722149410222
    }
  },
  "val_failure_as_negative": {
    "macro_by_group": {
      "accuracy": 0.565405004240882,
      "f1": 0.45402526509396735,
      "n": 48896,
      "n_groups": 2751,
      "n_positive": 12224,
      "n_predicted_positive": 29999,
      "precision": 0.33575669453532053,
      "recall": 0.7704652853507816
    },
    "macro_by_user_group_mean": {
      "accuracy": 0.5856465277777777,
      "f1": 0.4600398148148148,
      "n": 48896,
      "n_groups": 2751,
      "n_positive": 12224,
      "n_predicted_positive": 29999,
      "n_users": 1000,
      "precision": 0.3467648148148148,
      "recall": 0.7544316666666666
    },
    "micro": {
      "accuracy": 0.5458728730366492,
      "f1": 0.47410179286171045,
      "n": 48896,
      "n_positive": 12224,
      "n_predicted_positive": 29999,
      "precision": 0.33364445481516053,
      "recall": 0.8187990837696335
    }
  }
}
