{
  "candidate_groups": {
    "requested": {
      "groups": 3015,
      "positives_max": 6,
      "positives_mean": 5.886898839137645,
      "positives_min": 1,
      "rows_max": 18,
      "rows_mean": 17.660696517412934,
      "rows_min": 3,
      "sampled_max": 12,
      "sampled_mean": 11.77379767827529,
      "sampled_min": 2
    },
    "scored": {
      "groups": 3015,
      "positives_max": 6,
      "positives_mean": 5.886898839137645,
      "positives_min": 1,
      "rows_max": 18,
      "rows_mean": 17.660696517412934,
      "rows_min": 3,
      "sampled_max": 12,
      "sampled_mean": 11.77379767827529,
      "sampled_min": 2
    }
  },
  "llm_errors": 0,
  "main_metric": "test.macro_by_user_group_mean.ndcg@5",
  "max_candidate_groups": null,
  "max_workers": 128,
  "method": "llm_yes_no_vllm_qwen36_27b_full",
  "protocol": "ranking",
  "ranking_evaluation": {
    "ks": [
      1,
      3,
      5,
      10
    ],
    "tie_policy": "average"
  },
  "requested_rows": 53247,
  "scored_rows": 53247,
  "task": "ml-1m_cold_start_k3_cap20_eval_users1000_cg5_m2_seed2",
  "test": {
    "macro_by_group": {
      "groups_with_score_ties": 3015,
      "groups_with_score_ties_fraction": 1.0,
      "groups_with_size_lte@1": 0,
      "groups_with_size_lte@10": 70,
      "groups_with_size_lte@3": 21,
      "groups_with_size_lte@5": 21,
      "groups_without_positive": 0,
      "hit_rate@1": 0.4899678440225704,
      "hit_rate@10": 0.9976586118333265,
      "hit_rate@3": 0.8291556989493776,
      "hit_rate@5": 0.9312474929009902,
      "n": 53247,
      "n_groups": 3015,
      "n_positive": 17749,
      "ndcg@1": 0.4899678440225704,
      "ndcg@10": 0.6116881444984664,
      "ndcg@3": 0.49109367572741924,
      "ndcg@5": 0.48781400383677365,
      "tie_policy": "average"
    },
    "macro_by_user_group_mean": {
      "groups_with_score_ties": 3015,
      "groups_with_score_ties_fraction": 1.0,
      "groups_with_size_lte@1": 0,
      "groups_with_size_lte@10": 70,
      "groups_with_size_lte@3": 21,
      "groups_with_size_lte@5": 21,
      "groups_without_positive": 0,
      "hit_rate@1": 0.4869201027881584,
      "hit_rate@10": 0.9977872163139049,
      "hit_rate@3": 0.8319144517428831,
      "hit_rate@5": 0.934073036105648,
      "n": 53247,
      "n_groups": 3015,
      "n_positive": 17749,
      "n_users": 648,
      "ndcg@1": 0.4869201027881584,
      "ndcg@10": 0.6147220315836617,
      "ndcg@3": 0.4914172081491903,
      "ndcg@5": 0.490988826514423,
      "tie_policy": "average"
    }
  }
}
