{
  "candidate_groups": {
    "requested": {
      "groups": 6173,
      "positives_max": 6,
      "positives_mean": 5.592094605540256,
      "positives_min": 1,
      "rows_max": 18,
      "rows_mean": 16.77628381662077,
      "rows_min": 3,
      "sampled_max": 12,
      "sampled_mean": 11.184189211080511,
      "sampled_min": 2
    },
    "scored": {
      "groups": 6173,
      "positives_max": 6,
      "positives_mean": 5.592094605540256,
      "positives_min": 1,
      "rows_max": 18,
      "rows_mean": 16.77628381662077,
      "rows_min": 3,
      "sampled_max": 12,
      "sampled_mean": 11.184189211080511,
      "sampled_min": 2
    }
  },
  "llm_errors": 0,
  "main_metric": "test.macro_by_user_group_mean.f1",
  "max_candidate_groups": null,
  "max_workers": 64,
  "method": "llm_yes_no_vllm_llama33_70b_full",
  "requested_rows": 103560,
  "scored_rows": 103560,
  "task": "ml-1m_interaction_cap20_eval_users1000_m2_seed0",
  "test": {
    "macro_by_group": {
      "accuracy": 0.5588197706859622,
      "f1": 0.5535154137749855,
      "n": 103560,
      "n_groups": 6173,
      "n_positive": 34520,
      "n_predicted_positive": 66902,
      "precision": 0.4359644086184476,
      "recall": 0.8042820886656948
    },
    "macro_by_user_group_mean": {
      "accuracy": 0.5904072594455033,
      "f1": 0.5826733463651388,
      "n": 103560,
      "n_groups": 6173,
      "n_positive": 34520,
      "n_predicted_positive": 66902,
      "n_users": 1000,
      "precision": 0.4673177509078355,
      "recall": 0.8260944708519873
    },
    "micro": {
      "accuracy": 0.5557744302819622,
      "f1": 0.5464100491017728,
      "n": 103560,
      "n_positive": 34520,
      "n_predicted_positive": 66902,
      "precision": 0.4141729694179546,
      "recall": 0.802694090382387
    }
  }
}
