{
  "candidate_groups": {
    "requested": {
      "groups": 6173,
      "positives_max": 6,
      "positives_mean": 5.592094605540256,
      "positives_min": 1,
      "rows_max": 18,
      "rows_mean": 16.77628381662077,
      "rows_min": 3,
      "sampled_max": 12,
      "sampled_mean": 11.184189211080511,
      "sampled_min": 2
    },
    "scored": {
      "groups": 6173,
      "positives_max": 6,
      "positives_mean": 5.592094605540256,
      "positives_min": 1,
      "rows_max": 18,
      "rows_mean": 16.77628381662077,
      "rows_min": 3,
      "sampled_max": 12,
      "sampled_mean": 11.184189211080511,
      "sampled_min": 2
    }
  },
  "llm_errors": 0,
  "main_metric": "test.macro_by_user_group_mean.ndcg@5",
  "max_candidate_groups": null,
  "max_workers": 64,
  "method": "llm_yes_no_vllm_llama33_70b_full",
  "protocol": "ranking",
  "ranking_evaluation": {
    "ks": [
      1,
      3,
      5,
      10
    ],
    "tie_policy": "average"
  },
  "requested_rows": 103560,
  "scored_rows": 103560,
  "task": "ml-1m_interaction_cap20_eval_users1000_m2_seed0",
  "test": {
    "macro_by_group": {
      "groups_with_score_ties": 6173,
      "groups_with_score_ties_fraction": 1.0,
      "groups_with_size_lte@1": 0,
      "groups_with_size_lte@10": 488,
      "groups_with_size_lte@3": 185,
      "groups_with_size_lte@5": 185,
      "groups_without_positive": 0,
      "hit_rate@1": 0.43650439457881257,
      "hit_rate@10": 0.9996325337152563,
      "hit_rate@3": 0.8373814488542051,
      "hit_rate@5": 0.9596123813262492,
      "n": 103560,
      "n_groups": 6173,
      "n_positive": 34520,
      "ndcg@1": 0.43650439457881257,
      "ndcg@10": 0.5925695665836817,
      "ndcg@3": 0.4478859845478354,
      "ndcg@5": 0.45564581278485144,
      "tie_policy": "average"
    },
    "macro_by_user_group_mean": {
      "groups_with_score_ties": 6173,
      "groups_with_score_ties_fraction": 1.0,
      "groups_with_size_lte@1": 0,
      "groups_with_size_lte@10": 488,
      "groups_with_size_lte@3": 185,
      "groups_with_size_lte@5": 185,
      "groups_without_positive": 0,
      "hit_rate@1": 0.46794314773323226,
      "hit_rate@10": 0.9998128569682179,
      "hit_rate@3": 0.8610403284874679,
      "hit_rate@5": 0.9681763811391313,
      "n": 103560,
      "n_groups": 6173,
      "n_positive": 34520,
      "n_users": 1000,
      "ndcg@1": 0.46794314773323226,
      "ndcg@10": 0.6353620693602291,
      "ndcg@3": 0.484446931460171,
      "ndcg@5": 0.49793268883384434,
      "tie_policy": "average"
    }
  }
}
