{
  "candidate_groups": {
    "requested": {
      "groups": 3672,
      "positives_max": 5,
      "positives_mean": 4.703703703703703,
      "positives_min": 1,
      "rows_max": 20,
      "rows_mean": 18.814814814814813,
      "rows_min": 4,
      "sampled_max": 15,
      "sampled_mean": 14.11111111111111,
      "sampled_min": 3
    },
    "scored": {
      "groups": 3521,
      "positives_max": 5,
      "positives_mean": 4.690996875887532,
      "positives_min": 1,
      "rows_max": 20,
      "rows_mean": 18.763987503550126,
      "rows_min": 4,
      "sampled_max": 15,
      "sampled_mean": 14.072990627662596,
      "sampled_min": 3
    }
  },
  "coverage": {
    "failed_fraction": 0.04371236683649838,
    "failed_rows": 3020,
    "requested_rows": 69088,
    "scored_fraction": 0.9562876331635016,
    "scored_rows": 66068
  },
  "llm_errors": 151,
  "main_metric": "test.macro_by_user_group_mean.ndcg@5",
  "max_candidate_groups": null,
  "max_workers": 8,
  "method": "agent4rec_yes_no_vllm_qwen36_27b_traits_full",
  "protocol": "ranking",
  "ranking_evaluation": {
    "ks": [
      1,
      3,
      5,
      10
    ],
    "tie_policy": "average"
  },
  "requested_rows": 69088,
  "scored_rows": 66068,
  "task": "ml-1m_item_stats_cap20_eval_users1000_cg5_m3_seed2",
  "test": {
    "macro_by_group": {
      "groups_with_score_ties": 3521,
      "groups_with_score_ties_fraction": 1.0,
      "groups_with_size_lte@1": 0,
      "groups_with_size_lte@10": 215,
      "groups_with_size_lte@3": 0,
      "groups_with_size_lte@5": 116,
      "groups_without_positive": 0,
      "hit_rate@1": 0.2574412039563853,
      "hit_rate@10": 0.9808235340274201,
      "hit_rate@3": 0.5898582311406341,
      "hit_rate@5": 0.7890436473509903,
      "n": 66068,
      "n_groups": 3521,
      "n_positive": 16517,
      "ndcg@1": 0.2574412039563853,
      "ndcg@10": 0.4177692564691147,
      "ndcg@3": 0.270287124570471,
      "ndcg@5": 0.28214954490425054,
      "tie_policy": "average"
    },
    "macro_by_user_group_mean": {
      "groups_with_score_ties": 3521,
      "groups_with_score_ties_fraction": 1.0,
      "groups_with_size_lte@1": 0,
      "groups_with_size_lte@10": 215,
      "groups_with_size_lte@3": 0,
      "groups_with_size_lte@5": 116,
      "groups_without_positive": 0,
      "hit_rate@1": 0.25516731117979136,
      "hit_rate@10": 0.98269623331275,
      "hit_rate@3": 0.5954635714115042,
      "hit_rate@5": 0.7986139786790384,
      "n": 66068,
      "n_groups": 3521,
      "n_positive": 16517,
      "n_users": 997,
      "ndcg@1": 0.25516731117979136,
      "ndcg@10": 0.4226323770800541,
      "ndcg@3": 0.2718455227246977,
      "ndcg@5": 0.2876718866828821,
      "tie_policy": "average"
    }
  },
  "test_failure_as_zero_group": {
    "macro_by_group": {
      "failed_groups": 151,
      "failed_groups_fraction": 0.04112200435729847,
      "failure_policy": "failed_group_zero",
      "groups_with_score_ties": 3521,
      "groups_with_score_ties_fraction": 0.9588779956427015,
      "groups_with_size_lte@1": 0,
      "groups_with_size_lte@10": 215,
      "groups_with_size_lte@3": 0,
      "groups_with_size_lte@5": 116,
      "groups_without_positive": 0,
      "hit_rate@1": 0.24685470564554268,
      "hit_rate@10": 0.9404901043874037,
      "hit_rate@3": 0.5656020783894806,
      "hit_rate@5": 0.7565965910465242,
      "n": 69088,
      "n_groups": 3672,
      "n_positive": 17272,
      "ndcg@1": 0.24685470564554265,
      "ndcg@10": 0.40058974728424646,
      "ndcg@3": 0.2591723762561624,
      "ndcg@5": 0.2705469900892882,
      "scored_groups": 3521,
      "tie_policy": "average"
    },
    "macro_by_user_group_mean": {
      "failed_groups": 151,
      "failed_groups_fraction": 0.04112200435729847,
      "failure_policy": "failed_group_zero",
      "groups_with_score_ties": 3521,
      "groups_with_score_ties_fraction": 0.9588779956427015,
      "groups_with_size_lte@1": 0,
      "groups_with_size_lte@10": 215,
      "groups_with_size_lte@3": 0,
      "groups_with_size_lte@5": 116,
      "groups_without_positive": 0,
      "hit_rate@1": 0.24519287360386433,
      "hit_rate@10": 0.9468351658360559,
      "hit_rate@3": 0.5727371888623358,
      "hit_rate@5": 0.7686480764011531,
      "n": 69088,
      "n_groups": 3672,
      "n_positive": 17272,
      "n_users": 1000,
      "ndcg@1": 0.24519287360386433,
      "ndcg@10": 0.4069671290350703,
      "ndcg@3": 0.2613578938643492,
      "ndcg@5": 0.27680572573692414,
      "scored_groups": 3521,
      "tie_policy": "average"
    }
  }
}
