{
  "candidate_groups": {
    "requested": {
      "groups": 2938,
      "positives_max": 10,
      "positives_mean": 9.643635125936012,
      "positives_min": 1,
      "rows_max": 20,
      "rows_mean": 19.287270251872023,
      "rows_min": 2,
      "sampled_max": 10,
      "sampled_mean": 9.643635125936012,
      "sampled_min": 1
    },
    "scored": {
      "groups": 2938,
      "positives_max": 10,
      "positives_mean": 9.643635125936012,
      "positives_min": 1,
      "rows_max": 20,
      "rows_mean": 19.287270251872023,
      "rows_min": 2,
      "sampled_max": 10,
      "sampled_mean": 9.643635125936012,
      "sampled_min": 1
    }
  },
  "llm_errors": 0,
  "main_metric": "test.macro_by_user_group_mean.ndcg@5",
  "max_candidate_groups": null,
  "max_workers": 128,
  "method": "llm_yes_no_vllm_qwen36_27b_full",
  "protocol": "ranking",
  "ranking_evaluation": {
    "ks": [
      1,
      3,
      5,
      10
    ],
    "tie_policy": "average"
  },
  "requested_rows": 56666,
  "scored_rows": 56666,
  "task": "ml-1m_cold_start_k3_cap20_eval_users1000_cg5_m1_seed1",
  "test": {
    "macro_by_group": {
      "groups_with_score_ties": 2917,
      "groups_with_score_ties_fraction": 0.9928522804629,
      "groups_with_size_lte@1": 0,
      "groups_with_size_lte@10": 123,
      "groups_with_size_lte@3": 27,
      "groups_with_size_lte@5": 56,
      "groups_without_positive": 0,
      "hit_rate@1": 0.6462147622420454,
      "hit_rate@10": 0.9999542838810563,
      "hit_rate@3": 0.9329344113790923,
      "hit_rate@5": 0.9831734014201474,
      "n": 56666,
      "n_groups": 2938,
      "n_positive": 28333,
      "ndcg@1": 0.6462147622420454,
      "ndcg@10": 0.6417855726589912,
      "ndcg@3": 0.6512144941535579,
      "ndcg@5": 0.6529619765997767,
      "tie_policy": "average"
    },
    "macro_by_user_group_mean": {
      "groups_with_score_ties": 2917,
      "groups_with_score_ties_fraction": 0.9928522804629,
      "groups_with_size_lte@1": 0,
      "groups_with_size_lte@10": 123,
      "groups_with_size_lte@3": 27,
      "groups_with_size_lte@5": 56,
      "groups_without_positive": 0,
      "hit_rate@1": 0.645973012102639,
      "hit_rate@10": 0.9999604259228247,
      "hit_rate@3": 0.9363915651342122,
      "hit_rate@5": 0.9848764838962207,
      "n": 56666,
      "n_groups": 2938,
      "n_positive": 28333,
      "n_users": 680,
      "ndcg@1": 0.645973012102639,
      "ndcg@10": 0.6560593004213827,
      "ndcg@3": 0.6556159222430835,
      "ndcg@5": 0.6602827348798121,
      "tie_policy": "average"
    }
  }
}
