{
  "candidate_groups": {
    "test": {
      "groups": 4832,
      "positives_max": 6,
      "positives_mean": 5.912044701986755,
      "positives_min": 1,
      "rows_max": 18,
      "rows_mean": 17.736134105960264,
      "rows_min": 3,
      "sampled_max": 12,
      "sampled_mean": 11.82408940397351,
      "sampled_min": 2
    },
    "val": {
      "groups": 2904,
      "positives_max": 6,
      "positives_mean": 5.916322314049586,
      "positives_min": 1,
      "rows_max": 18,
      "rows_mean": 17.748966942148762,
      "rows_min": 3,
      "sampled_max": 12,
      "sampled_mean": 11.832644628099173,
      "sampled_min": 2
    }
  },
  "main_metric": "test.macro_by_user_group_mean.ndcg@5",
  "method": "item_knn_cold_start_ranking",
  "protocol": "ranking",
  "ranking_evaluation": {
    "ks": [
      1,
      3,
      5,
      10
    ],
    "tie_policy": "average"
  },
  "stage_times_seconds": {
    "candidate_group_summary": 0.032,
    "compute_ranking_metrics": 2.13,
    "fit": 0.668,
    "prepare_xy": 0.023,
    "score_test": 0.366,
    "score_val": 0.23,
    "write_predictions": 0.097
  },
  "task": "ml-1m_cold_start_k5_cap20_eval_users1000_cg5_m2_seed0",
  "test": {
    "macro_by_group": {
      "groups_with_score_ties": 4832,
      "groups_with_score_ties_fraction": 1.0,
      "groups_with_size_lte@1": 0,
      "groups_with_size_lte@10": 85,
      "groups_with_size_lte@3": 28,
      "groups_with_size_lte@5": 28,
      "groups_without_positive": 0,
      "hit_rate@1": 0.6540424944812362,
      "hit_rate@10": 0.9993094355056277,
      "hit_rate@3": 0.8729310149012137,
      "hit_rate@5": 0.9569039404304306,
      "n": 85701,
      "n_groups": 4832,
      "n_positive": 28567,
      "ndcg@1": 0.6540424944812362,
      "ndcg@10": 0.5835580365506354,
      "ndcg@3": 0.556439490473355,
      "ndcg@5": 0.4951343840499472,
      "tie_policy": "average"
    },
    "macro_by_user_group_mean": {
      "groups_with_score_ties": 4832,
      "groups_with_score_ties_fraction": 1.0,
      "groups_with_size_lte@1": 0,
      "groups_with_size_lte@10": 85,
      "groups_with_size_lte@3": 28,
      "groups_with_size_lte@5": 28,
      "groups_without_positive": 0,
      "hit_rate@1": 0.6527777777777778,
      "hit_rate@10": 0.9993136486389428,
      "hit_rate@3": 0.8726893161168896,
      "hit_rate@5": 0.956932134543017,
      "n": 85701,
      "n_groups": 4832,
      "n_positive": 28567,
      "n_users": 1000,
      "ndcg@1": 0.6527777777777778,
      "ndcg@10": 0.5841796874258928,
      "ndcg@3": 0.5557041622688816,
      "ndcg@5": 0.49522259302493044,
      "tie_policy": "average"
    }
  },
  "val": {
    "macro_by_group": {
      "groups_with_score_ties": 2904,
      "groups_with_score_ties_fraction": 1.0,
      "groups_with_size_lte@1": 0,
      "groups_with_size_lte@10": 44,
      "groups_with_size_lte@3": 7,
      "groups_with_size_lte@5": 7,
      "groups_without_positive": 0,
      "hit_rate@1": 0.6528925619834711,
      "hit_rate@10": 0.999306712930923,
      "hit_rate@3": 0.8711639392652397,
      "hit_rate@5": 0.9564384493771951,
      "n": 51543,
      "n_groups": 2904,
      "n_positive": 17181,
      "ndcg@1": 0.6528925619834711,
      "ndcg@10": 0.5819711522235846,
      "ndcg@3": 0.5532026896131178,
      "ndcg@5": 0.4924406924757873,
      "tie_policy": "average"
    },
    "macro_by_user_group_mean": {
      "groups_with_score_ties": 2904,
      "groups_with_score_ties_fraction": 1.0,
      "groups_with_size_lte@1": 0,
      "groups_with_size_lte@10": 44,
      "groups_with_size_lte@3": 7,
      "groups_with_size_lte@5": 7,
      "groups_without_positive": 0,
      "hit_rate@1": 0.648804267844003,
      "hit_rate@10": 0.9993050003387948,
      "hit_rate@3": 0.8694592789395817,
      "hit_rate@5": 0.9559977090245887,
      "n": 51543,
      "n_groups": 2904,
      "n_positive": 17181,
      "n_users": 604,
      "ndcg@1": 0.6488042678440029,
      "ndcg@10": 0.581761604893461,
      "ndcg@3": 0.5505301505873382,
      "ndcg@5": 0.49125878494113456,
      "tie_policy": "average"
    }
  }
}
