{
  "candidate_groups": {
    "requested": {
      "groups": 2978,
      "positives_max": 10,
      "positives_mean": 9.658159838818,
      "positives_min": 1,
      "rows_max": 20,
      "rows_mean": 19.316319677636,
      "rows_min": 2,
      "sampled_max": 10,
      "sampled_mean": 9.658159838818,
      "sampled_min": 1
    },
    "scored": {
      "groups": 2978,
      "positives_max": 10,
      "positives_mean": 9.658159838818,
      "positives_min": 1,
      "rows_max": 20,
      "rows_mean": 19.316319677636,
      "rows_min": 2,
      "sampled_max": 10,
      "sampled_mean": 9.658159838818,
      "sampled_min": 1
    }
  },
  "llm_errors": 0,
  "main_metric": "test.macro_by_user_group_mean.f1",
  "max_candidate_groups": null,
  "max_workers": 128,
  "method": "llm_yes_no_vllm_qwen36_27b_full",
  "requested_rows": 57524,
  "scored_rows": 57524,
  "task": "ml-1m_cold_start_k1_cap20_eval_users1000_cg5_m1_seed1",
  "test": {
    "macro_by_group": {
      "accuracy": 0.5623684799641818,
      "f1": 0.3631116628003565,
      "n": 57524,
      "n_groups": 2978,
      "n_positive": 28762,
      "n_predicted_positive": 15027,
      "precision": 0.48685279722888863,
      "recall": 0.32495269542784655
    },
    "macro_by_user_group_mean": {
      "accuracy": 0.565705354763808,
      "f1": 0.3717257072211219,
      "n": 57524,
      "n_groups": 2978,
      "n_positive": 28762,
      "n_predicted_positive": 15027,
      "n_users": 695,
      "precision": 0.4937131601412177,
      "recall": 0.3345859407711926
    },
    "micro": {
      "accuracy": 0.56225227731034,
      "f1": 0.4249469044737263,
      "n": 57524,
      "n_positive": 28762,
      "n_predicted_positive": 15027,
      "precision": 0.6191521927197711,
      "recall": 0.32348237257492524
    }
  }
}
