{
  "candidate_groups": {
    "requested": {
      "groups": 2978,
      "positives_max": 10,
      "positives_mean": 9.658159838818,
      "positives_min": 1,
      "rows_max": 20,
      "rows_mean": 19.316319677636,
      "rows_min": 2,
      "sampled_max": 10,
      "sampled_mean": 9.658159838818,
      "sampled_min": 1
    },
    "scored": {
      "groups": 2978,
      "positives_max": 10,
      "positives_mean": 9.658159838818,
      "positives_min": 1,
      "rows_max": 20,
      "rows_mean": 19.316319677636,
      "rows_min": 2,
      "sampled_max": 10,
      "sampled_mean": 9.658159838818,
      "sampled_min": 1
    }
  },
  "llm_errors": 0,
  "main_metric": "test.macro_by_user_group_mean.ndcg@5",
  "max_candidate_groups": null,
  "max_workers": 128,
  "method": "llm_yes_no_vllm_qwen36_27b_full",
  "protocol": "ranking",
  "ranking_evaluation": {
    "ks": [
      1,
      3,
      5,
      10
    ],
    "tie_policy": "average"
  },
  "requested_rows": 57524,
  "scored_rows": 57524,
  "task": "ml-1m_cold_start_k1_cap20_eval_users1000_cg5_m1_seed1",
  "test": {
    "macro_by_group": {
      "groups_with_score_ties": 2965,
      "groups_with_score_ties_fraction": 0.9956346541302887,
      "groups_with_size_lte@1": 0,
      "groups_with_size_lte@10": 116,
      "groups_with_size_lte@3": 24,
      "groups_with_size_lte@5": 40,
      "groups_without_positive": 0,
      "hit_rate@1": 0.5533403727829518,
      "hit_rate@10": 0.9999783543240514,
      "hit_rate@3": 0.881519504612044,
      "hit_rate@5": 0.9685447529960284,
      "n": 57524,
      "n_groups": 2978,
      "n_positive": 28762,
      "ndcg@1": 0.5533403727829518,
      "ndcg@10": 0.5688832627748122,
      "ndcg@3": 0.5625328316507153,
      "ndcg@5": 0.5681400134643407,
      "tie_policy": "average"
    },
    "macro_by_user_group_mean": {
      "groups_with_score_ties": 2965,
      "groups_with_score_ties_fraction": 0.9956346541302887,
      "groups_with_size_lte@1": 0,
      "groups_with_size_lte@10": 116,
      "groups_with_size_lte@3": 24,
      "groups_with_size_lte@5": 40,
      "groups_without_positive": 0,
      "hit_rate@1": 0.5603198747695151,
      "hit_rate@10": 0.9999809040391929,
      "hit_rate@3": 0.888104489069726,
      "hit_rate@5": 0.9714318871871715,
      "n": 57524,
      "n_groups": 2978,
      "n_positive": 28762,
      "n_users": 695,
      "ndcg@1": 0.5603198747695151,
      "ndcg@10": 0.5885459419449199,
      "ndcg@3": 0.5713835950313597,
      "ndcg@5": 0.5792979244088167,
      "tie_policy": "average"
    }
  }
}
