{
  "candidate_groups": {
    "requested": {
      "groups": 2763,
      "positives_max": 10,
      "positives_mean": 8.776692001447701,
      "positives_min": 1,
      "rows_max": 20,
      "rows_mean": 17.553384002895402,
      "rows_min": 2,
      "sampled_max": 10,
      "sampled_mean": 8.776692001447701,
      "sampled_min": 1
    },
    "scored": {
      "groups": 2731,
      "positives_max": 10,
      "positives_mean": 8.76455510801904,
      "positives_min": 1,
      "rows_max": 20,
      "rows_mean": 17.52911021603808,
      "rows_min": 2,
      "sampled_max": 10,
      "sampled_mean": 8.76455510801904,
      "sampled_min": 1
    }
  },
  "coverage": {
    "failed_fraction": 0.012948453608247423,
    "failed_rows": 628,
    "requested_rows": 48500,
    "scored_fraction": 0.9870515463917526,
    "scored_rows": 47872
  },
  "llm_errors": 32,
  "main_metric": "test.macro_by_user_group_mean.ndcg@5",
  "max_candidate_groups": null,
  "max_workers": 32,
  "method": "agent4rec_yes_no_litellm_qwen36_27b_traits_taste_gpt4o_mini_candidate_summary_full",
  "protocol": "ranking",
  "ranking_evaluation": {
    "ks": [
      1,
      3,
      5,
      10
    ],
    "tie_policy": "average"
  },
  "requested_rows": 48500,
  "scored_rows": 47872,
  "task": "ml-1m_item_stats_cap20_eval_users1000_cg5_m1_seed2",
  "test": {
    "macro_by_group": {
      "groups_with_score_ties": 2690,
      "groups_with_score_ties_fraction": 0.9849871841816185,
      "groups_with_size_lte@1": 0,
      "groups_with_size_lte@10": 373,
      "groups_with_size_lte@3": 65,
      "groups_with_size_lte@5": 117,
      "groups_without_positive": 0,
      "hit_rate@1": 0.6838682350920579,
      "hit_rate@10": 0.99999933318808,
      "hit_rate@3": 0.9635504433420348,
      "hit_rate@5": 0.9955707433639116,
      "n": 47872,
      "n_groups": 2731,
      "n_positive": 23936,
      "ndcg@1": 0.6838682350920579,
      "ndcg@10": 0.6756337261508764,
      "ndcg@3": 0.6821900020931724,
      "ndcg@5": 0.6797974753229323,
      "tie_policy": "average"
    },
    "macro_by_user_group_mean": {
      "groups_with_score_ties": 2690,
      "groups_with_score_ties_fraction": 0.9849871841816185,
      "groups_with_size_lte@1": 0,
      "groups_with_size_lte@10": 373,
      "groups_with_size_lte@3": 65,
      "groups_with_size_lte@5": 117,
      "groups_without_positive": 0,
      "hit_rate@1": 0.7019888096452309,
      "hit_rate@10": 0.9999995097450001,
      "hit_rate@3": 0.9666196225923279,
      "hit_rate@5": 0.9961239125929792,
      "n": 47872,
      "n_groups": 2731,
      "n_positive": 23936,
      "n_users": 997,
      "ndcg@1": 0.7019888096452309,
      "ndcg@10": 0.7022855753242481,
      "ndcg@3": 0.6954103124765223,
      "ndcg@5": 0.6867715727832212,
      "tie_policy": "average"
    }
  },
  "test_failure_as_zero_group": {
    "macro_by_group": {
      "failed_groups": 32,
      "failed_groups_fraction": 0.01158161418747738,
      "failure_policy": "failed_group_zero",
      "groups_with_score_ties": 2690,
      "groups_with_score_ties_fraction": 0.9735794426348172,
      "groups_with_size_lte@1": 0,
      "groups_with_size_lte@10": 373,
      "groups_with_size_lte@3": 65,
      "groups_with_size_lte@5": 117,
      "groups_without_positive": 0,
      "hit_rate@1": 0.6759479370381506,
      "hit_rate@10": 0.988417726723361,
      "hit_rate@3": 0.9523909738570745,
      "hit_rate@5": 0.9840404271179307,
      "n": 48500,
      "n_groups": 2763,
      "n_positive": 24250,
      "ndcg@1": 0.6759479370381506,
      "ndcg@10": 0.6678087970025492,
      "ndcg@3": 0.6742891406863748,
      "ndcg@5": 0.671924323238121,
      "scored_groups": 2731,
      "tie_policy": "average"
    },
    "macro_by_user_group_mean": {
      "failed_groups": 32,
      "failed_groups_fraction": 0.01158161418747738,
      "failure_policy": "failed_group_zero",
      "groups_with_score_ties": 2690,
      "groups_with_score_ties_fraction": 0.9735794426348172,
      "groups_with_size_lte@1": 0,
      "groups_with_size_lte@10": 373,
      "groups_with_size_lte@3": 65,
      "groups_with_size_lte@5": 117,
      "groups_without_positive": 0,
      "hit_rate@1": 0.6943049581193661,
      "hit_rate@10": 0.9891995126591102,
      "hit_rate@3": 0.9561373575626014,
      "hit_rate@5": 0.9853448352523237,
      "n": 48500,
      "n_groups": 2763,
      "n_positive": 24250,
      "n_users": 1000,
      "ndcg@1": 0.6943049581193661,
      "ndcg@10": 0.6948372431179931,
      "ndcg@3": 0.6877929703945876,
      "ndcg@5": 0.6792018486375268,
      "scored_groups": 2731,
      "tie_policy": "average"
    }
  }
}
