{
  "candidate_groups": {
    "requested": {
      "groups": 3734,
      "positives_max": 5,
      "positives_mean": 4.722281735404392,
      "positives_min": 1,
      "rows_max": 20,
      "rows_mean": 18.88912694161757,
      "rows_min": 4,
      "sampled_max": 15,
      "sampled_mean": 14.166845206213177,
      "sampled_min": 3
    },
    "scored": {
      "groups": 3732,
      "positives_max": 5,
      "positives_mean": 4.722132904608789,
      "positives_min": 1,
      "rows_max": 20,
      "rows_mean": 18.888531618435156,
      "rows_min": 4,
      "sampled_max": 15,
      "sampled_mean": 14.166398713826366,
      "sampled_min": 3
    }
  },
  "coverage": {
    "failed_fraction": 0.0005671184710486021,
    "failed_rows": 40,
    "requested_rows": 70532,
    "scored_fraction": 0.9994328815289514,
    "scored_rows": 70492
  },
  "llm_errors": 2,
  "main_metric": "test.macro_by_user_group_mean.ndcg@5",
  "max_candidate_groups": null,
  "max_workers": 32,
  "method": "agent4rec_yes_no_vllm_qwen3_8b_traits_full",
  "protocol": "ranking",
  "ranking_evaluation": {
    "ks": [
      1,
      3,
      5,
      10
    ],
    "tie_policy": "average"
  },
  "requested_rows": 70532,
  "scored_rows": 70492,
  "task": "ml-1m_item_stats_cap20_eval_users1000_cg5_m3_seed0",
  "test": {
    "macro_by_group": {
      "groups_with_score_ties": 3732,
      "groups_with_score_ties_fraction": 1.0,
      "groups_with_size_lte@1": 0,
      "groups_with_size_lte@10": 213,
      "groups_with_size_lte@3": 0,
      "groups_with_size_lte@5": 106,
      "groups_without_positive": 0,
      "hit_rate@1": 0.2909831663023454,
      "hit_rate@10": 0.9874715481320686,
      "hit_rate@3": 0.6510992712977098,
      "hit_rate@5": 0.8397526536946216,
      "n": 70492,
      "n_groups": 3732,
      "n_positive": 17623,
      "ndcg@1": 0.2909831663023454,
      "ndcg@10": 0.4412366973595114,
      "ndcg@3": 0.29882485838898104,
      "ndcg@5": 0.3049291429548764,
      "tie_policy": "average"
    },
    "macro_by_user_group_mean": {
      "groups_with_score_ties": 3732,
      "groups_with_score_ties_fraction": 1.0,
      "groups_with_size_lte@1": 0,
      "groups_with_size_lte@10": 213,
      "groups_with_size_lte@3": 0,
      "groups_with_size_lte@5": 106,
      "groups_without_positive": 0,
      "hit_rate@1": 0.282385971691707,
      "hit_rate@10": 0.9876754081401915,
      "hit_rate@3": 0.64368504228142,
      "hit_rate@5": 0.8377111241720956,
      "n": 70492,
      "n_groups": 3732,
      "n_positive": 17623,
      "n_users": 1000,
      "ndcg@1": 0.282385971691707,
      "ndcg@10": 0.44128866766318764,
      "ndcg@3": 0.29432277446162947,
      "ndcg@5": 0.3056941541489298,
      "tie_policy": "average"
    }
  },
  "test_failure_as_zero_group": {
    "macro_by_group": {
      "failed_groups": 2,
      "failed_groups_fraction": 0.0005356186395286556,
      "failure_policy": "failed_group_zero",
      "groups_with_score_ties": 3732,
      "groups_with_score_ties_fraction": 0.9994643813604713,
      "groups_with_size_lte@1": 0,
      "groups_with_size_lte@10": 213,
      "groups_with_size_lte@3": 0,
      "groups_with_size_lte@5": 106,
      "groups_without_positive": 0,
      "hit_rate@1": 0.2908273102946848,
      "hit_rate@10": 0.9869426399648848,
      "hit_rate@3": 0.6507505303918193,
      "hit_rate@5": 0.8393028665207091,
      "n": 70532,
      "n_groups": 3734,
      "n_positive": 17633,
      "ndcg@1": 0.2908273102946848,
      "ndcg@10": 0.4410003627599616,
      "ndcg@3": 0.2986648022248734,
      "ndcg@5": 0.3047658172221743,
      "scored_groups": 3732,
      "tie_policy": "average"
    },
    "macro_by_user_group_mean": {
      "failed_groups": 2,
      "failed_groups_fraction": 0.0005356186395286556,
      "failure_policy": "failed_group_zero",
      "groups_with_score_ties": 3732,
      "groups_with_score_ties_fraction": 0.9994643813604713,
      "groups_with_size_lte@1": 0,
      "groups_with_size_lte@10": 213,
      "groups_with_size_lte@3": 0,
      "groups_with_size_lte@5": 106,
      "groups_without_positive": 0,
      "hit_rate@1": 0.2822788288345641,
      "hit_rate@10": 0.9872787088642352,
      "hit_rate@3": 0.6434298368727934,
      "hit_rate@5": 0.8373726148099406,
      "n": 70532,
      "n_groups": 3734,
      "n_positive": 17633,
      "n_users": 1000,
      "ndcg@1": 0.2822788288345641,
      "ndcg@10": 0.4411125228433117,
      "ndcg@3": 0.29421179943453185,
      "ndcg@5": 0.30557691329889036,
      "scored_groups": 3732,
      "tie_policy": "average"
    }
  }
}
