{
  "candidate_groups": {
    "test": {
      "groups": 9526,
      "positives_max": 2,
      "positives_mean": 1.9441528448456855,
      "positives_min": 1,
      "rows_max": 20,
      "rows_mean": 19.441528448456854,
      "rows_min": 10,
      "sampled_max": 18,
      "sampled_mean": 17.497375603611168,
      "sampled_min": 9
    },
    "val": {
      "groups": 5060,
      "positives_max": 2,
      "positives_mean": 1.9053359683794466,
      "positives_min": 1,
      "rows_max": 20,
      "rows_mean": 19.053359683794465,
      "rows_min": 10,
      "sampled_max": 18,
      "sampled_mean": 17.148023715415018,
      "sampled_min": 9
    }
  },
  "main_metric": "test.macro_by_user_group_mean.ndcg@5",
  "method": "popularity_ranking",
  "protocol": "ranking",
  "ranking_evaluation": {
    "ks": [
      1,
      3,
      5,
      10
    ],
    "tie_policy": "average"
  },
  "stage_times_seconds": {
    "candidate_group_summary": 0.077,
    "compute_ranking_metrics": 7.038,
    "fit": 0.744,
    "prepare_xy": 0.342,
    "score_test": 0.031,
    "score_val": 0.017,
    "write_predictions": 0.37
  },
  "task": "steam_interaction_cap20_eval_users1000_m9_seed3",
  "test": {
    "macro_by_group": {
      "groups_with_score_ties": 8013,
      "groups_with_score_ties_fraction": 0.841171530547974,
      "groups_with_size_lte@1": 0,
      "groups_with_size_lte@10": 532,
      "groups_with_size_lte@3": 0,
      "groups_with_size_lte@5": 0,
      "groups_without_positive": 0,
      "hit_rate@1": 0.772832248582826,
      "hit_rate@10": 0.9993701448666806,
      "hit_rate@3": 0.9534956959899223,
      "hit_rate@5": 0.986090699139198,
      "n": 185200,
      "n_groups": 9526,
      "n_positive": 18520,
      "ndcg@1": 0.772832248582826,
      "ndcg@10": 0.8598155246751792,
      "ndcg@3": 0.772135658739086,
      "ndcg@5": 0.8287971290656728,
      "tie_policy": "average"
    },
    "macro_by_user_group_mean": {
      "groups_with_score_ties": 8013,
      "groups_with_score_ties_fraction": 0.841171530547974,
      "groups_with_size_lte@1": 0,
      "groups_with_size_lte@10": 532,
      "groups_with_size_lte@3": 0,
      "groups_with_size_lte@5": 0,
      "groups_without_positive": 0,
      "hit_rate@1": 0.8419088330994248,
      "hit_rate@10": 0.9997381066602092,
      "hit_rate@3": 0.974273540205466,
      "hit_rate@5": 0.993203658013362,
      "n": 185200,
      "n_groups": 9526,
      "n_positive": 18520,
      "n_users": 1000,
      "ndcg@1": 0.8419088330994248,
      "ndcg@10": 0.8996341856780704,
      "ndcg@3": 0.8386557722225523,
      "ndcg@5": 0.8803120068070448,
      "tie_policy": "average"
    }
  },
  "val": {
    "macro_by_group": {
      "groups_with_score_ties": 4143,
      "groups_with_score_ties_fraction": 0.8187747035573123,
      "groups_with_size_lte@1": 0,
      "groups_with_size_lte@10": 479,
      "groups_with_size_lte@3": 0,
      "groups_with_size_lte@5": 0,
      "groups_without_positive": 0,
      "hit_rate@1": 0.7711462450592885,
      "hit_rate@10": 0.9992094861660079,
      "hit_rate@3": 0.9559288537549407,
      "hit_rate@5": 0.9876482213438735,
      "n": 96410,
      "n_groups": 5060,
      "n_positive": 9641,
      "ndcg@1": 0.7711462450592885,
      "ndcg@10": 0.8627701182045673,
      "ndcg@3": 0.7796676615197202,
      "ndcg@5": 0.8329107054021403,
      "tie_policy": "average"
    },
    "macro_by_user_group_mean": {
      "groups_with_score_ties": 4143,
      "groups_with_score_ties_fraction": 0.8187747035573123,
      "groups_with_size_lte@1": 0,
      "groups_with_size_lte@10": 479,
      "groups_with_size_lte@3": 0,
      "groups_with_size_lte@5": 0,
      "groups_without_positive": 0,
      "hit_rate@1": 0.839412889758577,
      "hit_rate@10": 0.9994254974754975,
      "hit_rate@3": 0.9760541410161491,
      "hit_rate@5": 0.9920221305936361,
      "n": 96410,
      "n_groups": 5060,
      "n_positive": 9641,
      "n_users": 1000,
      "ndcg@1": 0.839412889758577,
      "ndcg@10": 0.9015075889043719,
      "ndcg@3": 0.8443111011653609,
      "ndcg@5": 0.8840644892766857,
      "tie_policy": "average"
    }
  }
}
