{
  "candidate_groups": {
    "requested": {
      "groups": 3624,
      "positives_max": 5,
      "positives_mean": 4.673565121412803,
      "positives_min": 1,
      "rows_max": 20,
      "rows_mean": 18.694260485651213,
      "rows_min": 4,
      "sampled_max": 15,
      "sampled_mean": 14.02069536423841,
      "sampled_min": 3
    },
    "scored": {
      "groups": 3446,
      "positives_max": 5,
      "positives_mean": 4.656703424260011,
      "positives_min": 1,
      "rows_max": 20,
      "rows_mean": 18.626813697040046,
      "rows_min": 4,
      "sampled_max": 15,
      "sampled_mean": 13.970110272780035,
      "sampled_min": 3
    }
  },
  "coverage": {
    "failed_fraction": 0.05254767668418256,
    "failed_rows": 3560,
    "requested_rows": 67748,
    "scored_fraction": 0.9474523233158174,
    "scored_rows": 64188
  },
  "llm_errors": 178,
  "main_metric": "test.macro_by_user_group_mean.ndcg@5",
  "max_candidate_groups": null,
  "max_workers": 8,
  "method": "agent4rec_yes_no_vllm_qwen36_27b_traits_full",
  "protocol": "ranking",
  "ranking_evaluation": {
    "ks": [
      1,
      3,
      5,
      10
    ],
    "tie_policy": "average"
  },
  "requested_rows": 67748,
  "scored_rows": 64188,
  "task": "ml-1m_item_stats_cap20_eval_users1000_cg5_m3_seed1",
  "test": {
    "macro_by_group": {
      "groups_with_score_ties": 3446,
      "groups_with_score_ties_fraction": 1.0,
      "groups_with_size_lte@1": 0,
      "groups_with_size_lte@10": 239,
      "groups_with_size_lte@3": 0,
      "groups_with_size_lte@5": 133,
      "groups_without_positive": 0,
      "hit_rate@1": 0.25946755840295754,
      "hit_rate@10": 0.9805221045305795,
      "hit_rate@3": 0.5920379878059981,
      "hit_rate@5": 0.7892388507431702,
      "n": 64188,
      "n_groups": 3446,
      "n_positive": 16047,
      "ndcg@1": 0.2594675584029576,
      "ndcg@10": 0.41964675556605285,
      "ndcg@3": 0.2738302503621071,
      "ndcg@5": 0.2859266582901324,
      "tie_policy": "average"
    },
    "macro_by_user_group_mean": {
      "groups_with_score_ties": 3446,
      "groups_with_score_ties_fraction": 1.0,
      "groups_with_size_lte@1": 0,
      "groups_with_size_lte@10": 239,
      "groups_with_size_lte@3": 0,
      "groups_with_size_lte@5": 133,
      "groups_without_positive": 0,
      "hit_rate@1": 0.25658808435727254,
      "hit_rate@10": 0.9825246593441277,
      "hit_rate@3": 0.5965702818004478,
      "hit_rate@5": 0.7994150730070221,
      "n": 64188,
      "n_groups": 3446,
      "n_positive": 16047,
      "n_users": 996,
      "ndcg@1": 0.25658808435727254,
      "ndcg@10": 0.42495984463103736,
      "ndcg@3": 0.27488111973633117,
      "ndcg@5": 0.2919592333559867,
      "tie_policy": "average"
    }
  },
  "test_failure_as_zero_group": {
    "macro_by_group": {
      "failed_groups": 178,
      "failed_groups_fraction": 0.04911699779249448,
      "failure_policy": "failed_group_zero",
      "groups_with_score_ties": 3446,
      "groups_with_score_ties_fraction": 0.9508830022075055,
      "groups_with_size_lte@1": 0,
      "groups_with_size_lte@10": 239,
      "groups_with_size_lte@3": 0,
      "groups_with_size_lte@5": 133,
      "groups_without_positive": 0,
      "hit_rate@1": 0.24672329090965556,
      "hit_rate@10": 0.932361802486859,
      "hit_rate@3": 0.5629588592658581,
      "hit_rate@5": 0.7504738078534673,
      "n": 67748,
      "n_groups": 3624,
      "n_positive": 16937,
      "ndcg@1": 0.2467232909096555,
      "ndcg@10": 0.39903496679928757,
      "ndcg@3": 0.2603805305595533,
      "ndcg@5": 0.2718827992460806,
      "scored_groups": 3446,
      "tie_policy": "average"
    },
    "macro_by_user_group_mean": {
      "failed_groups": 178,
      "failed_groups_fraction": 0.04911699779249448,
      "failure_policy": "failed_group_zero",
      "groups_with_score_ties": 3446,
      "groups_with_score_ties_fraction": 0.9508830022075055,
      "groups_with_size_lte@1": 0,
      "groups_with_size_lte@10": 239,
      "groups_with_size_lte@3": 0,
      "groups_with_size_lte@5": 133,
      "groups_without_positive": 0,
      "hit_rate@1": 0.24506095394973104,
      "hit_rate@10": 0.939578310848938,
      "hit_rate@3": 0.5699821906361613,
      "hit_rate@5": 0.7640728463143323,
      "n": 67748,
      "n_groups": 3624,
      "n_positive": 16937,
      "n_users": 1000,
      "ndcg@1": 0.24506095394973104,
      "ndcg@10": 0.40618058333077434,
      "ndcg@3": 0.2627047946883563,
      "ndcg@5": 0.27899761752990376,
      "scored_groups": 3446,
      "tie_policy": "average"
    }
  }
}
