{
  "candidate_groups": {
    "requested": {
      "groups": 1985,
      "positives_max": 1,
      "positives_mean": 1.0,
      "positives_min": 1,
      "rows_max": 10,
      "rows_mean": 10.0,
      "rows_min": 10,
      "sampled_max": 0,
      "sampled_mean": 0.0,
      "sampled_min": 0
    },
    "scored": {
      "groups": 1985,
      "positives_max": 1,
      "positives_mean": 1.0,
      "positives_min": 1,
      "rows_max": 10,
      "rows_mean": 10.0,
      "rows_min": 10,
      "sampled_max": 0,
      "sampled_mean": 0.0,
      "sampled_min": 0
    }
  },
  "coverage": {
    "failed_fraction": 0.0,
    "failed_rows": 0,
    "requested_rows": 19850,
    "scored_fraction": 1.0,
    "scored_rows": 19850
  },
  "llm_errors": 0,
  "main_metric": "test.macro_by_user_group_mean.f1",
  "max_candidate_groups": null,
  "max_workers": 128,
  "method": "llm_preference_yes_no_litellm_qwen3_8b_full",
  "requested_rows": 19850,
  "scored_rows": 19850,
  "task": "ml-1m_preference_cap10_eval_users1000_cg5_m9_seed2",
  "test": {
    "macro_by_group": {
      "accuracy": 0.7754156171284636,
      "f1": 0.09484546799408261,
      "n": 19850,
      "n_groups": 1985,
      "n_positive": 1985,
      "n_predicted_positive": 3261,
      "precision": 0.07104414057814562,
      "recall": 0.19848866498740556
    },
    "macro_by_user_group_mean": {
      "accuracy": 0.7760625,
      "f1": 0.09442579365079365,
      "n": 19850,
      "n_groups": 1985,
      "n_positive": 1985,
      "n_predicted_positive": 3261,
      "n_users": 400,
      "precision": 0.07076130952380952,
      "recall": 0.197375
    },
    "micro": {
      "accuracy": 0.7754156171284635,
      "f1": 0.1502096835684331,
      "n": 19850,
      "n_positive": 1985,
      "n_predicted_positive": 3261,
      "precision": 0.12082183379331493,
      "recall": 0.19848866498740556
    }
  },
  "test_failure_as_negative": {
    "macro_by_group": {
      "accuracy": 0.7754156171284636,
      "f1": 0.09484546799408261,
      "n": 19850,
      "n_groups": 1985,
      "n_positive": 1985,
      "n_predicted_positive": 3261,
      "precision": 0.07104414057814562,
      "recall": 0.19848866498740556
    },
    "macro_by_user_group_mean": {
      "accuracy": 0.7760625,
      "f1": 0.09442579365079365,
      "n": 19850,
      "n_groups": 1985,
      "n_positive": 1985,
      "n_predicted_positive": 3261,
      "n_users": 400,
      "precision": 0.07076130952380952,
      "recall": 0.197375
    },
    "micro": {
      "accuracy": 0.7754156171284635,
      "f1": 0.1502096835684331,
      "n": 19850,
      "n_positive": 1985,
      "n_predicted_positive": 3261,
      "precision": 0.12082183379331493,
      "recall": 0.19848866498740556
    }
  }
}
