{
  "candidate_groups": {
    "requested": {
      "groups": 2867,
      "positives_max": 10,
      "positives_mean": 8.85699337286362,
      "positives_min": 1,
      "rows_max": 20,
      "rows_mean": 17.71398674572724,
      "rows_min": 2,
      "sampled_max": 10,
      "sampled_mean": 8.85699337286362,
      "sampled_min": 1
    },
    "scored": {
      "groups": 2866,
      "positives_max": 10,
      "positives_mean": 8.856594556873691,
      "positives_min": 1,
      "rows_max": 20,
      "rows_mean": 17.713189113747383,
      "rows_min": 2,
      "sampled_max": 10,
      "sampled_mean": 8.856594556873691,
      "sampled_min": 1
    }
  },
  "coverage": {
    "failed_fraction": 0.0003938093175284527,
    "failed_rows": 20,
    "requested_rows": 50786,
    "scored_fraction": 0.9996061906824716,
    "scored_rows": 50766
  },
  "llm_errors": 1,
  "main_metric": "test.macro_by_user_group_mean.f1",
  "max_candidate_groups": null,
  "max_workers": 64,
  "method": "agent4rec_yes_no_litellm_qwen3_8b_traits_taste_gpt4o_mini_no_summary_control_full",
  "requested_rows": 50786,
  "scored_rows": 50766,
  "task": "ml-1m_item_stats_cap20_eval_users1000_cg5_m1_seed0",
  "test": {
    "macro_by_group": {
      "accuracy": 0.6245759672792122,
      "f1": 0.4836171480256108,
      "n": 50766,
      "n_groups": 2866,
      "n_positive": 25383,
      "n_predicted_positive": 15894,
      "precision": 0.6243919727001508,
      "recall": 0.4338266651159184
    },
    "macro_by_user_group_mean": {
      "accuracy": 0.6298924636243387,
      "f1": 0.47036414521023756,
      "n": 50766,
      "n_groups": 2866,
      "n_positive": 25383,
      "n_predicted_positive": 15894,
      "n_users": 1000,
      "precision": 0.618882113302361,
      "recall": 0.41554816137566136
    },
    "micro": {
      "accuracy": 0.6233896702517433,
      "f1": 0.5368122683334544,
      "n": 50766,
      "n_positive": 25383,
      "n_predicted_positive": 15894,
      "precision": 0.6970554926387316,
      "recall": 0.4364732301146437
    }
  },
  "test_failure_as_negative": {
    "macro_by_group": {
      "accuracy": 0.6245325155989614,
      "f1": 0.4834484639837462,
      "n": 50786,
      "n_groups": 2867,
      "n_positive": 25393,
      "n_predicted_positive": 15894,
      "precision": 0.6241741868708169,
      "recall": 0.43367534782777195
    },
    "macro_by_user_group_mean": {
      "accuracy": 0.6299091302910054,
      "f1": 0.47022710817320046,
      "n": 50786,
      "n_groups": 2867,
      "n_positive": 25393,
      "n_predicted_positive": 15894,
      "n_users": 1000,
      "precision": 0.6187404466356943,
      "recall": 0.41541482804232804
    },
    "micro": {
      "accuracy": 0.6233410782499114,
      "f1": 0.536682248649696,
      "n": 50786,
      "n_positive": 25393,
      "n_predicted_positive": 15894,
      "precision": 0.6970554926387316,
      "recall": 0.4363013428897728
    }
  }
}
