{
  "candidate_groups": {
    "test": {
      "groups": 4707,
      "positives_max": 1,
      "positives_mean": 1.0,
      "positives_min": 1,
      "rows_max": 20,
      "rows_mean": 20.0,
      "rows_min": 20,
      "sampled_max": 19,
      "sampled_mean": 19.0,
      "sampled_min": 19
    },
    "val": {
      "groups": 4201,
      "positives_max": 1,
      "positives_mean": 1.0,
      "positives_min": 1,
      "rows_max": 20,
      "rows_mean": 20.0,
      "rows_min": 20,
      "sampled_max": 19,
      "sampled_mean": 19.0,
      "sampled_min": 19
    }
  },
  "main_metric": "test.macro_by_user_group_mean.f1",
  "method": "popularity_f1_threshold",
  "stage_times_seconds": {
    "apply_threshold": 0.0,
    "candidate_group_summary": 0.065,
    "compute_metrics": 0.117,
    "fit": 0.348,
    "prepare_xy": 0.162,
    "score_test": 0.008,
    "score_val": 0.008,
    "select_threshold": 0.068,
    "write_predictions": 0.152
  },
  "task": "steam_cap20_eval_users1000_cg5_m19_seed1",
  "test": {
    "macro_by_group": {
      "accuracy": 0.9492033142128745,
      "f1": 0.581331923747475,
      "n": 94140,
      "n_groups": 4707,
      "n_positive": 4707,
      "n_predicted_positive": 6993,
      "precision": 0.5169962163748014,
      "recall": 0.7348629700446144
    },
    "macro_by_user_group_mean": {
      "accuracy": 0.9494966666666665,
      "f1": 0.586869603174603,
      "n": 94140,
      "n_groups": 4707,
      "n_positive": 4707,
      "n_predicted_positive": 6993,
      "n_users": 1000,
      "precision": 0.5216024603174604,
      "recall": 0.7422833333333333
    },
    "micro": {
      "accuracy": 0.9492033142128744,
      "f1": 0.5912820512820512,
      "n": 94140,
      "n_positive": 4707,
      "n_predicted_positive": 6993,
      "precision": 0.4946374946374946,
      "recall": 0.7348629700446144
    }
  },
  "threshold": 1642.0,
  "threshold_metric": "macro_by_user_group_mean_f1",
  "val": {
    "macro_by_group": {
      "accuracy": 0.9501785289216853,
      "f1": 0.5709717640924497,
      "n": 84020,
      "n_groups": 4201,
      "n_positive": 4201,
      "n_predicted_positive": 6021,
      "precision": 0.5085416170752995,
      "recall": 0.7184003808616996
    },
    "macro_by_user_group_mean": {
      "accuracy": 0.950415,
      "f1": 0.5814010317460317,
      "n": 84020,
      "n_groups": 4201,
      "n_positive": 4201,
      "n_predicted_positive": 6021,
      "n_users": 1000,
      "precision": 0.5168066666666666,
      "recall": 0.7339333333333334
    },
    "micro": {
      "accuracy": 0.9501785289216853,
      "f1": 0.5904910976325572,
      "n": 84020,
      "n_positive": 4201,
      "n_predicted_positive": 6021,
      "precision": 0.5012456402590931,
      "recall": 0.7184003808616996
    }
  }
}
