{
  "candidate_groups": {
    "requested": {
      "groups": 5000,
      "positives_max": 2,
      "positives_mean": 2.0,
      "positives_min": 2,
      "rows_max": 20,
      "rows_mean": 20.0,
      "rows_min": 20,
      "sampled_max": 18,
      "sampled_mean": 18.0,
      "sampled_min": 18
    },
    "scored": {
      "groups": 4990,
      "positives_max": 2,
      "positives_mean": 2.0,
      "positives_min": 2,
      "rows_max": 20,
      "rows_mean": 20.0,
      "rows_min": 20,
      "sampled_max": 18,
      "sampled_mean": 18.0,
      "sampled_min": 18
    }
  },
  "llm_errors": 10,
  "main_metric": "test.macro_by_user_group_mean.f1",
  "max_candidate_groups": null,
  "max_workers": 128,
  "method": "agent4rec_yes_no_vllm_qwen36_27b_traits_taste_gpt4o_mini_full",
  "requested_rows": 100000,
  "scored_rows": 99800,
  "task": "ml-1m_cold_start_k5_cap20_eval_users1000_cg5_m9_seed0",
  "test": {
    "macro_by_group": {
      "accuracy": 0.5844088176352705,
      "f1": 0.23108810734065893,
      "n": 99800,
      "n_groups": 4990,
      "n_positive": 9980,
      "n_predicted_positive": 43706,
      "precision": 0.1488456494062365,
      "recall": 0.6117234468937875
    },
    "macro_by_user_group_mean": {
      "accuracy": 0.5845450000000001,
      "f1": 0.23125371300912712,
      "n": 99800,
      "n_groups": 4990,
      "n_positive": 9980,
      "n_predicted_positive": 43706,
      "n_users": 1000,
      "precision": 0.14900091667663265,
      "recall": 0.6119
    },
    "micro": {
      "accuracy": 0.5844088176352705,
      "f1": 0.2274335953507432,
      "n": 99800,
      "n_positive": 9980,
      "n_predicted_positive": 43706,
      "precision": 0.1396833386720359,
      "recall": 0.6117234468937875
    }
  }
}
