{
  "candidate_groups": {
    "requested": {
      "groups": 1790,
      "positives_max": 3,
      "positives_mean": 2.570391061452514,
      "positives_min": 1,
      "rows_max": 9,
      "rows_mean": 7.711173184357542,
      "rows_min": 3,
      "sampled_max": 0,
      "sampled_mean": 0.0,
      "sampled_min": 0
    },
    "scored": {
      "groups": 1790,
      "positives_max": 3,
      "positives_mean": 2.570391061452514,
      "positives_min": 1,
      "rows_max": 9,
      "rows_mean": 7.711173184357542,
      "rows_min": 3,
      "sampled_max": 0,
      "sampled_mean": 0.0,
      "sampled_min": 0
    }
  },
  "coverage": {
    "failed_fraction": 0.0,
    "failed_rows": 0,
    "requested_rows": 13803,
    "scored_fraction": 1.0,
    "scored_rows": 13803
  },
  "llm_errors": 0,
  "main_metric": "test.macro_by_user_group_mean.f1",
  "max_candidate_groups": null,
  "max_workers": 64,
  "method": "llm_preference_yes_no_litellm_qwen36_27b_full",
  "requested_rows": 13803,
  "scored_rows": 13803,
  "task": "steam_preference_cap10_eval_users1000_cg5_m2_seed2",
  "test": {
    "macro_by_group": {
      "accuracy": 0.6723153320918683,
      "f1": 0.5374351253960192,
      "n": 13803,
      "n_groups": 1790,
      "n_positive": 4601,
      "n_predicted_positive": 5608,
      "precision": 0.5172100292631019,
      "recall": 0.6229050279329609
    },
    "macro_by_user_group_mean": {
      "accuracy": 0.6727113665389527,
      "f1": 0.5451293526396974,
      "n": 13803,
      "n_groups": 1790,
      "n_positive": 4601,
      "n_predicted_positive": 5608,
      "n_users": 725,
      "precision": 0.5166639573070606,
      "recall": 0.6395325670498085
    },
    "micro": {
      "accuracy": 0.6721727160762153,
      "f1": 0.5567636399255559,
      "n": 13803,
      "n_positive": 4601,
      "n_predicted_positive": 5608,
      "precision": 0.5067760342368046,
      "recall": 0.6176918061291023
    }
  },
  "test_failure_as_negative": {
    "macro_by_group": {
      "accuracy": 0.6723153320918683,
      "f1": 0.5374351253960192,
      "n": 13803,
      "n_groups": 1790,
      "n_positive": 4601,
      "n_predicted_positive": 5608,
      "precision": 0.5172100292631019,
      "recall": 0.6229050279329609
    },
    "macro_by_user_group_mean": {
      "accuracy": 0.6727113665389527,
      "f1": 0.5451293526396974,
      "n": 13803,
      "n_groups": 1790,
      "n_positive": 4601,
      "n_predicted_positive": 5608,
      "n_users": 725,
      "precision": 0.5166639573070606,
      "recall": 0.6395325670498085
    },
    "micro": {
      "accuracy": 0.6721727160762153,
      "f1": 0.5567636399255559,
      "n": 13803,
      "n_positive": 4601,
      "n_predicted_positive": 5608,
      "precision": 0.5067760342368046,
      "recall": 0.6176918061291023
    }
  }
}
