{
  "candidate_groups": {
    "requested": {
      "groups": 4621,
      "positives_max": 2,
      "positives_mean": 1.9668902834884223,
      "positives_min": 1,
      "rows_max": 20,
      "rows_mean": 19.668902834884225,
      "rows_min": 10,
      "sampled_max": 18,
      "sampled_mean": 17.702012551395804,
      "sampled_min": 9
    },
    "scored": {
      "groups": 4619,
      "positives_max": 2,
      "positives_mean": 1.966875947174713,
      "positives_min": 1,
      "rows_max": 20,
      "rows_mean": 19.66875947174713,
      "rows_min": 10,
      "sampled_max": 18,
      "sampled_mean": 17.70188352457242,
      "sampled_min": 9
    }
  },
  "coverage": {
    "failed_fraction": 0.0004400924194080757,
    "failed_rows": 40,
    "requested_rows": 90890,
    "scored_fraction": 0.9995599075805919,
    "scored_rows": 90850
  },
  "llm_errors": 2,
  "main_metric": "test.macro_by_user_group_mean.ndcg@5",
  "max_candidate_groups": null,
  "max_workers": 8,
  "method": "agent4rec_yes_no_vllm_qwen36_27b_traits_taste_gpt4o_mini_full",
  "protocol": "ranking",
  "ranking_evaluation": {
    "ks": [
      1,
      3,
      5,
      10
    ],
    "tie_policy": "average"
  },
  "requested_rows": 90890,
  "scored_rows": 90850,
  "task": "ml-1m_item_stats_cap20_eval_users1000_cg5_m9_seed2",
  "test": {
    "macro_by_group": {
      "groups_with_score_ties": 4619,
      "groups_with_score_ties_fraction": 1.0,
      "groups_with_size_lte@1": 0,
      "groups_with_size_lte@10": 153,
      "groups_with_size_lte@3": 0,
      "groups_with_size_lte@5": 0,
      "groups_without_positive": 0,
      "hit_rate@1": 0.24676294532039944,
      "hit_rate@10": 0.9058296871182905,
      "hit_rate@3": 0.5482579741915173,
      "hit_rate@5": 0.7170305820712557,
      "n": 90850,
      "n_groups": 4619,
      "n_positive": 9085,
      "ndcg@1": 0.2467629453203995,
      "ndcg@10": 0.4617305343904109,
      "ndcg@3": 0.3012899647612675,
      "ndcg@5": 0.3755174150348954,
      "tie_policy": "average"
    },
    "macro_by_user_group_mean": {
      "groups_with_score_ties": 4619,
      "groups_with_score_ties_fraction": 1.0,
      "groups_with_size_lte@1": 0,
      "groups_with_size_lte@10": 153,
      "groups_with_size_lte@3": 0,
      "groups_with_size_lte@5": 0,
      "groups_without_positive": 0,
      "hit_rate@1": 0.24881464907827525,
      "hit_rate@10": 0.9058438508687735,
      "hit_rate@3": 0.5494891496820173,
      "hit_rate@5": 0.7168277834272997,
      "n": 90850,
      "n_groups": 4619,
      "n_positive": 9085,
      "n_users": 1000,
      "ndcg@1": 0.24881464907827525,
      "ndcg@10": 0.46321118562865066,
      "ndcg@3": 0.3035503322564916,
      "ndcg@5": 0.3774660768472023,
      "tie_policy": "average"
    }
  },
  "test_failure_as_zero_group": {
    "macro_by_group": {
      "failed_groups": 2,
      "failed_groups_fraction": 0.00043280675178532783,
      "failure_policy": "failed_group_zero",
      "groups_with_score_ties": 4619,
      "groups_with_score_ties_fraction": 0.9995671932482146,
      "groups_with_size_lte@1": 0,
      "groups_with_size_lte@10": 153,
      "groups_with_size_lte@3": 0,
      "groups_with_size_lte@5": 0,
      "groups_without_positive": 0,
      "hit_rate@1": 0.24665614465157443,
      "hit_rate@10": 0.9054376379137381,
      "hit_rate@3": 0.548020684438567,
      "hit_rate@5": 0.7167202463940988,
      "n": 90890,
      "n_groups": 4621,
      "n_positive": 9089,
      "ndcg@1": 0.2466561446515744,
      "ndcg@10": 0.4615306942976213,
      "ndcg@3": 0.3011595644302737,
      "ndcg@5": 0.37535488856225535,
      "scored_groups": 4619,
      "tie_policy": "average"
    },
    "macro_by_user_group_mean": {
      "failed_groups": 2,
      "failed_groups_fraction": 0.00043280675178532783,
      "failure_policy": "failed_group_zero",
      "groups_with_score_ties": 4619,
      "groups_with_score_ties_fraction": 0.9995671932482146,
      "groups_with_size_lte@1": 0,
      "groups_with_size_lte@10": 153,
      "groups_with_size_lte@3": 0,
      "groups_with_size_lte@5": 0,
      "groups_without_positive": 0,
      "hit_rate@1": 0.24876107764970382,
      "hit_rate@10": 0.9053609368529647,
      "hit_rate@3": 0.5493323827647241,
      "hit_rate@5": 0.7165730841791794,
      "n": 90890,
      "n_groups": 4621,
      "n_positive": 9089,
      "n_users": 1000,
      "ndcg@1": 0.2487610776497038,
      "ndcg@10": 0.4630266553830823,
      "ndcg@3": 0.30346659797311315,
      "ndcg@5": 0.3773502179780978,
      "scored_groups": 4619,
      "tie_policy": "average"
    }
  }
}
