{
  "candidate_groups": {
    "requested": {
      "groups": 2733,
      "positives_max": 10,
      "positives_mean": 8.729967069154775,
      "positives_min": 1,
      "rows_max": 20,
      "rows_mean": 17.45993413830955,
      "rows_min": 2,
      "sampled_max": 10,
      "sampled_mean": 8.729967069154775,
      "sampled_min": 1
    },
    "scored": {
      "groups": 2725,
      "positives_max": 10,
      "positives_mean": 8.726238532110091,
      "positives_min": 1,
      "rows_max": 20,
      "rows_mean": 17.452477064220183,
      "rows_min": 2,
      "sampled_max": 10,
      "sampled_mean": 8.726238532110091,
      "sampled_min": 1
    }
  },
  "coverage": {
    "failed_fraction": 0.0033530323986755524,
    "failed_rows": 160,
    "requested_rows": 47718,
    "scored_fraction": 0.9966469676013244,
    "scored_rows": 47558
  },
  "llm_errors": 8,
  "main_metric": "test.macro_by_user_group_mean.ndcg@5",
  "max_candidate_groups": null,
  "max_workers": 64,
  "method": "agent4rec_yes_no_litellm_qwen3_8b_traits_taste_gpt4o_mini_no_summary_control_full",
  "protocol": "ranking",
  "ranking_evaluation": {
    "ks": [
      1,
      3,
      5,
      10
    ],
    "tie_policy": "average"
  },
  "requested_rows": 47718,
  "scored_rows": 47558,
  "task": "ml-1m_item_stats_cap20_eval_users1000_cg5_m1_seed1",
  "test": {
    "macro_by_group": {
      "groups_with_score_ties": 2694,
      "groups_with_score_ties_fraction": 0.9886238532110092,
      "groups_with_size_lte@1": 0,
      "groups_with_size_lte@10": 378,
      "groups_with_size_lte@3": 67,
      "groups_with_size_lte@5": 129,
      "groups_without_positive": 0,
      "hit_rate@1": 0.6939622703617222,
      "hit_rate@10": 0.999999188756822,
      "hit_rate@3": 0.9647503591928849,
      "hit_rate@5": 0.9958504936771474,
      "n": 47558,
      "n_groups": 2725,
      "n_positive": 23779,
      "ndcg@1": 0.6939622703617222,
      "ndcg@10": 0.6656750823782535,
      "ndcg@3": 0.6876321767518807,
      "ndcg@5": 0.6790409657001787,
      "tie_policy": "average"
    },
    "macro_by_user_group_mean": {
      "groups_with_score_ties": 2694,
      "groups_with_score_ties_fraction": 0.9886238532110092,
      "groups_with_size_lte@1": 0,
      "groups_with_size_lte@10": 378,
      "groups_with_size_lte@3": 67,
      "groups_with_size_lte@5": 129,
      "groups_without_positive": 0,
      "hit_rate@1": 0.7039428694243206,
      "hit_rate@10": 0.9999992167533189,
      "hit_rate@3": 0.9660997917025356,
      "hit_rate@5": 0.9960730446368218,
      "n": 47558,
      "n_groups": 2725,
      "n_positive": 23779,
      "n_users": 1000,
      "ndcg@1": 0.7039428694243206,
      "ndcg@10": 0.694469948456687,
      "ndcg@3": 0.6952509300997358,
      "ndcg@5": 0.6842268201303577,
      "tie_policy": "average"
    }
  },
  "test_failure_as_zero_group": {
    "macro_by_group": {
      "failed_groups": 8,
      "failed_groups_fraction": 0.0029271862422246614,
      "failure_policy": "failed_group_zero",
      "groups_with_score_ties": 2694,
      "groups_with_score_ties_fraction": 0.9857299670691547,
      "groups_with_size_lte@1": 0,
      "groups_with_size_lte@10": 378,
      "groups_with_size_lte@3": 67,
      "groups_with_size_lte@5": 129,
      "groups_without_positive": 0,
      "hit_rate@1": 0.6919309135512963,
      "hit_rate@10": 0.9970720048892574,
      "hit_rate@3": 0.9619263552142742,
      "hit_rate@5": 0.9929354538127431,
      "n": 47718,
      "n_groups": 2733,
      "n_positive": 23859,
      "ndcg@1": 0.6919309135512963,
      "ndcg@10": 0.663726527435324,
      "ndcg@3": 0.6856193493043817,
      "ndcg@5": 0.6770532863274742,
      "scored_groups": 2725,
      "tie_policy": "average"
    },
    "macro_by_user_group_mean": {
      "failed_groups": 8,
      "failed_groups_fraction": 0.0029271862422246614,
      "failure_policy": "failed_group_zero",
      "groups_with_score_ties": 2694,
      "groups_with_score_ties_fraction": 0.9857299670691547,
      "groups_with_size_lte@1": 0,
      "groups_with_size_lte@10": 378,
      "groups_with_size_lte@3": 67,
      "groups_with_size_lte@5": 129,
      "groups_without_positive": 0,
      "hit_rate@1": 0.7019599856414369,
      "hit_rate@10": 0.9975325511691612,
      "hit_rate@3": 0.9636654180936882,
      "hit_rate@5": 0.9936098271568473,
      "n": 47718,
      "n_groups": 2733,
      "n_positive": 23859,
      "n_users": 1000,
      "ndcg@1": 0.7019599856414369,
      "ndcg@10": 0.6926111310604419,
      "ndcg@3": 0.6932324492783122,
      "ndcg@5": 0.6822340301565223,
      "scored_groups": 2725,
      "tie_policy": "average"
    }
  }
}
