{
  "candidate_groups": {
    "requested": {
      "groups": 3624,
      "positives_max": 5,
      "positives_mean": 4.673565121412803,
      "positives_min": 1,
      "rows_max": 20,
      "rows_mean": 18.694260485651213,
      "rows_min": 4,
      "sampled_max": 15,
      "sampled_mean": 14.02069536423841,
      "sampled_min": 3
    },
    "scored": {
      "groups": 3594,
      "positives_max": 5,
      "positives_mean": 4.670840289371174,
      "positives_min": 1,
      "rows_max": 20,
      "rows_mean": 18.683361157484697,
      "rows_min": 4,
      "sampled_max": 15,
      "sampled_mean": 14.012520868113523,
      "sampled_min": 3
    }
  },
  "coverage": {
    "failed_fraction": 0.008856350002952117,
    "failed_rows": 600,
    "requested_rows": 67748,
    "scored_fraction": 0.9911436499970478,
    "scored_rows": 67148
  },
  "llm_errors": 30,
  "main_metric": "test.macro_by_user_group_mean.ndcg@5",
  "max_candidate_groups": null,
  "max_workers": 32,
  "method": "agent4rec_yes_no_litellm_qwen36_27b_traits_taste_gpt4o_mini_no_summary_control_full",
  "protocol": "ranking",
  "ranking_evaluation": {
    "ks": [
      1,
      3,
      5,
      10
    ],
    "tie_policy": "average"
  },
  "requested_rows": 67748,
  "scored_rows": 67148,
  "task": "ml-1m_item_stats_cap20_eval_users1000_cg5_m3_seed1",
  "test": {
    "macro_by_group": {
      "groups_with_score_ties": 3594,
      "groups_with_score_ties_fraction": 1.0,
      "groups_with_size_lte@1": 0,
      "groups_with_size_lte@10": 239,
      "groups_with_size_lte@3": 0,
      "groups_with_size_lte@5": 133,
      "groups_without_positive": 0,
      "hit_rate@1": 0.4519722236875309,
      "hit_rate@10": 0.9956359738413936,
      "hit_rate@3": 0.8154038042927937,
      "hit_rate@5": 0.9338914004564185,
      "n": 67148,
      "n_groups": 3594,
      "n_positive": 16787,
      "ndcg@1": 0.4519722236875309,
      "ndcg@10": 0.5782850157174675,
      "ndcg@3": 0.45183467062772253,
      "ndcg@5": 0.4467915346148149,
      "tie_policy": "average"
    },
    "macro_by_user_group_mean": {
      "groups_with_score_ties": 3594,
      "groups_with_score_ties_fraction": 1.0,
      "groups_with_size_lte@1": 0,
      "groups_with_size_lte@10": 239,
      "groups_with_size_lte@3": 0,
      "groups_with_size_lte@5": 133,
      "groups_without_positive": 0,
      "hit_rate@1": 0.4657694554511146,
      "hit_rate@10": 0.9957182882277482,
      "hit_rate@3": 0.8220234103717936,
      "hit_rate@5": 0.9358741114629201,
      "n": 67148,
      "n_groups": 3594,
      "n_positive": 16787,
      "n_users": 999,
      "ndcg@1": 0.4657694554511146,
      "ndcg@10": 0.5878196341834478,
      "ndcg@3": 0.46650204689305025,
      "ndcg@5": 0.46225485619252893,
      "tie_policy": "average"
    }
  },
  "test_failure_as_zero_group": {
    "macro_by_group": {
      "failed_groups": 30,
      "failed_groups_fraction": 0.008278145695364239,
      "failure_policy": "failed_group_zero",
      "groups_with_score_ties": 3594,
      "groups_with_score_ties_fraction": 0.9917218543046358,
      "groups_with_size_lte@1": 0,
      "groups_with_size_lte@10": 239,
      "groups_with_size_lte@3": 0,
      "groups_with_size_lte@5": 133,
      "groups_without_positive": 0,
      "hit_rate@1": 0.4482307317695878,
      "hit_rate@10": 0.9873939541903887,
      "hit_rate@3": 0.8086537728003037,
      "hit_rate@5": 0.9261605113797926,
      "n": 67748,
      "n_groups": 3624,
      "n_positive": 16937,
      "ndcg@1": 0.4482307317695878,
      "ndcg@10": 0.5734978881039123,
      "ndcg@3": 0.44809431739404937,
      "ndcg@5": 0.44309292919581805,
      "scored_groups": 3594,
      "tie_policy": "average"
    },
    "macro_by_user_group_mean": {
      "failed_groups": 30,
      "failed_groups_fraction": 0.008278145695364239,
      "failure_policy": "failed_group_zero",
      "groups_with_score_ties": 3594,
      "groups_with_score_ties_fraction": 0.9917218543046358,
      "groups_with_size_lte@1": 0,
      "groups_with_size_lte@10": 239,
      "groups_with_size_lte@3": 0,
      "groups_with_size_lte@5": 133,
      "groups_without_positive": 0,
      "hit_rate@1": 0.46204810974457255,
      "hit_rate@10": 0.986953365885061,
      "hit_rate@3": 0.8151868581286847,
      "hit_rate@5": 0.9280500536680238,
      "n": 67748,
      "n_groups": 3624,
      "n_positive": 16937,
      "n_users": 1000,
      "ndcg@1": 0.46204810974457255,
      "ndcg@10": 0.5827451059795725,
      "ndcg@3": 0.4625926644625098,
      "ndcg@5": 0.4583199868811902,
      "scored_groups": 3594,
      "tie_policy": "average"
    }
  }
}
