{
  "candidate_groups": {
    "test": {
      "groups": 6935,
      "positives_max": 5,
      "positives_mean": 4.720692141312185,
      "positives_min": 1,
      "rows_max": 20,
      "rows_mean": 18.88276856524874,
      "rows_min": 4,
      "sampled_max": 15,
      "sampled_mean": 14.162076423936554,
      "sampled_min": 3
    },
    "val": {
      "groups": 3734,
      "positives_max": 5,
      "positives_mean": 4.480717728976968,
      "positives_min": 1,
      "rows_max": 20,
      "rows_mean": 17.922870915907872,
      "rows_min": 4,
      "sampled_max": 15,
      "sampled_mean": 13.442153186930906,
      "sampled_min": 3
    }
  },
  "main_metric": "test.macro_by_user_group_mean.ndcg@5",
  "method": "popularity_ranking",
  "protocol": "ranking",
  "ranking_evaluation": {
    "ks": [
      1,
      3,
      5,
      10
    ],
    "tie_policy": "average"
  },
  "stage_times_seconds": {
    "candidate_group_summary": 0.047,
    "compute_ranking_metrics": 4.511,
    "fit": 0.111,
    "prepare_xy": 0.046,
    "score_test": 0.028,
    "score_val": 0.016,
    "write_predictions": 0.227
  },
  "task": "ml-1m_interaction_cap20_eval_users1000_m3_seed2",
  "test": {
    "macro_by_group": {
      "groups_with_score_ties": 3923,
      "groups_with_score_ties_fraction": 0.5656813266041817,
      "groups_with_size_lte@1": 0,
      "groups_with_size_lte@10": 394,
      "groups_with_size_lte@3": 0,
      "groups_with_size_lte@5": 199,
      "groups_without_positive": 0,
      "hit_rate@1": 0.7881038211968276,
      "hit_rate@10": 1.0,
      "hit_rate@3": 0.9760634462869503,
      "hit_rate@5": 0.9971881759192501,
      "n": 130952,
      "n_groups": 6935,
      "n_positive": 32738,
      "ndcg@1": 0.7881038211968276,
      "ndcg@10": 0.8153546661392719,
      "ndcg@3": 0.724635114518222,
      "ndcg@5": 0.6765899292220786,
      "tie_policy": "average"
    },
    "macro_by_user_group_mean": {
      "groups_with_score_ties": 3923,
      "groups_with_score_ties_fraction": 0.5656813266041817,
      "groups_with_size_lte@1": 0,
      "groups_with_size_lte@10": 394,
      "groups_with_size_lte@3": 0,
      "groups_with_size_lte@5": 199,
      "groups_without_positive": 0,
      "hit_rate@1": 0.8005616310020547,
      "hit_rate@10": 1.0,
      "hit_rate@3": 0.977946553546034,
      "hit_rate@5": 0.9972319643520731,
      "n": 130952,
      "n_groups": 6935,
      "n_positive": 32738,
      "n_users": 1000,
      "ndcg@1": 0.8005616310020547,
      "ndcg@10": 0.8300491018297728,
      "ndcg@3": 0.7418144597986934,
      "ndcg@5": 0.7022642494819158,
      "tie_policy": "average"
    }
  },
  "val": {
    "macro_by_group": {
      "groups_with_score_ties": 1963,
      "groups_with_score_ties_fraction": 0.5257096946973755,
      "groups_with_size_lte@1": 0,
      "groups_with_size_lte@10": 341,
      "groups_with_size_lte@3": 0,
      "groups_with_size_lte@5": 182,
      "groups_without_positive": 0,
      "hit_rate@1": 0.7778521692554901,
      "hit_rate@10": 1.0,
      "hit_rate@3": 0.974692019282271,
      "hit_rate@5": 0.9959828602035351,
      "n": 66924,
      "n_groups": 3734,
      "n_positive": 16731,
      "ndcg@1": 0.7778521692554901,
      "ndcg@10": 0.8186898314703048,
      "ndcg@3": 0.7234159159539072,
      "ndcg@5": 0.687201721782979,
      "tie_policy": "average"
    },
    "macro_by_user_group_mean": {
      "groups_with_score_ties": 1963,
      "groups_with_score_ties_fraction": 0.5257096946973755,
      "groups_with_size_lte@1": 0,
      "groups_with_size_lte@10": 341,
      "groups_with_size_lte@3": 0,
      "groups_with_size_lte@5": 182,
      "groups_without_positive": 0,
      "hit_rate@1": 0.7730584858278976,
      "hit_rate@10": 1.0,
      "hit_rate@3": 0.97382723818665,
      "hit_rate@5": 0.9969888888888888,
      "n": 66924,
      "n_groups": 3734,
      "n_positive": 16731,
      "n_users": 1000,
      "ndcg@1": 0.7730584858278976,
      "ndcg@10": 0.8307651368700889,
      "ndcg@3": 0.7213696376017731,
      "ndcg@5": 0.7123634082988276,
      "tie_policy": "average"
    }
  }
}
