{
  "candidate_groups": {
    "test": {
      "requested": {
        "groups": 4621,
        "positives_max": 2,
        "positives_mean": 1.9668902834884223,
        "positives_min": 1,
        "rows_max": 20,
        "rows_mean": 19.668902834884225,
        "rows_min": 10,
        "sampled_max": 18,
        "sampled_mean": 17.702012551395804,
        "sampled_min": 9
      },
      "scored": {
        "groups": 4611,
        "positives_max": 2,
        "positives_mean": 1.966818477553676,
        "positives_min": 1,
        "rows_max": 20,
        "rows_mean": 19.66818477553676,
        "rows_min": 10,
        "sampled_max": 18,
        "sampled_mean": 17.701366297983085,
        "sampled_min": 9
      }
    },
    "val": {
      "requested": {
        "groups": 3994,
        "positives_max": 2,
        "positives_mean": 1.93064596895343,
        "positives_min": 1,
        "rows_max": 20,
        "rows_mean": 19.3064596895343,
        "rows_min": 10,
        "sampled_max": 18,
        "sampled_mean": 17.375813720580872,
        "sampled_min": 9
      },
      "scored": {
        "groups": 3989,
        "positives_max": 2,
        "positives_mean": 1.93055903735272,
        "positives_min": 1,
        "rows_max": 20,
        "rows_mean": 19.3055903735272,
        "rows_min": 10,
        "sampled_max": 18,
        "sampled_mean": 17.37503133617448,
        "sampled_min": 9
      }
    }
  },
  "coverage": {
    "test": {
      "failed_fraction": 0.0022004620970403786,
      "failed_rows": 200,
      "requested_rows": 90890,
      "scored_fraction": 0.9977995379029596,
      "scored_rows": 90690
    },
    "val": {
      "failed_fraction": 0.0012968486577616392,
      "failed_rows": 100,
      "requested_rows": 77110,
      "scored_fraction": 0.9987031513422384,
      "scored_rows": 77010
    }
  },
  "llm_errors": {
    "test": 10,
    "val": 5
  },
  "main_metric": "test.macro_by_user_group_mean.f1",
  "method": "agent4rec_listwise_ranking_litellm_qwen36_27b_traits_taste_gpt4o_mini_candidate_summary_full",
  "protocol": "listwise_scores_thresholded_on_validation",
  "task": "ml-1m_item_stats_cap20_eval_users1000_cg5_m9_seed2",
  "test": {
    "macro_by_group": {
      "accuracy": 0.8433311646063759,
      "f1": 0.35341574495770983,
      "n": 90690,
      "n_groups": 4611,
      "n_positive": 9069,
      "n_predicted_positive": 13374,
      "precision": 0.2945131207980915,
      "recall": 0.4417696811971373
    },
    "macro_by_user_group_mean": {
      "accuracy": 0.8439966666666666,
      "f1": 0.35032666666666673,
      "n": 90690,
      "n_groups": 4611,
      "n_positive": 9069,
      "n_predicted_positive": 13374,
      "n_users": 1000,
      "precision": 0.29193888888888886,
      "recall": 0.43790833333333334
    },
    "micro": {
      "accuracy": 0.842375124048958,
      "f1": 0.3630530677716883,
      "n": 90690,
      "n_positive": 9069,
      "n_predicted_positive": 13374,
      "precision": 0.30462090623598026,
      "recall": 0.44922262652993716
    }
  },
  "test_failure_as_negative": {
    "macro_by_group": {
      "accuracy": 0.8434537978792468,
      "f1": 0.3526509413546851,
      "n": 90890,
      "n_groups": 4621,
      "n_positive": 9089,
      "n_predicted_positive": 13374,
      "precision": 0.2938757844622376,
      "recall": 0.4408136766933564
    },
    "macro_by_user_group_mean": {
      "accuracy": 0.8441566666666666,
      "f1": 0.3496866666666667,
      "n": 90890,
      "n_groups": 4621,
      "n_positive": 9089,
      "n_predicted_positive": 13374,
      "n_users": 1000,
      "precision": 0.2914055555555556,
      "recall": 0.4371083333333333
    },
    "micro": {
      "accuracy": 0.8425019254043349,
      "f1": 0.3627298223745715,
      "n": 90890,
      "n_positive": 9089,
      "n_predicted_positive": 13374,
      "precision": 0.30462090623598026,
      "recall": 0.4482341291671251
    }
  },
  "threshold": 17.0,
  "threshold_metric": "macro_by_user_group_mean_f1",
  "val": {
    "macro_by_group": {
      "accuracy": 0.8416896465279516,
      "f1": 0.32509400852343945,
      "n": 77010,
      "n_groups": 3989,
      "n_positive": 7701,
      "n_predicted_positive": 11136,
      "precision": 0.27091167376953285,
      "recall": 0.4063675106542993
    },
    "macro_by_user_group_mean": {
      "accuracy": 0.8446966666666668,
      "f1": 0.31610666666666676,
      "n": 77010,
      "n_groups": 3989,
      "n_positive": 7701,
      "n_predicted_positive": 11136,
      "n_users": 1000,
      "precision": 0.2634222222222222,
      "recall": 0.39513333333333334
    },
    "micro": {
      "accuracy": 0.8395922607453578,
      "f1": 0.34421617030312684,
      "n": 77010,
      "n_positive": 7701,
      "n_predicted_positive": 11136,
      "precision": 0.2911278735632184,
      "recall": 0.42098428775483704
    }
  },
  "val_failure_as_negative": {
    "macro_by_group": {
      "accuracy": 0.8417626439659489,
      "f1": 0.32468703054581877,
      "n": 77110,
      "n_groups": 3994,
      "n_positive": 7711,
      "n_predicted_positive": 11136,
      "precision": 0.2705725254548489,
      "recall": 0.4058587881822734
    },
    "macro_by_user_group_mean": {
      "accuracy": 0.8447591666666666,
      "f1": 0.31560666666666676,
      "n": 77110,
      "n_groups": 3994,
      "n_positive": 7711,
      "n_predicted_positive": 11136,
      "n_users": 1000,
      "precision": 0.2630055555555556,
      "recall": 0.39450833333333335
    },
    "micro": {
      "accuracy": 0.8396706004409286,
      "f1": 0.3440335331883058,
      "n": 77110,
      "n_positive": 7711,
      "n_predicted_positive": 11136,
      "precision": 0.2911278735632184,
      "recall": 0.4204383348463234
    }
  }
}
