{
  "candidate_groups": {
    "test": {
      "groups": 3734,
      "positives_max": 5,
      "positives_mean": 4.722281735404392,
      "positives_min": 1,
      "rows_max": 20,
      "rows_mean": 18.88912694161757,
      "rows_min": 4,
      "sampled_max": 15,
      "sampled_mean": 14.166845206213177,
      "sampled_min": 3
    },
    "val": {
      "groups": 2888,
      "positives_max": 5,
      "positives_mean": 4.496537396121884,
      "positives_min": 1,
      "rows_max": 20,
      "rows_mean": 17.986149584487535,
      "rows_min": 4,
      "sampled_max": 15,
      "sampled_mean": 13.489612188365651,
      "sampled_min": 3
    }
  },
  "main_metric": "test.macro_by_user_group_mean.ndcg@5",
  "method": "popularity_ranking",
  "protocol": "ranking",
  "ranking_evaluation": {
    "ks": [
      1,
      3,
      5,
      10
    ],
    "tie_policy": "average"
  },
  "stage_times_seconds": {
    "candidate_group_summary": 0.015,
    "compute_ranking_metrics": 1.087,
    "fit": 0.059,
    "prepare_xy": 0.019,
    "score_test": 0.009,
    "score_val": 0.006,
    "write_predictions": 0.049
  },
  "task": "ml-1m_cap20_eval_users1000_cg5_m3_seed0",
  "test": {
    "macro_by_group": {
      "groups_with_score_ties": 2002,
      "groups_with_score_ties_fraction": 0.5361542581681843,
      "groups_with_size_lte@1": 0,
      "groups_with_size_lte@10": 213,
      "groups_with_size_lte@3": 0,
      "groups_with_size_lte@5": 106,
      "groups_without_positive": 0,
      "hit_rate@1": 0.8081146223888591,
      "hit_rate@10": 1.0,
      "hit_rate@3": 0.9816550615961436,
      "hit_rate@5": 0.9963845741831816,
      "n": 70532,
      "n_groups": 3734,
      "n_positive": 17633,
      "ndcg@1": 0.8081146223888591,
      "ndcg@10": 0.833101465070273,
      "ndcg@3": 0.7478007128180312,
      "ndcg@5": 0.697057364458507,
      "tie_policy": "average"
    },
    "macro_by_user_group_mean": {
      "groups_with_score_ties": 2002,
      "groups_with_score_ties_fraction": 0.5361542581681843,
      "groups_with_size_lte@1": 0,
      "groups_with_size_lte@10": 213,
      "groups_with_size_lte@3": 0,
      "groups_with_size_lte@5": 106,
      "groups_without_positive": 0,
      "hit_rate@1": 0.8077833333333333,
      "hit_rate@10": 1.0,
      "hit_rate@3": 0.97945,
      "hit_rate@5": 0.9956833333333334,
      "n": 70532,
      "n_groups": 3734,
      "n_positive": 17633,
      "n_users": 1000,
      "ndcg@1": 0.8077833333333333,
      "ndcg@10": 0.8346019767986007,
      "ndcg@3": 0.750332049601578,
      "ndcg@5": 0.7039482900206163,
      "tie_policy": "average"
    }
  },
  "val": {
    "macro_by_group": {
      "groups_with_score_ties": 1486,
      "groups_with_score_ties_fraction": 0.5145429362880887,
      "groups_with_size_lte@1": 0,
      "groups_with_size_lte@10": 234,
      "groups_with_size_lte@3": 0,
      "groups_with_size_lte@5": 139,
      "groups_without_positive": 0,
      "hit_rate@1": 0.7951869806094183,
      "hit_rate@10": 1.0,
      "hit_rate@3": 0.9854570637119113,
      "hit_rate@5": 0.9993074792243767,
      "n": 51944,
      "n_groups": 2888,
      "n_positive": 12986,
      "ndcg@1": 0.7951869806094183,
      "ndcg@10": 0.8317822915635921,
      "ndcg@3": 0.7393678459951487,
      "ndcg@5": 0.7026373536229764,
      "tie_policy": "average"
    },
    "macro_by_user_group_mean": {
      "groups_with_score_ties": 1486,
      "groups_with_score_ties_fraction": 0.5145429362880887,
      "groups_with_size_lte@1": 0,
      "groups_with_size_lte@10": 234,
      "groups_with_size_lte@3": 0,
      "groups_with_size_lte@5": 139,
      "groups_without_positive": 0,
      "hit_rate@1": 0.7910333333333333,
      "hit_rate@10": 1.0,
      "hit_rate@3": 0.9848,
      "hit_rate@5": 0.9991666666666666,
      "n": 51944,
      "n_groups": 2888,
      "n_positive": 12986,
      "n_users": 1000,
      "ndcg@1": 0.7910333333333333,
      "ndcg@10": 0.8363753410359615,
      "ndcg@3": 0.7327216100562448,
      "ndcg@5": 0.7192387913998887,
      "tie_policy": "average"
    }
  }
}
