{
  "candidate_groups": {
    "test": {
      "requested": {
        "groups": 2733,
        "positives_max": 10,
        "positives_mean": 8.729967069154775,
        "positives_min": 1,
        "rows_max": 20,
        "rows_mean": 17.45993413830955,
        "rows_min": 2,
        "sampled_max": 10,
        "sampled_mean": 8.729967069154775,
        "sampled_min": 1
      },
      "scored": {
        "groups": 2730,
        "positives_max": 10,
        "positives_mean": 8.728571428571428,
        "positives_min": 1,
        "rows_max": 20,
        "rows_mean": 17.457142857142856,
        "rows_min": 2,
        "sampled_max": 10,
        "sampled_mean": 8.728571428571428,
        "sampled_min": 1
      }
    },
    "val": {
      "requested": {
        "groups": 1972,
        "positives_max": 10,
        "positives_mean": 7.725152129817444,
        "positives_min": 1,
        "rows_max": 20,
        "rows_mean": 15.450304259634889,
        "rows_min": 2,
        "sampled_max": 10,
        "sampled_mean": 7.725152129817444,
        "sampled_min": 1
      },
      "scored": {
        "groups": 1972,
        "positives_max": 10,
        "positives_mean": 7.725152129817444,
        "positives_min": 1,
        "rows_max": 20,
        "rows_mean": 15.450304259634889,
        "rows_min": 2,
        "sampled_max": 10,
        "sampled_mean": 7.725152129817444,
        "sampled_min": 1
      }
    }
  },
  "coverage": {
    "test": {
      "failed_fraction": 0.001257387149503332,
      "failed_rows": 60,
      "requested_rows": 47718,
      "scored_fraction": 0.9987426128504967,
      "scored_rows": 47658
    },
    "val": {
      "failed_fraction": 0.0,
      "failed_rows": 0,
      "requested_rows": 30468,
      "scored_fraction": 1.0,
      "scored_rows": 30468
    }
  },
  "llm_errors": {
    "test": 3,
    "val": 0
  },
  "main_metric": "test.macro_by_user_group_mean.f1",
  "method": "llm_listwise_ranking_litellm_qwen36_27b_with_item_stats_full",
  "protocol": "listwise_scores_thresholded_on_validation",
  "task": "ml-1m_item_stats_cap20_eval_users1000_cg5_m1_seed1",
  "test": {
    "macro_by_group": {
      "accuracy": 0.6421897348683063,
      "f1": 0.711253173634126,
      "n": 47658,
      "n_groups": 2730,
      "n_positive": 23829,
      "n_predicted_positive": 39535,
      "precision": 0.5851515249576013,
      "recall": 0.9301072736787024
    },
    "macro_by_user_group_mean": {
      "accuracy": 0.6521642063492064,
      "f1": 0.7140296516754849,
      "n": 47658,
      "n_groups": 2730,
      "n_positive": 23829,
      "n_predicted_positive": 39535,
      "n_users": 1000,
      "precision": 0.592260180756063,
      "recall": 0.9218943452380952
    },
    "micro": {
      "accuracy": 0.6359897603760124,
      "f1": 0.7262167792437346,
      "n": 47658,
      "n_positive": 23829,
      "n_predicted_positive": 39535,
      "precision": 0.5819653471607437,
      "recall": 0.9655461832221243
    }
  },
  "test_failure_as_negative": {
    "macro_by_group": {
      "accuracy": 0.6420336539299218,
      "f1": 0.7104724346949008,
      "n": 47718,
      "n_groups": 2733,
      "n_positive": 23859,
      "n_predicted_positive": 39535,
      "precision": 0.584509207147549,
      "recall": 0.9290862997229627
    },
    "macro_by_user_group_mean": {
      "accuracy": 0.651955873015873,
      "f1": 0.7131679232804233,
      "n": 47718,
      "n_groups": 2733,
      "n_positive": 23859,
      "n_predicted_positive": 39535,
      "n_users": 1000,
      "precision": 0.5914922068998539,
      "recall": 0.9208110119047619
    },
    "micro": {
      "accuracy": 0.6358187685988516,
      "f1": 0.7258731110199703,
      "n": 47718,
      "n_positive": 23859,
      "n_predicted_positive": 39535,
      "precision": 0.5819653471607437,
      "recall": 0.9643321178590888
    }
  },
  "threshold": 3.0,
  "threshold_metric": "macro_by_user_group_mean_f1",
  "val": {
    "macro_by_group": {
      "accuracy": 0.6619496361763096,
      "f1": 0.7145534842289406,
      "n": 30468,
      "n_groups": 1972,
      "n_positive": 15234,
      "n_predicted_positive": 24614,
      "precision": 0.6057293268186956,
      "recall": 0.9031255030747932
    },
    "macro_by_user_group_mean": {
      "accuracy": 0.6871059292328043,
      "f1": 0.7318943959435625,
      "n": 30468,
      "n_groups": 1972,
      "n_positive": 15234,
      "n_predicted_positive": 24614,
      "n_users": 1000,
      "precision": 0.6327049516714222,
      "recall": 0.8979027645502644
    },
    "micro": {
      "accuracy": 0.64638309045556,
      "f1": 0.7296225657498494,
      "n": 30468,
      "n_positive": 15234,
      "n_predicted_positive": 24614,
      "precision": 0.590598846185098,
      "recall": 0.9542470789024551
    }
  },
  "val_failure_as_negative": {
    "macro_by_group": {
      "accuracy": 0.6619496361763096,
      "f1": 0.7145534842289406,
      "n": 30468,
      "n_groups": 1972,
      "n_positive": 15234,
      "n_predicted_positive": 24614,
      "precision": 0.6057293268186956,
      "recall": 0.9031255030747932
    },
    "macro_by_user_group_mean": {
      "accuracy": 0.6871059292328043,
      "f1": 0.7318943959435625,
      "n": 30468,
      "n_groups": 1972,
      "n_positive": 15234,
      "n_predicted_positive": 24614,
      "n_users": 1000,
      "precision": 0.6327049516714222,
      "recall": 0.8979027645502644
    },
    "micro": {
      "accuracy": 0.64638309045556,
      "f1": 0.7296225657498494,
      "n": 30468,
      "n_positive": 15234,
      "n_predicted_positive": 24614,
      "precision": 0.590598846185098,
      "recall": 0.9542470789024551
    }
  }
}
