{
  "mean_recall@1": 0.0014660481821054195,
  "mean_ndcg@1": 0.01771523178807947,
  "mean_hit_rate@1": 0.01771523178807947,
  "mean_recall@5": 0.006872480600902012,
  "mean_ndcg@5": 0.016535963214517717,
  "mean_hit_rate@5": 0.0695364238410596,
  "mean_recall@10": 0.013140546038423863,
  "mean_ndcg@10": 0.01812130251438933,
  "mean_hit_rate@10": 0.12682119205298012,
  "n_users": 6040,
  "n_users_scored": 6040,
  "n_users_with_recs": 6040
}
