{
  "candidate_groups": {
    "test": {
      "groups": 3941,
      "positives_max": 5,
      "positives_mean": 4.502410555696524,
      "positives_min": 1,
      "rows_max": 20,
      "rows_mean": 18.009642222786095,
      "rows_min": 4,
      "sampled_max": 15,
      "sampled_mean": 13.507231667089572,
      "sampled_min": 3
    },
    "val": {
      "groups": 2266,
      "positives_max": 5,
      "positives_mean": 4.077228596646072,
      "positives_min": 1,
      "rows_max": 20,
      "rows_mean": 16.308914386584288,
      "rows_min": 4,
      "sampled_max": 15,
      "sampled_mean": 12.231685789938217,
      "sampled_min": 3
    }
  },
  "main_metric": "test.macro_by_user_group_mean.f1",
  "method": "popularity_f1_threshold",
  "stage_times_seconds": {
    "apply_threshold": 0.0,
    "candidate_group_summary": 0.037,
    "compute_metrics": 0.141,
    "fit": 0.732,
    "prepare_xy": 0.298,
    "score_test": 0.01,
    "score_val": 0.008,
    "select_threshold": 0.122,
    "write_predictions": 0.196
  },
  "task": "steam_interaction_cap20_eval_users1000_m3_seed4",
  "test": {
    "macro_by_group": {
      "accuracy": 0.8808170515097692,
      "f1": 0.7630470550556524,
      "n": 70976,
      "n_groups": 3941,
      "n_positive": 17744,
      "n_predicted_positive": 19533,
      "precision": 0.75147536004552,
      "recall": 0.8162775945191575
    },
    "macro_by_user_group_mean": {
      "accuracy": 0.8959548814956397,
      "f1": 0.8113637228649633,
      "n": 70976,
      "n_groups": 3941,
      "n_positive": 17744,
      "n_predicted_positive": 19533,
      "n_users": 1000,
      "precision": 0.769472496206989,
      "recall": 0.8907941425075067
    },
    "micro": {
      "accuracy": 0.8788745491433724,
      "f1": 0.7693752179628189,
      "n": 70976,
      "n_positive": 17744,
      "n_predicted_positive": 19533,
      "precision": 0.7341422208570112,
      "recall": 0.8081605049594229
    }
  },
  "threshold": 548.0,
  "threshold_metric": "macro_by_user_group_mean_f1",
  "val": {
    "macro_by_group": {
      "accuracy": 0.8828773168578995,
      "f1": 0.767706995123147,
      "n": 36956,
      "n_groups": 2266,
      "n_positive": 9239,
      "n_predicted_positive": 10102,
      "precision": 0.7551518048980538,
      "recall": 0.820631067961165
    },
    "macro_by_user_group_mean": {
      "accuracy": 0.8957185758583737,
      "f1": 0.8107796578453496,
      "n": 36956,
      "n_groups": 2266,
      "n_positive": 9239,
      "n_predicted_positive": 10102,
      "n_users": 1000,
      "precision": 0.7746529468479312,
      "recall": 0.8864621219902102
    },
    "micro": {
      "accuracy": 0.8803712523000324,
      "f1": 0.7714182307016183,
      "n": 36956,
      "n_positive": 9239,
      "n_predicted_positive": 10102,
      "precision": 0.7384676301722432,
      "recall": 0.8074466933650828
    }
  }
}
