{
  "candidate_groups": {
    "requested": {
      "groups": 3224,
      "positives_max": 5,
      "positives_mean": 4.9181141439205955,
      "positives_min": 1,
      "rows_max": 20,
      "rows_mean": 19.672456575682382,
      "rows_min": 4,
      "sampled_max": 15,
      "sampled_mean": 14.754342431761787,
      "sampled_min": 3
    },
    "scored": {
      "groups": 3224,
      "positives_max": 5,
      "positives_mean": 4.9181141439205955,
      "positives_min": 1,
      "rows_max": 20,
      "rows_mean": 19.672456575682382,
      "rows_min": 4,
      "sampled_max": 15,
      "sampled_mean": 14.754342431761787,
      "sampled_min": 3
    }
  },
  "llm_errors": 0,
  "main_metric": "test.macro_by_user_group_mean.f1",
  "max_candidate_groups": null,
  "max_workers": 128,
  "method": "llm_yes_no_vllm_qwen36_27b_full",
  "requested_rows": 63424,
  "scored_rows": 63424,
  "scoring": "batch",
  "task": "ml-1m_cold_start_k5_cap20_eval_users1000_cg5_m3_seed2",
  "test": {
    "macro_by_group": {
      "accuracy": 0.6755389267990074,
      "f1": 0.47258155836561394,
      "n": 63424,
      "n_groups": 3224,
      "n_positive": 15856,
      "n_predicted_positive": 24619,
      "precision": 0.4075621797678797,
      "recall": 0.6270471464019851
    },
    "macro_by_user_group_mean": {
      "accuracy": 0.6747923742519812,
      "f1": 0.4709281747464972,
      "n": 63424,
      "n_groups": 3224,
      "n_positive": 15856,
      "n_predicted_positive": 24619,
      "n_users": 687,
      "precision": 0.4058072840907415,
      "recall": 0.6247978327672651
    },
    "micro": {
      "accuracy": 0.6755013874873865,
      "f1": 0.4915132798023471,
      "n": 63424,
      "n_positive": 15856,
      "n_predicted_positive": 24619,
      "precision": 0.4040375319874893,
      "recall": 0.6273335015136225
    }
  }
}
