{
  "candidate_groups": {
    "test": {
      "groups": 3625,
      "positives_max": 6,
      "positives_mean": 5.855172413793103,
      "positives_min": 1,
      "rows_max": 18,
      "rows_mean": 17.56551724137931,
      "rows_min": 3,
      "sampled_max": 12,
      "sampled_mean": 11.710344827586207,
      "sampled_min": 2
    },
    "val": {
      "groups": 2237,
      "positives_max": 6,
      "positives_mean": 5.8430934286991505,
      "positives_min": 1,
      "rows_max": 18,
      "rows_mean": 17.529280286097453,
      "rows_min": 3,
      "sampled_max": 12,
      "sampled_mean": 11.686186857398301,
      "sampled_min": 2
    }
  },
  "main_metric": "test.macro_by_user_group_mean.f1",
  "method": "popularity_f1_threshold",
  "stage_times_seconds": {
    "apply_threshold": 0.0,
    "candidate_group_summary": 0.024,
    "compute_metrics": 0.199,
    "fit": 0.097,
    "prepare_xy": 0.017,
    "score_test": 0.012,
    "score_val": 0.008,
    "select_threshold": 0.06,
    "write_predictions": 0.07
  },
  "task": "ml-1m_cold_start_k5_cap20_eval_users1000_cg5_m2_seed1",
  "test": {
    "macro_by_group": {
      "accuracy": 0.7704919540229885,
      "f1": 0.7151604052756609,
      "n": 63675,
      "n_groups": 3625,
      "n_positive": 21225,
      "n_predicted_positive": 30039,
      "precision": 0.6245469419469418,
      "recall": 0.8634022988505747
    },
    "macro_by_user_group_mean": {
      "accuracy": 0.7674746445712215,
      "f1": 0.7098232602741448,
      "n": 63675,
      "n_groups": 3625,
      "n_positive": 21225,
      "n_predicted_positive": 30039,
      "n_users": 818,
      "precision": 0.6195261098133958,
      "recall": 0.8583187313230102
    },
    "micro": {
      "accuracy": 0.7712760109933254,
      "f1": 0.7159019975031211,
      "n": 63675,
      "n_positive": 21225,
      "n_predicted_positive": 30039,
      "precision": 0.6108725323745797,
      "recall": 0.8645465253239105
    }
  },
  "threshold": 184.0,
  "threshold_metric": "macro_by_user_group_mean_f1",
  "val": {
    "macro_by_group": {
      "accuracy": 0.7675805890826006,
      "f1": 0.7123090870919397,
      "n": 39213,
      "n_groups": 2237,
      "n_positive": 13071,
      "n_predicted_positive": 18693,
      "precision": 0.6199464036187325,
      "recall": 0.8650648189539563
    },
    "macro_by_user_group_mean": {
      "accuracy": 0.7664770810414375,
      "f1": 0.7083448132585858,
      "n": 39213,
      "n_groups": 2237,
      "n_positive": 13071,
      "n_predicted_positive": 18693,
      "n_users": 505,
      "precision": 0.6180550175896711,
      "recall": 0.8590885588558856
    },
    "micro": {
      "accuracy": 0.7681891209547854,
      "f1": 0.7138269739327541,
      "n": 39213,
      "n_positive": 13071,
      "n_predicted_positive": 18693,
      "precision": 0.6064837104798587,
      "recall": 0.8673399127840257
    }
  }
}
