{
  "candidate_groups": {
    "test": {
      "groups": 5000,
      "positives_max": 1,
      "positives_mean": 1.0,
      "positives_min": 1,
      "rows_max": 20,
      "rows_mean": 20.0,
      "rows_min": 20,
      "sampled_max": 19,
      "sampled_mean": 19.0,
      "sampled_min": 19
    },
    "val": {
      "groups": 3020,
      "positives_max": 1,
      "positives_mean": 1.0,
      "positives_min": 1,
      "rows_max": 20,
      "rows_mean": 20.0,
      "rows_min": 20,
      "sampled_max": 19,
      "sampled_mean": 19.0,
      "sampled_min": 19
    }
  },
  "main_metric": "test.macro_by_user_group_mean.f1",
  "method": "popularity_f1_threshold",
  "stage_times_seconds": {
    "apply_threshold": 0.0,
    "candidate_group_summary": 0.031,
    "compute_metrics": 0.278,
    "fit": 0.093,
    "prepare_xy": 0.019,
    "score_test": 0.017,
    "score_val": 0.011,
    "select_threshold": 0.068,
    "write_predictions": 0.101
  },
  "task": "ml-1m_cold_start_k3_cap20_eval_users1000_cg5_m19_seed2",
  "test": {
    "macro_by_group": {
      "accuracy": 0.91027,
      "f1": 0.3806495238095238,
      "n": 100000,
      "n_groups": 5000,
      "n_positive": 5000,
      "n_predicted_positive": 9697,
      "precision": 0.3105280952380952,
      "recall": 0.5724
    },
    "macro_by_user_group_mean": {
      "accuracy": 0.91027,
      "f1": 0.38064952380952377,
      "n": 100000,
      "n_groups": 5000,
      "n_positive": 5000,
      "n_predicted_positive": 9697,
      "n_users": 1000,
      "precision": 0.31052809523809527,
      "recall": 0.5724
    },
    "micro": {
      "accuracy": 0.91027,
      "f1": 0.38946723821187995,
      "n": 100000,
      "n_positive": 5000,
      "n_predicted_positive": 9697,
      "precision": 0.2951428276786635,
      "recall": 0.5724
    }
  },
  "threshold": 542.0,
  "threshold_metric": "macro_by_user_group_mean_f1",
  "val": {
    "macro_by_group": {
      "accuracy": 0.9097516556291391,
      "f1": 0.3830936613055818,
      "n": 60400,
      "n_groups": 3020,
      "n_positive": 3020,
      "n_predicted_positive": 5925,
      "precision": 0.31219252601702935,
      "recall": 0.578476821192053
    },
    "macro_by_user_group_mean": {
      "accuracy": 0.9097516556291391,
      "f1": 0.3830936613055818,
      "n": 60400,
      "n_groups": 3020,
      "n_positive": 3020,
      "n_predicted_positive": 5925,
      "n_users": 604,
      "precision": 0.31219252601702935,
      "recall": 0.5784768211920529
    },
    "micro": {
      "accuracy": 0.9097516556291391,
      "f1": 0.3906092789267747,
      "n": 60400,
      "n_positive": 3020,
      "n_predicted_positive": 5925,
      "precision": 0.2948523206751055,
      "recall": 0.578476821192053
    }
  }
}
