{
  "candidate_groups": {
    "requested": {
      "groups": 2121,
      "positives_max": 2,
      "positives_mean": 1.859028760018859,
      "positives_min": 1,
      "rows_max": 8,
      "rows_mean": 7.436115040075436,
      "rows_min": 4,
      "sampled_max": 0,
      "sampled_mean": 0.0,
      "sampled_min": 0
    },
    "scored": {
      "groups": 2121,
      "positives_max": 2,
      "positives_mean": 1.859028760018859,
      "positives_min": 1,
      "rows_max": 8,
      "rows_mean": 7.436115040075436,
      "rows_min": 4,
      "sampled_max": 0,
      "sampled_mean": 0.0,
      "sampled_min": 0
    }
  },
  "coverage": {
    "failed_fraction": 0.0,
    "failed_rows": 0,
    "requested_rows": 15772,
    "scored_fraction": 1.0,
    "scored_rows": 15772
  },
  "llm_errors": 0,
  "main_metric": "test.macro_by_user_group_mean.f1",
  "max_candidate_groups": null,
  "max_workers": 64,
  "method": "llm_preference_yes_no_litellm_qwen36_27b_full",
  "requested_rows": 15772,
  "scored_rows": 15772,
  "task": "steam_preference_cap10_eval_users1000_cg5_m3_seed1",
  "test": {
    "macro_by_group": {
      "accuracy": 0.6803394625176803,
      "f1": 0.48585947030077153,
      "n": 15772,
      "n_groups": 2121,
      "n_positive": 3943,
      "n_predicted_positive": 6033,
      "precision": 0.4324813093554254,
      "recall": 0.6301272984441302
    },
    "macro_by_user_group_mean": {
      "accuracy": 0.6790020263424519,
      "f1": 0.48999396921889327,
      "n": 15772,
      "n_groups": 2121,
      "n_positive": 3943,
      "n_predicted_positive": 6033,
      "n_users": 658,
      "precision": 0.4300388985381387,
      "recall": 0.6452127659574467
    },
    "micro": {
      "accuracy": 0.6813340096373319,
      "f1": 0.49619085805934243,
      "n": 15772,
      "n_positive": 3943,
      "n_predicted_positive": 6033,
      "precision": 0.4102436598707111,
      "recall": 0.6276946487446107
    }
  },
  "test_failure_as_negative": {
    "macro_by_group": {
      "accuracy": 0.6803394625176803,
      "f1": 0.48585947030077153,
      "n": 15772,
      "n_groups": 2121,
      "n_positive": 3943,
      "n_predicted_positive": 6033,
      "precision": 0.4324813093554254,
      "recall": 0.6301272984441302
    },
    "macro_by_user_group_mean": {
      "accuracy": 0.6790020263424519,
      "f1": 0.48999396921889327,
      "n": 15772,
      "n_groups": 2121,
      "n_positive": 3943,
      "n_predicted_positive": 6033,
      "n_users": 658,
      "precision": 0.4300388985381387,
      "recall": 0.6452127659574467
    },
    "micro": {
      "accuracy": 0.6813340096373319,
      "f1": 0.49619085805934243,
      "n": 15772,
      "n_positive": 3943,
      "n_predicted_positive": 6033,
      "precision": 0.4102436598707111,
      "recall": 0.6276946487446107
    }
  }
}
