{
  "candidate_groups": {
    "requested": {
      "groups": 4979,
      "positives_max": 1,
      "positives_mean": 1.0,
      "positives_min": 1,
      "rows_max": 20,
      "rows_mean": 20.0,
      "rows_min": 20,
      "sampled_max": 19,
      "sampled_mean": 19.0,
      "sampled_min": 19
    },
    "scored": {
      "groups": 4976,
      "positives_max": 1,
      "positives_mean": 1.0,
      "positives_min": 1,
      "rows_max": 20,
      "rows_mean": 20.0,
      "rows_min": 20,
      "sampled_max": 19,
      "sampled_mean": 19.0,
      "sampled_min": 19
    }
  },
  "coverage": {
    "failed_fraction": 0.0006025306286402892,
    "failed_rows": 60,
    "requested_rows": 99580,
    "scored_fraction": 0.9993974693713598,
    "scored_rows": 99520
  },
  "llm_errors": 3,
  "main_metric": "test.macro_by_user_group_mean.f1",
  "max_candidate_groups": null,
  "max_workers": 32,
  "method": "agent4rec_yes_no_vllm_qwen3_8b_traits_full",
  "requested_rows": 99580,
  "scored_rows": 99520,
  "task": "ml-1m_item_stats_cap20_eval_users1000_cg5_m19_seed0",
  "test": {
    "macro_by_group": {
      "accuracy": 0.8535771704180065,
      "f1": 0.036586714854038874,
      "n": 99520,
      "n_groups": 4976,
      "n_positive": 4976,
      "n_predicted_positive": 11116,
      "precision": 0.02323632163084444,
      "recall": 0.1527331189710611
    },
    "macro_by_user_group_mean": {
      "accuracy": 0.8540249999999998,
      "f1": 0.03641109862273949,
      "n": 99520,
      "n_groups": 4976,
      "n_positive": 4976,
      "n_predicted_positive": 11116,
      "n_users": 1000,
      "precision": 0.023124787287016387,
      "recall": 0.152
    },
    "micro": {
      "accuracy": 0.8535771704180064,
      "f1": 0.09445687298036291,
      "n": 99520,
      "n_positive": 4976,
      "n_predicted_positive": 11116,
      "precision": 0.06836991723641597,
      "recall": 0.1527331189710611
    }
  },
  "test_failure_as_negative": {
    "macro_by_group": {
      "accuracy": 0.8536352681261298,
      "f1": 0.036564670237737996,
      "n": 99580,
      "n_groups": 4979,
      "n_positive": 4979,
      "n_predicted_positive": 11116,
      "precision": 0.02322232103536492,
      "recall": 0.15264109258887326
    },
    "macro_by_user_group_mean": {
      "accuracy": 0.8540249999999998,
      "f1": 0.03641109862273949,
      "n": 99580,
      "n_groups": 4979,
      "n_positive": 4979,
      "n_predicted_positive": 11116,
      "n_users": 1000,
      "precision": 0.023124787287016387,
      "recall": 0.152
    },
    "micro": {
      "accuracy": 0.8536352681261298,
      "f1": 0.09443926685305995,
      "n": 99580,
      "n_positive": 4979,
      "n_predicted_positive": 11116,
      "precision": 0.06836991723641597,
      "recall": 0.15264109258887326
    }
  }
}
