{
  "candidate_groups": {
    "test": {
      "groups": 3297,
      "positives_max": 5,
      "positives_mean": 4.936912344555656,
      "positives_min": 1,
      "rows_max": 20,
      "rows_mean": 19.747649378222626,
      "rows_min": 4,
      "sampled_max": 15,
      "sampled_mean": 14.81073703366697,
      "sampled_min": 3
    },
    "val": {
      "groups": 2018,
      "positives_max": 5,
      "positives_mean": 4.9167492566897915,
      "positives_min": 1,
      "rows_max": 20,
      "rows_mean": 19.666997026759166,
      "rows_min": 4,
      "sampled_max": 15,
      "sampled_mean": 14.750247770069375,
      "sampled_min": 3
    }
  },
  "main_metric": "test.macro_by_user_group_mean.ndcg@5",
  "method": "item_knn_cold_start_ranking",
  "protocol": "ranking",
  "ranking_evaluation": {
    "ks": [
      1,
      3,
      5,
      10
    ],
    "tie_policy": "average"
  },
  "stage_times_seconds": {
    "candidate_group_summary": 0.023,
    "compute_ranking_metrics": 1.25,
    "fit": 0.608,
    "prepare_xy": 0.014,
    "score_test": 0.229,
    "score_val": 0.145,
    "write_predictions": 0.066
  },
  "task": "ml-1m_cold_start_k1_cap20_eval_users1000_cg5_m3_seed2",
  "test": {
    "macro_by_group": {
      "groups_with_score_ties": 3297,
      "groups_with_score_ties_fraction": 1.0,
      "groups_with_size_lte@1": 0,
      "groups_with_size_lte@10": 46,
      "groups_with_size_lte@3": 0,
      "groups_with_size_lte@5": 27,
      "groups_without_positive": 0,
      "hit_rate@1": 0.3483469821049439,
      "hit_rate@10": 0.9862465654664869,
      "hit_rate@3": 0.6558636897940573,
      "hit_rate@5": 0.8345368076347126,
      "n": 65108,
      "n_groups": 3297,
      "n_positive": 16277,
      "ndcg@1": 0.3483469821049439,
      "ndcg@10": 0.4221952560913395,
      "ndcg@3": 0.3059345652049439,
      "ndcg@5": 0.2915581188844367,
      "tie_policy": "average"
    },
    "macro_by_user_group_mean": {
      "groups_with_score_ties": 3297,
      "groups_with_score_ties_fraction": 1.0,
      "groups_with_size_lte@1": 0,
      "groups_with_size_lte@10": 46,
      "groups_with_size_lte@3": 0,
      "groups_with_size_lte@5": 27,
      "groups_without_positive": 0,
      "hit_rate@1": 0.34581560283687945,
      "hit_rate@10": 0.9866378429225082,
      "hit_rate@3": 0.6570576729272138,
      "hit_rate@5": 0.8373236238781164,
      "n": 65108,
      "n_groups": 3297,
      "n_positive": 16277,
      "n_users": 705,
      "ndcg@1": 0.34581560283687945,
      "ndcg@10": 0.4272727333500821,
      "ndcg@3": 0.3090133057944171,
      "ndcg@5": 0.29781917887676784,
      "tie_policy": "average"
    }
  },
  "val": {
    "macro_by_group": {
      "groups_with_score_ties": 2018,
      "groups_with_score_ties_fraction": 1.0,
      "groups_with_size_lte@1": 0,
      "groups_with_size_lte@10": 38,
      "groups_with_size_lte@3": 0,
      "groups_with_size_lte@5": 21,
      "groups_without_positive": 0,
      "hit_rate@1": 0.3408077304261645,
      "hit_rate@10": 0.9861871537073361,
      "hit_rate@3": 0.6522698895931904,
      "hit_rate@5": 0.833229927309009,
      "n": 39688,
      "n_groups": 2018,
      "n_positive": 9922,
      "ndcg@1": 0.3408077304261645,
      "ndcg@10": 0.42135400046115895,
      "ndcg@3": 0.30328130034327644,
      "ndcg@5": 0.29068360205805593,
      "tie_policy": "average"
    },
    "macro_by_user_group_mean": {
      "groups_with_score_ties": 2018,
      "groups_with_score_ties_fraction": 1.0,
      "groups_with_size_lte@1": 0,
      "groups_with_size_lte@10": 38,
      "groups_with_size_lte@3": 0,
      "groups_with_size_lte@5": 21,
      "groups_without_positive": 0,
      "hit_rate@1": 0.3356428021555042,
      "hit_rate@10": 0.9866014052955009,
      "hit_rate@3": 0.6513865221817695,
      "hit_rate@5": 0.8348608232426934,
      "n": 39688,
      "n_groups": 2018,
      "n_positive": 9922,
      "n_users": 433,
      "ndcg@1": 0.3356428021555042,
      "ndcg@10": 0.42574342851381386,
      "ndcg@3": 0.303622941231535,
      "ndcg@5": 0.295184555074351,
      "tie_policy": "average"
    }
  }
}
