{
  "candidate_groups": {
    "test": {
      "groups": 4918,
      "positives_max": 6,
      "positives_mean": 5.931476209841399,
      "positives_min": 1,
      "rows_max": 18,
      "rows_mean": 17.794428629524198,
      "rows_min": 3,
      "sampled_max": 12,
      "sampled_mean": 11.862952419682799,
      "sampled_min": 2
    },
    "val": {
      "groups": 2966,
      "positives_max": 6,
      "positives_mean": 5.91975724881996,
      "positives_min": 1,
      "rows_max": 18,
      "rows_mean": 17.759271746459877,
      "rows_min": 3,
      "sampled_max": 12,
      "sampled_mean": 11.83951449763992,
      "sampled_min": 2
    }
  },
  "main_metric": "test.macro_by_user_group_mean.ndcg@5",
  "method": "popularity_ranking",
  "protocol": "ranking",
  "ranking_evaluation": {
    "ks": [
      1,
      3,
      5,
      10
    ],
    "tie_policy": "average"
  },
  "stage_times_seconds": {
    "candidate_group_summary": 0.029,
    "compute_ranking_metrics": 2.544,
    "fit": 0.088,
    "prepare_xy": 0.017,
    "score_test": 0.014,
    "score_val": 0.01,
    "write_predictions": 0.089
  },
  "task": "ml-1m_cold_start_k1_cap20_eval_users1000_cg5_m2_seed0",
  "test": {
    "macro_by_group": {
      "groups_with_score_ties": 2022,
      "groups_with_score_ties_fraction": 0.41114274095160636,
      "groups_with_size_lte@1": 0,
      "groups_with_size_lte@10": 66,
      "groups_with_size_lte@3": 26,
      "groups_with_size_lte@5": 26,
      "groups_without_positive": 0,
      "hit_rate@1": 0.8793208621390809,
      "hit_rate@10": 1.0,
      "hit_rate@3": 0.9880032533550224,
      "hit_rate@5": 0.9975599837332249,
      "n": 87513,
      "n_groups": 4918,
      "n_positive": 29171,
      "ndcg@1": 0.8793208621390809,
      "ndcg@10": 0.8748736987901805,
      "ndcg@3": 0.8418444510112659,
      "ndcg@5": 0.793195648890712,
      "tie_policy": "average"
    },
    "macro_by_user_group_mean": {
      "groups_with_score_ties": 2022,
      "groups_with_score_ties_fraction": 0.41114274095160636,
      "groups_with_size_lte@1": 0,
      "groups_with_size_lte@10": 66,
      "groups_with_size_lte@3": 26,
      "groups_with_size_lte@5": 26,
      "groups_without_positive": 0,
      "hit_rate@1": 0.8792000000000001,
      "hit_rate@10": 1.0,
      "hit_rate@3": 0.98805,
      "hit_rate@5": 0.9976,
      "n": 87513,
      "n_groups": 4918,
      "n_positive": 29171,
      "n_users": 1000,
      "ndcg@1": 0.8792000000000001,
      "ndcg@10": 0.8749335398020521,
      "ndcg@3": 0.8419117934491083,
      "ndcg@5": 0.7933702710962344,
      "tie_policy": "average"
    }
  },
  "val": {
    "macro_by_group": {
      "groups_with_score_ties": 1249,
      "groups_with_score_ties_fraction": 0.421105866486851,
      "groups_with_size_lte@1": 0,
      "groups_with_size_lte@10": 52,
      "groups_with_size_lte@3": 15,
      "groups_with_size_lte@5": 15,
      "groups_without_positive": 0,
      "hit_rate@1": 0.8846931894807822,
      "hit_rate@10": 1.0,
      "hit_rate@3": 0.9922454484153742,
      "hit_rate@5": 0.9981456507080243,
      "n": 52674,
      "n_groups": 2966,
      "n_positive": 17558,
      "ndcg@1": 0.8846931894807822,
      "ndcg@10": 0.8821056733878414,
      "ndcg@3": 0.8460774465792738,
      "ndcg@5": 0.7996431419364789,
      "tie_policy": "average"
    },
    "macro_by_user_group_mean": {
      "groups_with_score_ties": 1249,
      "groups_with_score_ties_fraction": 0.421105866486851,
      "groups_with_size_lte@1": 0,
      "groups_with_size_lte@10": 52,
      "groups_with_size_lte@3": 15,
      "groups_with_size_lte@5": 15,
      "groups_without_positive": 0,
      "hit_rate@1": 0.8838576158940398,
      "hit_rate@10": 1.0,
      "hit_rate@3": 0.9923013245033111,
      "hit_rate@5": 0.9981788079470199,
      "n": 52674,
      "n_groups": 2966,
      "n_positive": 17558,
      "n_users": 604,
      "ndcg@1": 0.8838576158940398,
      "ndcg@10": 0.8818024868522565,
      "ndcg@3": 0.845545306564638,
      "ndcg@5": 0.7993255915028608,
      "tie_policy": "average"
    }
  }
}
