{
  "candidate_groups": {
    "requested": {
      "groups": 2479,
      "positives_max": 3,
      "positives_mean": 2.8398547801532876,
      "positives_min": 1,
      "rows_max": 9,
      "rows_mean": 8.519564340459862,
      "rows_min": 3,
      "sampled_max": 0,
      "sampled_mean": 0.0,
      "sampled_min": 0
    },
    "scored": {
      "groups": 2479,
      "positives_max": 3,
      "positives_mean": 2.8398547801532876,
      "positives_min": 1,
      "rows_max": 9,
      "rows_mean": 8.519564340459862,
      "rows_min": 3,
      "sampled_max": 0,
      "sampled_mean": 0.0,
      "sampled_min": 0
    }
  },
  "coverage": {
    "failed_fraction": 0.0,
    "failed_rows": 0,
    "requested_rows": 21120,
    "scored_fraction": 1.0,
    "scored_rows": 21120
  },
  "llm_errors": 0,
  "main_metric": "test.macro_by_user_group_mean.f1",
  "max_candidate_groups": null,
  "max_workers": 64,
  "method": "llm_preference_yes_no_litellm_qwen36_27b_full",
  "requested_rows": 21120,
  "scored_rows": 21120,
  "task": "ml-1m_preference_cap10_eval_users1000_cg5_m2_seed1",
  "test": {
    "macro_by_group": {
      "accuracy": 0.5781901304289364,
      "f1": 0.48681856890812114,
      "n": 21120,
      "n_groups": 2479,
      "n_positive": 7040,
      "n_predicted_positive": 10952,
      "precision": 0.423085825697766,
      "recall": 0.6475729460804088
    },
    "macro_by_user_group_mean": {
      "accuracy": 0.580526138846865,
      "f1": 0.49099386269582945,
      "n": 21120,
      "n_groups": 2479,
      "n_positive": 7040,
      "n_predicted_positive": 10952,
      "n_users": 661,
      "precision": 0.42477694330379656,
      "recall": 0.6567952597075138
    },
    "micro": {
      "accuracy": 0.578219696969697,
      "f1": 0.5048910626945309,
      "n": 21120,
      "n_positive": 7040,
      "n_predicted_positive": 10952,
      "precision": 0.4147187728268809,
      "recall": 0.6451704545454545
    }
  },
  "test_failure_as_negative": {
    "macro_by_group": {
      "accuracy": 0.5781901304289364,
      "f1": 0.48681856890812114,
      "n": 21120,
      "n_groups": 2479,
      "n_positive": 7040,
      "n_predicted_positive": 10952,
      "precision": 0.423085825697766,
      "recall": 0.6475729460804088
    },
    "macro_by_user_group_mean": {
      "accuracy": 0.580526138846865,
      "f1": 0.49099386269582945,
      "n": 21120,
      "n_groups": 2479,
      "n_positive": 7040,
      "n_predicted_positive": 10952,
      "n_users": 661,
      "precision": 0.42477694330379656,
      "recall": 0.6567952597075138
    },
    "micro": {
      "accuracy": 0.578219696969697,
      "f1": 0.5048910626945309,
      "n": 21120,
      "n_positive": 7040,
      "n_predicted_positive": 10952,
      "precision": 0.4147187728268809,
      "recall": 0.6451704545454545
    }
  }
}
