{
  "candidate_groups": {
    "requested": {
      "groups": 4899,
      "positives_max": 5,
      "positives_mean": 4.959787711777913,
      "positives_min": 1,
      "rows_max": 20,
      "rows_mean": 19.839150847111654,
      "rows_min": 4,
      "sampled_max": 15,
      "sampled_mean": 14.879363135333742,
      "sampled_min": 3
    },
    "scored": {
      "groups": 4899,
      "positives_max": 5,
      "positives_mean": 4.959787711777913,
      "positives_min": 1,
      "rows_max": 20,
      "rows_mean": 19.839150847111654,
      "rows_min": 4,
      "sampled_max": 15,
      "sampled_mean": 14.879363135333742,
      "sampled_min": 3
    }
  },
  "llm_errors": 0,
  "main_metric": "test.macro_by_user_group_mean.ndcg@5",
  "max_candidate_groups": null,
  "max_workers": 128,
  "method": "llm_yes_no_vllm_qwen36_27b_full",
  "protocol": "ranking",
  "ranking_evaluation": {
    "ks": [
      1,
      3,
      5,
      10
    ],
    "tie_policy": "average"
  },
  "requested_rows": 97192,
  "scored_rows": 97192,
  "scoring": "batch",
  "task": "ml-1m_cold_start_k5_cap20_eval_users1000_cg5_m3_seed0",
  "test": {
    "macro_by_group": {
      "groups_with_score_ties": 4899,
      "groups_with_score_ties_fraction": 1.0,
      "groups_with_size_lte@1": 0,
      "groups_with_size_lte@10": 37,
      "groups_with_size_lte@3": 0,
      "groups_with_size_lte@5": 20,
      "groups_without_positive": 0,
      "hit_rate@1": 0.4070402492583411,
      "hit_rate@10": 0.9914655665510235,
      "hit_rate@3": 0.7775491080972408,
      "hit_rate@5": 0.9101779298355005,
      "n": 97192,
      "n_groups": 4899,
      "n_positive": 24298,
      "ndcg@1": 0.4070402492583411,
      "ndcg@10": 0.561058294127816,
      "ndcg@3": 0.407533287854781,
      "ndcg@5": 0.4036073172453682,
      "tie_policy": "average"
    },
    "macro_by_user_group_mean": {
      "groups_with_score_ties": 4899,
      "groups_with_score_ties_fraction": 1.0,
      "groups_with_size_lte@1": 0,
      "groups_with_size_lte@10": 37,
      "groups_with_size_lte@3": 0,
      "groups_with_size_lte@5": 20,
      "groups_without_positive": 0,
      "hit_rate@1": 0.40664391103206504,
      "hit_rate@10": 0.991442827004437,
      "hit_rate@3": 0.7775242684232119,
      "hit_rate@5": 0.910224228269652,
      "n": 97192,
      "n_groups": 4899,
      "n_positive": 24298,
      "n_users": 1000,
      "ndcg@1": 0.40664391103206504,
      "ndcg@10": 0.5609687088940275,
      "ndcg@3": 0.40735270377990584,
      "ndcg@5": 0.4036508873701881,
      "tie_policy": "average"
    }
  }
}
