{
  "candidate_groups": {
    "requested": {
      "groups": 4629,
      "positives_max": 2,
      "positives_mean": 1.966947504860661,
      "positives_min": 1,
      "rows_max": 20,
      "rows_mean": 19.66947504860661,
      "rows_min": 10,
      "sampled_max": 18,
      "sampled_mean": 17.702527543745948,
      "sampled_min": 9
    },
    "scored": {
      "groups": 4389,
      "positives_max": 2,
      "positives_mean": 1.96514012303486,
      "positives_min": 1,
      "rows_max": 20,
      "rows_mean": 19.6514012303486,
      "rows_min": 10,
      "sampled_max": 18,
      "sampled_mean": 17.68626110731374,
      "sampled_min": 9
    }
  },
  "coverage": {
    "failed_fraction": 0.05271828665568369,
    "failed_rows": 4800,
    "requested_rows": 91050,
    "scored_fraction": 0.9472817133443163,
    "scored_rows": 86250
  },
  "llm_errors": 240,
  "main_metric": "test.macro_by_user_group_mean.ndcg@5",
  "max_candidate_groups": null,
  "max_workers": 8,
  "method": "agent4rec_yes_no_vllm_qwen36_27b_traits_full",
  "protocol": "ranking",
  "ranking_evaluation": {
    "ks": [
      1,
      3,
      5,
      10
    ],
    "tie_policy": "average"
  },
  "requested_rows": 91050,
  "scored_rows": 86250,
  "task": "ml-1m_item_stats_cap20_eval_users1000_cg5_m9_seed1",
  "test": {
    "macro_by_group": {
      "groups_with_score_ties": 4389,
      "groups_with_score_ties_fraction": 1.0,
      "groups_with_size_lte@1": 0,
      "groups_with_size_lte@10": 153,
      "groups_with_size_lte@3": 0,
      "groups_with_size_lte@5": 0,
      "groups_without_positive": 0,
      "hit_rate@1": 0.10965152986789896,
      "hit_rate@10": 0.7706404550864068,
      "hit_rate@3": 0.294693924392908,
      "hit_rate@5": 0.4533933106623452,
      "n": 86250,
      "n_groups": 4389,
      "n_positive": 8625,
      "ndcg@1": 0.10965152986789897,
      "ndcg@10": 0.294388650313394,
      "ndcg@3": 0.14314048479918132,
      "ndcg@5": 0.19530179999269703,
      "tie_policy": "average"
    },
    "macro_by_user_group_mean": {
      "groups_with_score_ties": 4389,
      "groups_with_score_ties_fraction": 1.0,
      "groups_with_size_lte@1": 0,
      "groups_with_size_lte@10": 153,
      "groups_with_size_lte@3": 0,
      "groups_with_size_lte@5": 0,
      "groups_without_positive": 0,
      "hit_rate@1": 0.11081284701325407,
      "hit_rate@10": 0.774150990427077,
      "hit_rate@3": 0.2960825742550888,
      "hit_rate@5": 0.45539091364039763,
      "n": 86250,
      "n_groups": 4389,
      "n_positive": 8625,
      "n_users": 999,
      "ndcg@1": 0.11081284701325408,
      "ndcg@10": 0.2967327683575286,
      "ndcg@3": 0.14473848482100102,
      "ndcg@5": 0.19711056659589402,
      "tie_policy": "average"
    }
  },
  "test_failure_as_zero_group": {
    "macro_by_group": {
      "failed_groups": 240,
      "failed_groups_fraction": 0.05184705119896306,
      "failure_policy": "failed_group_zero",
      "groups_with_score_ties": 4389,
      "groups_with_score_ties_fraction": 0.948152948801037,
      "groups_with_size_lte@1": 0,
      "groups_with_size_lte@10": 153,
      "groups_with_size_lte@3": 0,
      "groups_with_size_lte@5": 0,
      "groups_without_positive": 0,
      "hit_rate@1": 0.10396642138479337,
      "hit_rate@10": 0.7306850199555496,
      "hit_rate@3": 0.2794149134068855,
      "hit_rate@5": 0.42988620447116715,
      "n": 91050,
      "n_groups": 4629,
      "n_positive": 9105,
      "ndcg@1": 0.10396642138479338,
      "ndcg@10": 0.27912546688820183,
      "ndcg@3": 0.1357190727551538,
      "ndcg@5": 0.18517597756922596,
      "scored_groups": 4389,
      "tie_policy": "average"
    },
    "macro_by_user_group_mean": {
      "failed_groups": 240,
      "failed_groups_fraction": 0.05184705119896306,
      "failure_policy": "failed_group_zero",
      "groups_with_score_ties": 4389,
      "groups_with_score_ties_fraction": 0.948152948801037,
      "groups_with_size_lte@1": 0,
      "groups_with_size_lte@10": 153,
      "groups_with_size_lte@3": 0,
      "groups_with_size_lte@5": 0,
      "groups_without_positive": 0,
      "hit_rate@1": 0.10456739069581948,
      "hit_rate@10": 0.7339007508143731,
      "hit_rate@3": 0.2800131556402261,
      "hit_rate@5": 0.43123019528845763,
      "n": 91050,
      "n_groups": 4629,
      "n_positive": 9105,
      "n_users": 1000,
      "ndcg@1": 0.1045673906958195,
      "ndcg@10": 0.28104435790078314,
      "ndcg@3": 0.13675540054384977,
      "ndcg@5": 0.18646739472402013,
      "scored_groups": 4389,
      "tie_policy": "average"
    }
  }
}
