{
  "mean_hit_rate@1": 0.03923841059602649,
  "mean_ndcg@1": 0.03923841059602649,
  "mean_recall@1": 0.002315381034014093,
  "mean_hit_rate@5": 0.12235099337748344,
  "mean_ndcg@5": 0.0351466509404582,
  "mean_recall@5": 0.010448242512996007,
  "mean_hit_rate@10": 0.18311258278145695,
  "mean_ndcg@10": 0.033581107218169745,
  "mean_recall@10": 0.01740764506184004,
  "n_users": 6040,
  "n_users_scored": 6040,
  "n_users_with_recs": 6040
}
