{
  "candidate_groups": {
    "requested": {
      "groups": 1488,
      "positives_max": 5,
      "positives_mean": 3.793010752688172,
      "positives_min": 1,
      "rows_max": 10,
      "rows_mean": 7.586021505376344,
      "rows_min": 2,
      "sampled_max": 0,
      "sampled_mean": 0.0,
      "sampled_min": 0
    },
    "scored": {
      "groups": 1488,
      "positives_max": 5,
      "positives_mean": 3.793010752688172,
      "positives_min": 1,
      "rows_max": 10,
      "rows_mean": 7.586021505376344,
      "rows_min": 2,
      "sampled_max": 0,
      "sampled_mean": 0.0,
      "sampled_min": 0
    }
  },
  "coverage": {
    "failed_fraction": 0.0,
    "failed_rows": 0,
    "requested_rows": 11288,
    "scored_fraction": 1.0,
    "scored_rows": 11288
  },
  "llm_errors": 0,
  "main_metric": "test.macro_by_user_group_mean.f1",
  "max_candidate_groups": null,
  "max_workers": 64,
  "method": "llm_preference_yes_no_litellm_qwen36_27b_full",
  "requested_rows": 11288,
  "scored_rows": 11288,
  "task": "steam_preference_cap10_eval_users1000_cg5_m1_seed2",
  "test": {
    "macro_by_group": {
      "accuracy": 0.6642977150537634,
      "f1": 0.6223942835837997,
      "n": 11288,
      "n_groups": 1488,
      "n_positive": 5644,
      "n_predicted_positive": 5095,
      "precision": 0.6763358188257382,
      "recall": 0.6199372759856631
    },
    "macro_by_user_group_mean": {
      "accuracy": 0.6682388821303056,
      "f1": 0.6265058299364868,
      "n": 11288,
      "n_groups": 1488,
      "n_positive": 5644,
      "n_predicted_positive": 5095,
      "n_users": 822,
      "precision": 0.6763660545321128,
      "recall": 0.6267920383887537
    },
    "micro": {
      "accuracy": 0.6563607370659107,
      "f1": 0.6387931837228792,
      "n": 11288,
      "n_positive": 5644,
      "n_predicted_positive": 5095,
      "precision": 0.6732090284592738,
      "recall": 0.6077250177179305
    }
  },
  "test_failure_as_negative": {
    "macro_by_group": {
      "accuracy": 0.6642977150537634,
      "f1": 0.6223942835837997,
      "n": 11288,
      "n_groups": 1488,
      "n_positive": 5644,
      "n_predicted_positive": 5095,
      "precision": 0.6763358188257382,
      "recall": 0.6199372759856631
    },
    "macro_by_user_group_mean": {
      "accuracy": 0.6682388821303056,
      "f1": 0.6265058299364868,
      "n": 11288,
      "n_groups": 1488,
      "n_positive": 5644,
      "n_predicted_positive": 5095,
      "n_users": 822,
      "precision": 0.6763660545321128,
      "recall": 0.6267920383887537
    },
    "micro": {
      "accuracy": 0.6563607370659107,
      "f1": 0.6387931837228792,
      "n": 11288,
      "n_positive": 5644,
      "n_predicted_positive": 5095,
      "precision": 0.6732090284592738,
      "recall": 0.6077250177179305
    }
  }
}
