{
  "candidate_groups": {
    "requested": {
      "groups": 4641,
      "positives_max": 2,
      "positives_mean": 1.9691876750700281,
      "positives_min": 1,
      "rows_max": 20,
      "rows_mean": 19.69187675070028,
      "rows_min": 10,
      "sampled_max": 18,
      "sampled_mean": 17.722689075630253,
      "sampled_min": 9
    },
    "scored": {
      "groups": 4629,
      "positives_max": 2,
      "positives_mean": 1.9691077986606178,
      "positives_min": 1,
      "rows_max": 20,
      "rows_mean": 19.691077986606178,
      "rows_min": 10,
      "sampled_max": 18,
      "sampled_mean": 17.721970187945562,
      "sampled_min": 9
    }
  },
  "coverage": {
    "failed_fraction": 0.002626107889265784,
    "failed_rows": 240,
    "requested_rows": 91390,
    "scored_fraction": 0.9973738921107342,
    "scored_rows": 91150
  },
  "llm_errors": 12,
  "main_metric": "test.macro_by_user_group_mean.ndcg@5",
  "max_candidate_groups": null,
  "max_workers": 32,
  "method": "agent4rec_yes_no_vllm_qwen3_8b_taste_gpt4o_mini_full",
  "protocol": "ranking",
  "ranking_evaluation": {
    "ks": [
      1,
      3,
      5,
      10
    ],
    "tie_policy": "average"
  },
  "requested_rows": 91390,
  "scored_rows": 91150,
  "task": "ml-1m_item_stats_cap20_eval_users1000_cg5_m9_seed0",
  "test": {
    "macro_by_group": {
      "groups_with_score_ties": 4629,
      "groups_with_score_ties_fraction": 1.0,
      "groups_with_size_lte@1": 0,
      "groups_with_size_lte@10": 143,
      "groups_with_size_lte@3": 0,
      "groups_with_size_lte@5": 0,
      "groups_without_positive": 0,
      "hit_rate@1": 0.24905148777380112,
      "hit_rate@10": 0.9063332135041683,
      "hit_rate@3": 0.5547325076839171,
      "hit_rate@5": 0.7208352501143374,
      "n": 91150,
      "n_groups": 4629,
      "n_positive": 9115,
      "ndcg@1": 0.24905148777380112,
      "ndcg@10": 0.4619524243671982,
      "ndcg@3": 0.30294784104029066,
      "ndcg@5": 0.3761221984186841,
      "tie_policy": "average"
    },
    "macro_by_user_group_mean": {
      "groups_with_score_ties": 4629,
      "groups_with_score_ties_fraction": 1.0,
      "groups_with_size_lte@1": 0,
      "groups_with_size_lte@10": 143,
      "groups_with_size_lte@3": 0,
      "groups_with_size_lte@5": 0,
      "groups_without_positive": 0,
      "hit_rate@1": 0.2490270278223955,
      "hit_rate@10": 0.9077062877983157,
      "hit_rate@3": 0.5545144927808976,
      "hit_rate@5": 0.7209399390133717,
      "n": 91150,
      "n_groups": 4629,
      "n_positive": 9115,
      "n_users": 1000,
      "ndcg@1": 0.24902702782239544,
      "ndcg@10": 0.4629817362623327,
      "ndcg@3": 0.3039425752792039,
      "ndcg@5": 0.3769560804925327,
      "tie_policy": "average"
    }
  },
  "test_failure_as_zero_group": {
    "macro_by_group": {
      "failed_groups": 12,
      "failed_groups_fraction": 0.002585649644473174,
      "failure_policy": "failed_group_zero",
      "groups_with_score_ties": 4629,
      "groups_with_score_ties_fraction": 0.9974143503555268,
      "groups_with_size_lte@1": 0,
      "groups_with_size_lte@10": 143,
      "groups_with_size_lte@3": 0,
      "groups_with_size_lte@5": 0,
      "groups_without_positive": 0,
      "hit_rate@1": 0.2484075278829833,
      "hit_rate@10": 0.903989753352897,
      "hit_rate@3": 0.5532981637726465,
      "hit_rate@5": 0.7189714227061554,
      "n": 91390,
      "n_groups": 4641,
      "n_positive": 9139,
      "ndcg@1": 0.24840752788298323,
      "ndcg@10": 0.46075797724536965,
      "ndcg@3": 0.30216452406281086,
      "ndcg@5": 0.37514967819006434,
      "scored_groups": 4629,
      "tie_policy": "average"
    },
    "macro_by_user_group_mean": {
      "failed_groups": 12,
      "failed_groups_fraction": 0.002585649644473174,
      "failure_policy": "failed_group_zero",
      "groups_with_score_ties": 4629,
      "groups_with_score_ties_fraction": 0.9974143503555268,
      "groups_with_size_lte@1": 0,
      "groups_with_size_lte@10": 143,
      "groups_with_size_lte@3": 0,
      "groups_with_size_lte@5": 0,
      "groups_without_positive": 0,
      "hit_rate@1": 0.24813787738949503,
      "hit_rate@10": 0.9051797969645881,
      "hit_rate@3": 0.552834409903249,
      "hit_rate@5": 0.7188187482523783,
      "n": 91390,
      "n_groups": 4641,
      "n_positive": 9139,
      "n_users": 1000,
      "ndcg@1": 0.24813787738949503,
      "ndcg@10": 0.4616388289282164,
      "ndcg@3": 0.30296404719554415,
      "ndcg@5": 0.3758020693002917,
      "scored_groups": 4629,
      "tie_policy": "average"
    }
  }
}
