{
  "candidate_groups": {
    "requested": {
      "groups": 3899,
      "positives_max": 5,
      "positives_mean": 4.894844832008207,
      "positives_min": 1,
      "rows_max": 20,
      "rows_mean": 19.57937932803283,
      "rows_min": 4,
      "sampled_max": 15,
      "sampled_mean": 14.684534496024622,
      "sampled_min": 3
    },
    "scored": {
      "groups": 3899,
      "positives_max": 5,
      "positives_mean": 4.894844832008207,
      "positives_min": 1,
      "rows_max": 20,
      "rows_mean": 19.57937932803283,
      "rows_min": 4,
      "sampled_max": 15,
      "sampled_mean": 14.684534496024622,
      "sampled_min": 3
    }
  },
  "llm_errors": 0,
  "main_metric": "test.macro_by_user_group_mean.ndcg@5",
  "max_candidate_groups": null,
  "max_workers": 128,
  "method": "llm_yes_no_vllm_qwen36_27b_full",
  "protocol": "ranking",
  "ranking_evaluation": {
    "ks": [
      1,
      3,
      5,
      10
    ],
    "tie_policy": "average"
  },
  "requested_rows": 76340,
  "scored_rows": 76340,
  "scoring": "batch",
  "task": "ml-1m_cold_start_k5_cap20_eval_users1000_cg5_m3_seed1",
  "test": {
    "macro_by_group": {
      "groups_with_score_ties": 3899,
      "groups_with_score_ties_fraction": 1.0,
      "groups_with_size_lte@1": 0,
      "groups_with_size_lte@10": 83,
      "groups_with_size_lte@3": 0,
      "groups_with_size_lte@5": 38,
      "groups_without_positive": 0,
      "hit_rate@1": 0.4079921066635132,
      "hit_rate@10": 0.9887115267215904,
      "hit_rate@3": 0.7768292208010219,
      "hit_rate@5": 0.9064646594823221,
      "n": 76340,
      "n_groups": 3899,
      "n_positive": 19085,
      "ndcg@1": 0.4079921066635132,
      "ndcg@10": 0.5661206644734189,
      "ndcg@3": 0.4107331130249135,
      "ndcg@5": 0.4095501768636773,
      "tie_policy": "average"
    },
    "macro_by_user_group_mean": {
      "groups_with_score_ties": 3899,
      "groups_with_score_ties_fraction": 1.0,
      "groups_with_size_lte@1": 0,
      "groups_with_size_lte@10": 83,
      "groups_with_size_lte@3": 0,
      "groups_with_size_lte@5": 38,
      "groups_without_positive": 0,
      "hit_rate@1": 0.40468964661296786,
      "hit_rate@10": 0.9894408131967803,
      "hit_rate@3": 0.7760965788709157,
      "hit_rate@5": 0.9068038856064724,
      "n": 76340,
      "n_groups": 3899,
      "n_positive": 19085,
      "n_users": 871,
      "ndcg@1": 0.40468964661296786,
      "ndcg@10": 0.5694196854252809,
      "ndcg@3": 0.41188272799024095,
      "ndcg@5": 0.41585682704130633,
      "tie_policy": "average"
    }
  }
}
