{
  "candidate_groups": {
    "requested": {
      "groups": 3887,
      "positives_max": 10,
      "positives_mean": 8.88088500128634,
      "positives_min": 1,
      "rows_max": 20,
      "rows_mean": 17.76177000257268,
      "rows_min": 2,
      "sampled_max": 10,
      "sampled_mean": 8.88088500128634,
      "sampled_min": 1
    },
    "scored": {
      "groups": 3887,
      "positives_max": 10,
      "positives_mean": 8.88088500128634,
      "positives_min": 1,
      "rows_max": 20,
      "rows_mean": 17.76177000257268,
      "rows_min": 2,
      "sampled_max": 10,
      "sampled_mean": 8.88088500128634,
      "sampled_min": 1
    }
  },
  "llm_errors": 0,
  "main_metric": "test.macro_by_user_group_mean.ndcg@5",
  "max_candidate_groups": null,
  "max_workers": 32,
  "method": "llm_yes_no_vllm_llama33_70b_with_item_stats_full",
  "protocol": "ranking",
  "ranking_evaluation": {
    "ks": [
      1,
      3,
      5,
      10
    ],
    "tie_policy": "average"
  },
  "requested_rows": 69040,
  "scored_rows": 69040,
  "task": "ml-1m_interaction_item_stats_cap20_eval_users1000_m1_seed0",
  "test": {
    "macro_by_group": {
      "groups_with_score_ties": 3820,
      "groups_with_score_ties_fraction": 0.9827630563416516,
      "groups_with_size_lte@1": 0,
      "groups_with_size_lte@10": 481,
      "groups_with_size_lte@3": 99,
      "groups_with_size_lte@5": 183,
      "groups_without_positive": 0,
      "hit_rate@1": 0.7003920620039206,
      "hit_rate@10": 0.9999999986075266,
      "hit_rate@3": 0.9774165122725977,
      "hit_rate@5": 0.9981137360465414,
      "n": 69040,
      "n_groups": 3887,
      "n_positive": 34520,
      "ndcg@1": 0.7003920620039206,
      "ndcg@10": 0.7165271794244156,
      "ndcg@3": 0.7059120341619785,
      "ndcg@5": 0.7099592296331396,
      "tie_policy": "average"
    },
    "macro_by_user_group_mean": {
      "groups_with_score_ties": 3820,
      "groups_with_score_ties_fraction": 0.9827630563416516,
      "groups_with_size_lte@1": 0,
      "groups_with_size_lte@10": 481,
      "groups_with_size_lte@3": 99,
      "groups_with_size_lte@5": 183,
      "groups_without_positive": 0,
      "hit_rate@1": 0.7285717250743466,
      "hit_rate@10": 0.9999999972937279,
      "hit_rate@3": 0.9835514012692544,
      "hit_rate@5": 0.9989197348897376,
      "n": 69040,
      "n_groups": 3887,
      "n_positive": 34520,
      "n_users": 1000,
      "ndcg@1": 0.7285717250743466,
      "ndcg@10": 0.7643314261852019,
      "ndcg@3": 0.7344755936692932,
      "ndcg@5": 0.7392780572459323,
      "tie_policy": "average"
    }
  }
}
