{
  "candidate_groups": {
    "requested": {
      "groups": 3887,
      "positives_max": 10,
      "positives_mean": 8.88088500128634,
      "positives_min": 1,
      "rows_max": 20,
      "rows_mean": 17.76177000257268,
      "rows_min": 2,
      "sampled_max": 10,
      "sampled_mean": 8.88088500128634,
      "sampled_min": 1
    },
    "scored": {
      "groups": 3887,
      "positives_max": 10,
      "positives_mean": 8.88088500128634,
      "positives_min": 1,
      "rows_max": 20,
      "rows_mean": 17.76177000257268,
      "rows_min": 2,
      "sampled_max": 10,
      "sampled_mean": 8.88088500128634,
      "sampled_min": 1
    }
  },
  "llm_errors": 0,
  "main_metric": "test.macro_by_user_group_mean.f1",
  "max_candidate_groups": null,
  "max_workers": 32,
  "method": "llm_yes_no_vllm_llama33_70b_with_item_stats_full",
  "requested_rows": 69040,
  "scored_rows": 69040,
  "task": "ml-1m_interaction_item_stats_cap20_eval_users1000_m1_seed0",
  "test": {
    "macro_by_group": {
      "accuracy": 0.7116256977879052,
      "f1": 0.72370105036305,
      "n": 69040,
      "n_groups": 3887,
      "n_positive": 34520,
      "n_predicted_positive": 38935,
      "precision": 0.6978193838459581,
      "recall": 0.7731743173214745
    },
    "macro_by_user_group_mean": {
      "accuracy": 0.7388855365303905,
      "f1": 0.748815322712273,
      "n": 69040,
      "n_groups": 3887,
      "n_positive": 34520,
      "n_predicted_positive": 38935,
      "n_users": 1000,
      "precision": 0.7257412687251402,
      "recall": 0.7953165248931043
    },
    "micro": {
      "accuracy": 0.7087920046349943,
      "f1": 0.7262950105506772,
      "n": 69040,
      "n_positive": 34520,
      "n_predicted_positive": 38935,
      "precision": 0.6851162193399255,
      "recall": 0.7727404403244496
    }
  }
}
