{
  "candidate_groups": {
    "requested": {
      "groups": 4416,
      "positives_max": 2,
      "positives_mean": 1.9873188405797102,
      "positives_min": 1,
      "rows_max": 20,
      "rows_mean": 19.8731884057971,
      "rows_min": 10,
      "sampled_max": 18,
      "sampled_mean": 17.88586956521739,
      "sampled_min": 9
    },
    "scored": {
      "groups": 4416,
      "positives_max": 2,
      "positives_mean": 1.9873188405797102,
      "positives_min": 1,
      "rows_max": 20,
      "rows_mean": 19.8731884057971,
      "rows_min": 10,
      "sampled_max": 18,
      "sampled_mean": 17.88586956521739,
      "sampled_min": 9
    }
  },
  "llm_errors": 0,
  "main_metric": "test.macro_by_user_group_mean.ndcg@5",
  "max_candidate_groups": null,
  "max_workers": 128,
  "method": "llm_yes_no_vllm_qwen36_27b_full",
  "protocol": "ranking",
  "ranking_evaluation": {
    "ks": [
      1,
      3,
      5,
      10
    ],
    "tie_policy": "average"
  },
  "requested_rows": 87760,
  "scored_rows": 87760,
  "task": "ml-1m_cold_start_k3_cap20_eval_users1000_cg5_m9_seed2",
  "test": {
    "macro_by_group": {
      "groups_with_score_ties": 4416,
      "groups_with_score_ties_fraction": 1.0,
      "groups_with_size_lte@1": 0,
      "groups_with_size_lte@10": 56,
      "groups_with_size_lte@3": 0,
      "groups_with_size_lte@5": 0,
      "groups_without_positive": 0,
      "hit_rate@1": 0.1863280976647145,
      "hit_rate@10": 0.8555459162823461,
      "hit_rate@3": 0.45514357639998604,
      "hit_rate@5": 0.6273072726213237,
      "n": 87760,
      "n_groups": 4416,
      "n_positive": 8776,
      "ndcg@1": 0.1863280976647145,
      "ndcg@10": 0.40943367684846166,
      "ndcg@3": 0.23777070455944363,
      "ndcg@5": 0.31210204009431497,
      "tie_policy": "average"
    },
    "macro_by_user_group_mean": {
      "groups_with_score_ties": 4416,
      "groups_with_score_ties_fraction": 1.0,
      "groups_with_size_lte@1": 0,
      "groups_with_size_lte@10": 56,
      "groups_with_size_lte@3": 0,
      "groups_with_size_lte@5": 0,
      "groups_without_positive": 0,
      "hit_rate@1": 0.18497859468226802,
      "hit_rate@10": 0.8572663462804302,
      "hit_rate@3": 0.45310668420105915,
      "hit_rate@5": 0.6256173656518217,
      "n": 87760,
      "n_groups": 4416,
      "n_positive": 8776,
      "n_users": 932,
      "ndcg@1": 0.18497859468226802,
      "ndcg@10": 0.41052282912924576,
      "ndcg@3": 0.23831010319264434,
      "ndcg@5": 0.3126109592089999,
      "tie_policy": "average"
    }
  }
}
