{
  "candidate_groups": {
    "test": {
      "groups": 4948,
      "positives_max": 5,
      "positives_mean": 4.9553354890865,
      "positives_min": 1,
      "rows_max": 20,
      "rows_mean": 19.821341956346,
      "rows_min": 4,
      "sampled_max": 15,
      "sampled_mean": 14.8660064672595,
      "sampled_min": 3
    },
    "val": {
      "groups": 2983,
      "positives_max": 5,
      "positives_mean": 4.952732148843446,
      "positives_min": 1,
      "rows_max": 20,
      "rows_mean": 19.810928595373785,
      "rows_min": 4,
      "sampled_max": 15,
      "sampled_mean": 14.85819644653034,
      "sampled_min": 3
    }
  },
  "main_metric": "test.macro_by_user_group_mean.ndcg@5",
  "method": "popularity_ranking",
  "protocol": "ranking",
  "ranking_evaluation": {
    "ks": [
      1,
      3,
      5,
      10
    ],
    "tie_policy": "average"
  },
  "stage_times_seconds": {
    "candidate_group_summary": 0.031,
    "compute_ranking_metrics": 2.656,
    "fit": 0.084,
    "prepare_xy": 0.017,
    "score_test": 0.016,
    "score_val": 0.011,
    "write_predictions": 0.097
  },
  "task": "ml-1m_cold_start_k3_cap20_eval_users1000_cg5_m3_seed0",
  "test": {
    "macro_by_group": {
      "groups_with_score_ties": 2706,
      "groups_with_score_ties_fraction": 0.5468876313662085,
      "groups_with_size_lte@1": 0,
      "groups_with_size_lte@10": 49,
      "groups_with_size_lte@3": 0,
      "groups_with_size_lte@5": 17,
      "groups_without_positive": 0,
      "hit_rate@1": 0.8295270816491511,
      "hit_rate@10": 0.9993936944219887,
      "hit_rate@3": 0.9740299110751819,
      "hit_rate@5": 0.993431689571544,
      "n": 98076,
      "n_groups": 4948,
      "n_positive": 24519,
      "ndcg@1": 0.8295270816491511,
      "ndcg@10": 0.8448402559071072,
      "ndcg@3": 0.776270606708068,
      "ndcg@5": 0.7120426062275012,
      "tie_policy": "average"
    },
    "macro_by_user_group_mean": {
      "groups_with_score_ties": 2706,
      "groups_with_score_ties_fraction": 0.5468876313662085,
      "groups_with_size_lte@1": 0,
      "groups_with_size_lte@10": 49,
      "groups_with_size_lte@3": 0,
      "groups_with_size_lte@5": 17,
      "groups_without_positive": 0,
      "hit_rate@1": 0.8294000000000001,
      "hit_rate@10": 0.9994000000000001,
      "hit_rate@3": 0.9742000000000001,
      "hit_rate@5": 0.9935,
      "n": 98076,
      "n_groups": 4948,
      "n_positive": 24519,
      "n_users": 1000,
      "ndcg@1": 0.8294000000000001,
      "ndcg@10": 0.8449454540753184,
      "ndcg@3": 0.7763295541788843,
      "ndcg@5": 0.7122867234272581,
      "tie_policy": "average"
    }
  },
  "val": {
    "macro_by_group": {
      "groups_with_score_ties": 1643,
      "groups_with_score_ties_fraction": 0.5507877975192759,
      "groups_with_size_lte@1": 0,
      "groups_with_size_lte@10": 27,
      "groups_with_size_lte@3": 0,
      "groups_with_size_lte@5": 5,
      "groups_without_positive": 0,
      "hit_rate@1": 0.8340596714716728,
      "hit_rate@10": 1.0,
      "hit_rate@3": 0.9780422393563527,
      "hit_rate@5": 0.9944686557157224,
      "n": 59096,
      "n_groups": 2983,
      "n_positive": 14774,
      "ndcg@1": 0.8340596714716728,
      "ndcg@10": 0.8507617028854402,
      "ndcg@3": 0.7806816386068894,
      "ndcg@5": 0.7182076466477035,
      "tie_policy": "average"
    },
    "macro_by_user_group_mean": {
      "groups_with_score_ties": 1643,
      "groups_with_score_ties_fraction": 0.5507877975192759,
      "groups_with_size_lte@1": 0,
      "groups_with_size_lte@10": 27,
      "groups_with_size_lte@3": 0,
      "groups_with_size_lte@5": 5,
      "groups_without_positive": 0,
      "hit_rate@1": 0.8332781456953642,
      "hit_rate@10": 1.0,
      "hit_rate@3": 0.9776490066225165,
      "hit_rate@5": 0.9945364238410597,
      "n": 59096,
      "n_groups": 2983,
      "n_positive": 14774,
      "n_users": 604,
      "ndcg@1": 0.8332781456953642,
      "ndcg@10": 0.8503677449244536,
      "ndcg@3": 0.7797626343618976,
      "ndcg@5": 0.7178528081619338,
      "tie_policy": "average"
    }
  }
}
