{
  "candidate_groups": {
    "requested": {
      "groups": 3672,
      "positives_max": 5,
      "positives_mean": 4.703703703703703,
      "positives_min": 1,
      "rows_max": 20,
      "rows_mean": 18.814814814814813,
      "rows_min": 4,
      "sampled_max": 15,
      "sampled_mean": 14.11111111111111,
      "sampled_min": 3
    },
    "scored": {
      "groups": 3669,
      "positives_max": 5,
      "positives_mean": 4.703461433633143,
      "positives_min": 1,
      "rows_max": 20,
      "rows_mean": 18.81384573453257,
      "rows_min": 4,
      "sampled_max": 15,
      "sampled_mean": 14.110384300899428,
      "sampled_min": 3
    }
  },
  "coverage": {
    "failed_fraction": 0.0008684576192681797,
    "failed_rows": 60,
    "requested_rows": 69088,
    "scored_fraction": 0.9991315423807319,
    "scored_rows": 69028
  },
  "llm_errors": 3,
  "main_metric": "test.macro_by_user_group_mean.ndcg@5",
  "max_candidate_groups": null,
  "max_workers": 32,
  "method": "agent4rec_yes_no_vllm_qwen3_8b_traits_full",
  "protocol": "ranking",
  "ranking_evaluation": {
    "ks": [
      1,
      3,
      5,
      10
    ],
    "tie_policy": "average"
  },
  "requested_rows": 69088,
  "scored_rows": 69028,
  "task": "ml-1m_item_stats_cap20_eval_users1000_cg5_m3_seed2",
  "test": {
    "macro_by_group": {
      "groups_with_score_ties": 3669,
      "groups_with_score_ties_fraction": 1.0,
      "groups_with_size_lte@1": 0,
      "groups_with_size_lte@10": 215,
      "groups_with_size_lte@3": 0,
      "groups_with_size_lte@5": 116,
      "groups_without_positive": 0,
      "hit_rate@1": 0.2917813819057778,
      "hit_rate@10": 0.9869582029610157,
      "hit_rate@3": 0.6520014335884816,
      "hit_rate@5": 0.8403542169528337,
      "n": 69028,
      "n_groups": 3669,
      "n_positive": 17257,
      "ndcg@1": 0.29178138190577785,
      "ndcg@10": 0.44284086019234314,
      "ndcg@3": 0.2991981024823153,
      "ndcg@5": 0.3064236999207327,
      "tie_policy": "average"
    },
    "macro_by_user_group_mean": {
      "groups_with_score_ties": 3669,
      "groups_with_score_ties_fraction": 1.0,
      "groups_with_size_lte@1": 0,
      "groups_with_size_lte@10": 215,
      "groups_with_size_lte@3": 0,
      "groups_with_size_lte@5": 116,
      "groups_without_positive": 0,
      "hit_rate@1": 0.28292916421233566,
      "hit_rate@10": 0.9872045701589433,
      "hit_rate@3": 0.6437543891919627,
      "hit_rate@5": 0.8376074737944803,
      "n": 69028,
      "n_groups": 3669,
      "n_positive": 17257,
      "n_users": 1000,
      "ndcg@1": 0.28292916421233566,
      "ndcg@10": 0.44212996166121465,
      "ndcg@3": 0.29451172207124726,
      "ndcg@5": 0.30653776672131466,
      "tie_policy": "average"
    }
  },
  "test_failure_as_zero_group": {
    "macro_by_group": {
      "failed_groups": 3,
      "failed_groups_fraction": 0.0008169934640522876,
      "failure_policy": "failed_group_zero",
      "groups_with_score_ties": 3669,
      "groups_with_score_ties_fraction": 0.9991830065359477,
      "groups_with_size_lte@1": 0,
      "groups_with_size_lte@10": 215,
      "groups_with_size_lte@3": 0,
      "groups_with_size_lte@5": 116,
      "groups_without_positive": 0,
      "hit_rate@1": 0.29154299842382864,
      "hit_rate@10": 0.9861518645599037,
      "hit_rate@3": 0.6514687526786871,
      "hit_rate@5": 0.8396676530500945,
      "n": 69088,
      "n_groups": 3672,
      "n_positive": 17272,
      "ndcg@1": 0.29154299842382864,
      "ndcg@10": 0.4424790621039506,
      "ndcg@3": 0.2989536595881304,
      "ndcg@5": 0.30617335376066673,
      "scored_groups": 3669,
      "tie_policy": "average"
    },
    "macro_by_user_group_mean": {
      "failed_groups": 3,
      "failed_groups_fraction": 0.0008169934640522876,
      "failure_policy": "failed_group_zero",
      "groups_with_score_ties": 3669,
      "groups_with_score_ties_fraction": 0.9991830065359477,
      "groups_with_size_lte@1": 0,
      "groups_with_size_lte@10": 215,
      "groups_with_size_lte@3": 0,
      "groups_with_size_lte@5": 116,
      "groups_without_positive": 0,
      "hit_rate@1": 0.2827571181578999,
      "hit_rate@10": 0.9866588862376015,
      "hit_rate@3": 0.6433709458332059,
      "hit_rate@5": 0.8371249433164873,
      "n": 69088,
      "n_groups": 3672,
      "n_positive": 17272,
      "n_users": 1000,
      "ndcg@1": 0.2827571181578999,
      "ndcg@10": 0.4418760875175087,
      "ndcg@3": 0.29433967601681155,
      "ndcg@5": 0.3063657206668789,
      "scored_groups": 3669,
      "tie_policy": "average"
    }
  }
}
