{
  "candidate_groups": {
    "test": {
      "groups": 17454,
      "positives_max": 2,
      "positives_mean": 1.9712959779993124,
      "positives_min": 1,
      "rows_max": 20,
      "rows_mean": 19.712959779993124,
      "rows_min": 10,
      "sampled_max": 18,
      "sampled_mean": 17.741663801993813,
      "sampled_min": 9
    },
    "val": {
      "groups": 9045,
      "positives_max": 2,
      "positives_mean": 1.941846323935876,
      "positives_min": 1,
      "rows_max": 20,
      "rows_mean": 19.41846323935876,
      "rows_min": 10,
      "sampled_max": 18,
      "sampled_mean": 17.476616915422884,
      "sampled_min": 9
    }
  },
  "main_metric": "test.macro_by_user_group_mean.f1",
  "method": "popularity_f1_threshold",
  "stage_times_seconds": {
    "apply_threshold": 0.001,
    "candidate_group_summary": 0.128,
    "compute_metrics": 0.635,
    "fit": 0.132,
    "prepare_xy": 0.081,
    "score_test": 0.075,
    "score_val": 0.042,
    "select_threshold": 0.188,
    "write_predictions": 0.497
  },
  "task": "ml-1m_interaction_cap20_eval_users1000_m9_seed4",
  "test": {
    "macro_by_group": {
      "accuracy": 0.8711470150108858,
      "f1": 0.4373321314108526,
      "n": 344070,
      "n_groups": 17454,
      "n_positive": 34407,
      "n_predicted_positive": 46866,
      "precision": 0.41007541819676574,
      "recall": 0.5387590237194912
    },
    "macro_by_user_group_mean": {
      "accuracy": 0.8607361274972137,
      "f1": 0.4571680655085357,
      "n": 344070,
      "n_groups": 17454,
      "n_positive": 34407,
      "n_predicted_positive": 46866,
      "n_users": 1000,
      "precision": 0.4028245034496482,
      "recall": 0.6035880098628357
    },
    "micro": {
      "accuracy": 0.8713430406603307,
      "f1": 0.4553295682452967,
      "n": 344070,
      "n_positive": 34407,
      "n_predicted_positive": 46866,
      "precision": 0.3948064695088124,
      "recall": 0.5377684773447263
    }
  },
  "threshold": 413.0,
  "threshold_metric": "macro_by_user_group_mean_f1",
  "val": {
    "macro_by_group": {
      "accuracy": 0.8725373134328359,
      "f1": 0.44408308784759865,
      "n": 175640,
      "n_groups": 9045,
      "n_positive": 17564,
      "n_predicted_positive": 23907,
      "precision": 0.41755122096747305,
      "recall": 0.5473742399115533
    },
    "macro_by_user_group_mean": {
      "accuracy": 0.861637680784075,
      "f1": 0.463586019276761,
      "n": 175640,
      "n_groups": 9045,
      "n_positive": 17564,
      "n_predicted_positive": 23907,
      "n_users": 1000,
      "precision": 0.40857731173263423,
      "recall": 0.6141045398017683
    },
    "micro": {
      "accuracy": 0.8729389660669551,
      "f1": 0.4618649176532999,
      "n": 175640,
      "n_positive": 17564,
      "n_predicted_positive": 23907,
      "precision": 0.40059396829380517,
      "recall": 0.5452630380323389
    }
  }
}
