{
  "candidate_groups": {
    "test": {
      "groups": 4149,
      "positives_max": 2,
      "positives_mean": 1.942877801879971,
      "positives_min": 1,
      "rows_max": 20,
      "rows_mean": 19.42877801879971,
      "rows_min": 10,
      "sampled_max": 18,
      "sampled_mean": 17.485900216919738,
      "sampled_min": 9
    },
    "val": {
      "groups": 3271,
      "positives_max": 2,
      "positives_mean": 1.9058391929073677,
      "positives_min": 1,
      "rows_max": 20,
      "rows_mean": 19.05839192907368,
      "rows_min": 10,
      "sampled_max": 18,
      "sampled_mean": 17.15255273616631,
      "sampled_min": 9
    }
  },
  "main_metric": "test.macro_by_user_group_mean.ndcg@5",
  "method": "popularity_ranking",
  "protocol": "ranking",
  "ranking_evaluation": {
    "ks": [
      1,
      3,
      5,
      10
    ],
    "tie_policy": "average"
  },
  "stage_times_seconds": {
    "candidate_group_summary": 0.023,
    "compute_ranking_metrics": 1.244,
    "fit": 0.285,
    "prepare_xy": 0.118,
    "score_test": 0.007,
    "score_val": 0.007,
    "write_predictions": 0.114
  },
  "task": "steam_cap20_eval_users1000_cg5_m9_seed1",
  "test": {
    "macro_by_group": {
      "groups_with_score_ties": 3474,
      "groups_with_score_ties_fraction": 0.8373101952277657,
      "groups_with_size_lte@1": 0,
      "groups_with_size_lte@10": 237,
      "groups_with_size_lte@3": 0,
      "groups_with_size_lte@5": 0,
      "groups_without_positive": 0,
      "hit_rate@1": 0.8312846469028682,
      "hit_rate@10": 0.9997589780670041,
      "hit_rate@3": 0.9787900698963605,
      "hit_rate@5": 0.9946975174740902,
      "n": 80610,
      "n_groups": 4149,
      "n_positive": 8061,
      "ndcg@1": 0.8312846469028682,
      "ndcg@10": 0.893142197383278,
      "ndcg@3": 0.8271923743255497,
      "ndcg@5": 0.8742920623164515,
      "tie_policy": "average"
    },
    "macro_by_user_group_mean": {
      "groups_with_score_ties": 3474,
      "groups_with_score_ties_fraction": 0.8373101952277657,
      "groups_with_size_lte@1": 0,
      "groups_with_size_lte@10": 237,
      "groups_with_size_lte@3": 0,
      "groups_with_size_lte@5": 0,
      "groups_without_positive": 0,
      "hit_rate@1": 0.8396166666666668,
      "hit_rate@10": 0.9997999999999999,
      "hit_rate@3": 0.9800833333333334,
      "hit_rate@5": 0.99485,
      "n": 80610,
      "n_groups": 4149,
      "n_positive": 8061,
      "n_users": 1000,
      "ndcg@1": 0.8396166666666668,
      "ndcg@10": 0.8986803514069093,
      "ndcg@3": 0.8375767949901399,
      "ndcg@5": 0.8813828610791897,
      "tie_policy": "average"
    }
  },
  "val": {
    "macro_by_group": {
      "groups_with_score_ties": 2646,
      "groups_with_score_ties_fraction": 0.8089269336594314,
      "groups_with_size_lte@1": 0,
      "groups_with_size_lte@10": 308,
      "groups_with_size_lte@3": 0,
      "groups_with_size_lte@5": 0,
      "groups_without_positive": 0,
      "hit_rate@1": 0.8187098746560685,
      "hit_rate@10": 1.0,
      "hit_rate@3": 0.9795169672882911,
      "hit_rate@5": 0.9938856618771018,
      "n": 62340,
      "n_groups": 3271,
      "n_positive": 6234,
      "ndcg@1": 0.8187098746560685,
      "ndcg@10": 0.8909529377710573,
      "ndcg@3": 0.8254943443358346,
      "ndcg@5": 0.8717221080890319,
      "tie_policy": "average"
    },
    "macro_by_user_group_mean": {
      "groups_with_score_ties": 2646,
      "groups_with_score_ties_fraction": 0.8089269336594314,
      "groups_with_size_lte@1": 0,
      "groups_with_size_lte@10": 308,
      "groups_with_size_lte@3": 0,
      "groups_with_size_lte@5": 0,
      "groups_without_positive": 0,
      "hit_rate@1": 0.83825,
      "hit_rate@10": 1.0,
      "hit_rate@3": 0.9832166666666667,
      "hit_rate@5": 0.9952000000000001,
      "n": 62340,
      "n_groups": 3271,
      "n_positive": 6234,
      "n_users": 1000,
      "ndcg@1": 0.83825,
      "ndcg@10": 0.9010300922055458,
      "ndcg@3": 0.8432921662676545,
      "ndcg@5": 0.8844998881190738,
      "tie_policy": "average"
    }
  }
}
