{
  "candidate_groups": {
    "requested": {
      "groups": 4968,
      "positives_max": 5,
      "positives_mean": 4.972423510466989,
      "positives_min": 1,
      "rows_max": 20,
      "rows_mean": 19.889694041867955,
      "rows_min": 4,
      "sampled_max": 15,
      "sampled_mean": 14.917270531400966,
      "sampled_min": 3
    },
    "scored": {
      "groups": 4963,
      "positives_max": 5,
      "positives_mean": 4.972395728390087,
      "positives_min": 1,
      "rows_max": 20,
      "rows_mean": 19.889582913560346,
      "rows_min": 4,
      "sampled_max": 15,
      "sampled_mean": 14.91718718517026,
      "sampled_min": 3
    }
  },
  "llm_errors": 5,
  "main_metric": "test.macro_by_user_group_mean.ndcg@5",
  "max_candidate_groups": null,
  "max_workers": 32,
  "method": "agent4rec_yes_no_vllm_qwen36_27b_traits_taste_gpt4o_mini_full",
  "protocol": "ranking",
  "ranking_evaluation": {
    "ks": [
      1,
      3,
      5,
      10
    ],
    "tie_policy": "average"
  },
  "requested_rows": 98812,
  "scored_rows": 98712,
  "task": "ml-1m_cold_start_k1_cap20_eval_users1000_cg5_m3_seed0",
  "test": {
    "macro_by_group": {
      "groups_with_score_ties": 4963,
      "groups_with_score_ties_fraction": 1.0,
      "groups_with_size_lte@1": 0,
      "groups_with_size_lte@10": 20,
      "groups_with_size_lte@3": 0,
      "groups_with_size_lte@5": 11,
      "groups_without_positive": 0,
      "hit_rate@1": 0.3137385422347235,
      "hit_rate@10": 0.9808642902229718,
      "hit_rate@3": 0.6678806576468936,
      "hit_rate@5": 0.8324015634939617,
      "n": 98712,
      "n_groups": 4963,
      "n_positive": 24678,
      "ndcg@1": 0.3137385422347235,
      "ndcg@10": 0.4607730491106868,
      "ndcg@3": 0.31487316991484654,
      "ndcg@5": 0.31418884135363373,
      "tie_policy": "average"
    },
    "macro_by_user_group_mean": {
      "groups_with_score_ties": 4963,
      "groups_with_score_ties_fraction": 1.0,
      "groups_with_size_lte@1": 0,
      "groups_with_size_lte@10": 20,
      "groups_with_size_lte@3": 0,
      "groups_with_size_lte@5": 11,
      "groups_without_positive": 0,
      "hit_rate@1": 0.31388447484103443,
      "hit_rate@10": 0.9809078251426936,
      "hit_rate@3": 0.6682330097224757,
      "hit_rate@5": 0.8327061351380818,
      "n": 98712,
      "n_groups": 4963,
      "n_positive": 24678,
      "n_users": 1000,
      "ndcg@1": 0.31388447484103443,
      "ndcg@10": 0.461038713185281,
      "ndcg@3": 0.3150211345508777,
      "ndcg@5": 0.31438367244123194,
      "tie_policy": "average"
    }
  }
}
