{
  "main_metric": "test.macro_by_user_mean.mae",
  "method": "mode_regressor",
  "protocol": "regression",
  "regression_evaluation": {
    "aggregations": [
      "micro",
      "macro_by_user_mean"
    ],
    "metrics": [
      "mae",
      "rmse"
    ]
  },
  "stage_times_seconds": {
    "compute_metrics": 1.016,
    "fit": 0.006,
    "prepare_xy": 0.007,
    "score_test": 0.0,
    "score_val": 0.0,
    "write_predictions": 0.024
  },
  "task": "ml-1m_rating_eval_users1000_seed0",
  "test": {
    "macro_by_user_mean": {
      "mae": 0.836424921234429,
      "n": 34520,
      "n_users": 1000,
      "rmse": 1.093167135989318
    },
    "micro": {
      "mae": 0.84675550405562,
      "n": 34520,
      "rmse": 1.1664983600939909
    }
  },
  "val": {
    "macro_by_user_mean": {
      "mae": 0.8223956548190686,
      "n": 17629,
      "n_users": 1000,
      "rmse": 1.0669522745276294
    },
    "micro": {
      "mae": 0.8396392308128652,
      "n": 17629,
      "rmse": 1.1609878021922966
    }
  }
}
