{
  "candidate_groups": {
    "test": {
      "groups": 3015,
      "positives_max": 6,
      "positives_mean": 5.886898839137645,
      "positives_min": 1,
      "rows_max": 18,
      "rows_mean": 17.660696517412934,
      "rows_min": 3,
      "sampled_max": 12,
      "sampled_mean": 11.77379767827529,
      "sampled_min": 2
    },
    "val": {
      "groups": 1806,
      "positives_max": 6,
      "positives_mean": 5.885382059800665,
      "positives_min": 1,
      "rows_max": 18,
      "rows_mean": 17.656146179401993,
      "rows_min": 3,
      "sampled_max": 12,
      "sampled_mean": 11.77076411960133,
      "sampled_min": 2
    }
  },
  "main_metric": "test.macro_by_user_group_mean.ndcg@5",
  "method": "popularity_ranking",
  "protocol": "ranking",
  "ranking_evaluation": {
    "ks": [
      1,
      3,
      5,
      10
    ],
    "tie_policy": "average"
  },
  "stage_times_seconds": {
    "candidate_group_summary": 0.024,
    "compute_ranking_metrics": 1.46,
    "fit": 0.09,
    "prepare_xy": 0.012,
    "score_test": 0.009,
    "score_val": 0.006,
    "write_predictions": 0.056
  },
  "task": "ml-1m_cold_start_k3_cap20_eval_users1000_cg5_m2_seed2",
  "test": {
    "macro_by_group": {
      "groups_with_score_ties": 1311,
      "groups_with_score_ties_fraction": 0.43482587064676614,
      "groups_with_size_lte@1": 0,
      "groups_with_size_lte@10": 70,
      "groups_with_size_lte@3": 21,
      "groups_with_size_lte@5": 21,
      "groups_without_positive": 0,
      "hit_rate@1": 0.8101160862354893,
      "hit_rate@10": 1.0,
      "hit_rate@3": 0.9734660033167496,
      "hit_rate@5": 0.9950248756218906,
      "n": 53247,
      "n_groups": 3015,
      "n_positive": 17749,
      "ndcg@1": 0.8101160862354893,
      "ndcg@10": 0.8588984532095945,
      "ndcg@3": 0.790060669275952,
      "ndcg@5": 0.7611262744245587,
      "tie_policy": "average"
    },
    "macro_by_user_group_mean": {
      "groups_with_score_ties": 1311,
      "groups_with_score_ties_fraction": 0.43482587064676614,
      "groups_with_size_lte@1": 0,
      "groups_with_size_lte@10": 70,
      "groups_with_size_lte@3": 21,
      "groups_with_size_lte@5": 21,
      "groups_without_positive": 0,
      "hit_rate@1": 0.8161522633744857,
      "hit_rate@10": 1.0,
      "hit_rate@3": 0.975025720164609,
      "hit_rate@5": 0.9953703703703703,
      "n": 53247,
      "n_groups": 3015,
      "n_positive": 17749,
      "n_users": 648,
      "ndcg@1": 0.8161522633744857,
      "ndcg@10": 0.8611569958811455,
      "ndcg@3": 0.7910162595404475,
      "ndcg@5": 0.7638573999059081,
      "tie_policy": "average"
    }
  },
  "val": {
    "macro_by_group": {
      "groups_with_score_ties": 802,
      "groups_with_score_ties_fraction": 0.4440753045404208,
      "groups_with_size_lte@1": 0,
      "groups_with_size_lte@10": 37,
      "groups_with_size_lte@3": 11,
      "groups_with_size_lte@5": 11,
      "groups_without_positive": 0,
      "hit_rate@1": 0.8075858250276855,
      "hit_rate@10": 1.0,
      "hit_rate@3": 0.9817275747508306,
      "hit_rate@5": 0.9994462901439646,
      "n": 31887,
      "n_groups": 1806,
      "n_positive": 10629,
      "ndcg@1": 0.8075858250276855,
      "ndcg@10": 0.860231384688011,
      "ndcg@3": 0.7910277867360146,
      "ndcg@5": 0.7622485511478356,
      "tie_policy": "average"
    },
    "macro_by_user_group_mean": {
      "groups_with_score_ties": 802,
      "groups_with_score_ties_fraction": 0.4440753045404208,
      "groups_with_size_lte@1": 0,
      "groups_with_size_lte@10": 37,
      "groups_with_size_lte@3": 11,
      "groups_with_size_lte@5": 11,
      "groups_without_positive": 0,
      "hit_rate@1": 0.802548036758563,
      "hit_rate@10": 1.0,
      "hit_rate@3": 0.982873851294904,
      "hit_rate@5": 0.999498746867168,
      "n": 31887,
      "n_groups": 1806,
      "n_positive": 10629,
      "n_users": 399,
      "ndcg@1": 0.802548036758563,
      "ndcg@10": 0.8599013687890567,
      "ndcg@3": 0.7889459511088976,
      "ndcg@5": 0.7639473461800229,
      "tie_policy": "average"
    }
  }
}
