{
  "candidate_groups": {
    "requested": {
      "groups": 2479,
      "positives_max": 3,
      "positives_mean": 2.8398547801532876,
      "positives_min": 1,
      "rows_max": 9,
      "rows_mean": 8.519564340459862,
      "rows_min": 3,
      "sampled_max": 0,
      "sampled_mean": 0.0,
      "sampled_min": 0
    },
    "scored": {
      "groups": 2479,
      "positives_max": 3,
      "positives_mean": 2.8398547801532876,
      "positives_min": 1,
      "rows_max": 9,
      "rows_mean": 8.519564340459862,
      "rows_min": 3,
      "sampled_max": 0,
      "sampled_mean": 0.0,
      "sampled_min": 0
    }
  },
  "coverage": {
    "failed_fraction": 0.0,
    "failed_rows": 0,
    "requested_rows": 21120,
    "scored_fraction": 1.0,
    "scored_rows": 21120
  },
  "llm_errors": 0,
  "main_metric": "test.macro_by_user_group_mean.f1",
  "max_candidate_groups": null,
  "max_workers": 128,
  "method": "llm_preference_yes_no_litellm_qwen3_8b_full",
  "requested_rows": 21120,
  "scored_rows": 21120,
  "task": "ml-1m_preference_cap10_eval_users1000_cg5_m2_seed1",
  "test": {
    "macro_by_group": {
      "accuracy": 0.6110887006409395,
      "f1": 0.21176683564743268,
      "n": 21120,
      "n_groups": 2479,
      "n_positive": 7040,
      "n_predicted_positive": 4462,
      "precision": 0.22366977852052483,
      "recall": 0.24136076374882343
    },
    "macro_by_user_group_mean": {
      "accuracy": 0.6104247212416652,
      "f1": 0.22522390899849298,
      "n": 21120,
      "n_groups": 2479,
      "n_positive": 7040,
      "n_predicted_positive": 4462,
      "n_users": 661,
      "precision": 0.22868768460485558,
      "recall": 0.26410321062363423
    },
    "micro": {
      "accuracy": 0.6115530303030303,
      "f1": 0.28673274213180316,
      "n": 21120,
      "n_positive": 7040,
      "n_predicted_positive": 4462,
      "precision": 0.3695652173913043,
      "recall": 0.23423295454545454
    }
  },
  "test_failure_as_negative": {
    "macro_by_group": {
      "accuracy": 0.6110887006409395,
      "f1": 0.21176683564743268,
      "n": 21120,
      "n_groups": 2479,
      "n_positive": 7040,
      "n_predicted_positive": 4462,
      "precision": 0.22366977852052483,
      "recall": 0.24136076374882343
    },
    "macro_by_user_group_mean": {
      "accuracy": 0.6104247212416652,
      "f1": 0.22522390899849298,
      "n": 21120,
      "n_groups": 2479,
      "n_positive": 7040,
      "n_predicted_positive": 4462,
      "n_users": 661,
      "precision": 0.22868768460485558,
      "recall": 0.26410321062363423
    },
    "micro": {
      "accuracy": 0.6115530303030303,
      "f1": 0.28673274213180316,
      "n": 21120,
      "n_positive": 7040,
      "n_predicted_positive": 4462,
      "precision": 0.3695652173913043,
      "recall": 0.23423295454545454
    }
  }
}
