{
  "candidate_groups": {
    "requested": {
      "groups": 4968,
      "positives_max": 5,
      "positives_mean": 4.972423510466989,
      "positives_min": 1,
      "rows_max": 20,
      "rows_mean": 19.889694041867955,
      "rows_min": 4,
      "sampled_max": 15,
      "sampled_mean": 14.917270531400966,
      "sampled_min": 3
    },
    "scored": {
      "groups": 4968,
      "positives_max": 5,
      "positives_mean": 4.972423510466989,
      "positives_min": 1,
      "rows_max": 20,
      "rows_mean": 19.889694041867955,
      "rows_min": 4,
      "sampled_max": 15,
      "sampled_mean": 14.917270531400966,
      "sampled_min": 3
    }
  },
  "llm_errors": 0,
  "main_metric": "test.macro_by_user_group_mean.ndcg@5",
  "max_candidate_groups": null,
  "max_workers": 128,
  "method": "llm_yes_no_vllm_qwen36_27b_full",
  "protocol": "ranking",
  "ranking_evaluation": {
    "ks": [
      1,
      3,
      5,
      10
    ],
    "tie_policy": "average"
  },
  "requested_rows": 98812,
  "scored_rows": 98812,
  "task": "ml-1m_cold_start_k1_cap20_eval_users1000_cg5_m3_seed0",
  "test": {
    "macro_by_group": {
      "groups_with_score_ties": 4968,
      "groups_with_score_ties_fraction": 1.0,
      "groups_with_size_lte@1": 0,
      "groups_with_size_lte@10": 20,
      "groups_with_size_lte@3": 0,
      "groups_with_size_lte@5": 11,
      "groups_without_positive": 0,
      "hit_rate@1": 0.32156488254767246,
      "hit_rate@10": 0.9843863683763345,
      "hit_rate@3": 0.6659871353191497,
      "hit_rate@5": 0.832654468849663,
      "n": 98812,
      "n_groups": 4968,
      "n_positive": 24703,
      "ndcg@1": 0.32156488254767246,
      "ndcg@10": 0.45109515918699206,
      "ndcg@3": 0.3196888815686368,
      "ndcg@5": 0.31438285037604397,
      "tie_policy": "average"
    },
    "macro_by_user_group_mean": {
      "groups_with_score_ties": 4968,
      "groups_with_score_ties_fraction": 1.0,
      "groups_with_size_lte@1": 0,
      "groups_with_size_lte@10": 20,
      "groups_with_size_lte@3": 0,
      "groups_with_size_lte@5": 11,
      "groups_without_positive": 0,
      "hit_rate@1": 0.3216350455100455,
      "hit_rate@10": 0.9844412252736943,
      "hit_rate@3": 0.6662480115279458,
      "hit_rate@5": 0.8329537578548473,
      "n": 98812,
      "n_groups": 4968,
      "n_positive": 24703,
      "n_users": 1000,
      "ndcg@1": 0.3216350455100455,
      "ndcg@10": 0.4512829810816381,
      "ndcg@3": 0.31978585513714664,
      "ndcg@5": 0.3145309103728125,
      "tie_policy": "average"
    }
  }
}
