{
  "candidate_groups": {
    "test": {
      "groups": 2938,
      "positives_max": 10,
      "positives_mean": 9.643635125936012,
      "positives_min": 1,
      "rows_max": 20,
      "rows_mean": 19.287270251872023,
      "rows_min": 2,
      "sampled_max": 10,
      "sampled_mean": 9.643635125936012,
      "sampled_min": 1
    },
    "val": {
      "groups": 1731,
      "positives_max": 10,
      "positives_mean": 9.60947429231658,
      "positives_min": 1,
      "rows_max": 20,
      "rows_mean": 19.21894858463316,
      "rows_min": 2,
      "sampled_max": 10,
      "sampled_mean": 9.60947429231658,
      "sampled_min": 1
    }
  },
  "main_metric": "test.macro_by_user_group_mean.ndcg@5",
  "method": "item_knn_cold_start_ranking",
  "protocol": "ranking",
  "ranking_evaluation": {
    "ks": [
      1,
      3,
      5,
      10
    ],
    "tie_policy": "average"
  },
  "stage_times_seconds": {
    "candidate_group_summary": 0.021,
    "compute_ranking_metrics": 1.146,
    "fit": 0.613,
    "prepare_xy": 0.013,
    "score_test": 0.223,
    "score_val": 0.137,
    "write_predictions": 0.059
  },
  "task": "ml-1m_cold_start_k3_cap20_eval_users1000_cg5_m1_seed1",
  "test": {
    "macro_by_group": {
      "groups_with_score_ties": 2937,
      "groups_with_score_ties_fraction": 0.9996596324029953,
      "groups_with_size_lte@1": 0,
      "groups_with_size_lte@10": 123,
      "groups_with_size_lte@3": 27,
      "groups_with_size_lte@5": 56,
      "groups_without_positive": 0,
      "hit_rate@1": 0.6958815520762424,
      "hit_rate@10": 0.9999971289485016,
      "hit_rate@3": 0.9413513557620774,
      "hit_rate@5": 0.9911708033100192,
      "n": 56666,
      "n_groups": 2938,
      "n_positive": 28333,
      "ndcg@1": 0.6958815520762424,
      "ndcg@10": 0.5686980369539862,
      "ndcg@3": 0.6364883985869823,
      "ndcg@5": 0.6024771278326537,
      "tie_policy": "average"
    },
    "macro_by_user_group_mean": {
      "groups_with_score_ties": 2937,
      "groups_with_score_ties_fraction": 0.9996596324029953,
      "groups_with_size_lte@1": 0,
      "groups_with_size_lte@10": 123,
      "groups_with_size_lte@3": 27,
      "groups_with_size_lte@5": 56,
      "groups_without_positive": 0,
      "hit_rate@1": 0.6876960784313726,
      "hit_rate@10": 0.9999973736779418,
      "hit_rate@3": 0.9429961443671265,
      "hit_rate@5": 0.9917085041628612,
      "n": 56666,
      "n_groups": 2938,
      "n_positive": 28333,
      "n_users": 680,
      "ndcg@1": 0.6876960784313726,
      "ndcg@10": 0.584834535356356,
      "ndcg@3": 0.6368390050563535,
      "ndcg@5": 0.6081142880053773,
      "tie_policy": "average"
    }
  },
  "val": {
    "macro_by_group": {
      "groups_with_score_ties": 1729,
      "groups_with_score_ties_fraction": 0.998844598497978,
      "groups_with_size_lte@1": 0,
      "groups_with_size_lte@10": 74,
      "groups_with_size_lte@3": 16,
      "groups_with_size_lte@5": 34,
      "groups_without_positive": 0,
      "hit_rate@1": 0.6854419410745234,
      "hit_rate@10": 0.9999970510511311,
      "hit_rate@3": 0.9390269644560817,
      "hit_rate@5": 0.9908456412982333,
      "n": 33268,
      "n_groups": 1731,
      "n_positive": 16634,
      "ndcg@1": 0.6854419410745234,
      "ndcg@10": 0.5670612796453772,
      "ndcg@3": 0.6275877722277736,
      "ndcg@5": 0.5975700422513162,
      "tie_policy": "average"
    },
    "macro_by_user_group_mean": {
      "groups_with_score_ties": 1729,
      "groups_with_score_ties_fraction": 0.998844598497978,
      "groups_with_size_lte@1": 0,
      "groups_with_size_lte@10": 74,
      "groups_with_size_lte@3": 16,
      "groups_with_size_lte@5": 34,
      "groups_without_positive": 0,
      "hit_rate@1": 0.6764752791068581,
      "hit_rate@10": 0.9999973247328152,
      "hit_rate@3": 0.9410148589496101,
      "hit_rate@5": 0.991402744570194,
      "n": 33268,
      "n_groups": 1731,
      "n_positive": 16634,
      "n_users": 418,
      "ndcg@1": 0.6764752791068581,
      "ndcg@10": 0.5834649812634778,
      "ndcg@3": 0.6277349209000691,
      "ndcg@5": 0.6040508469598584,
      "tie_policy": "average"
    }
  }
}
