{
  "candidate_groups": {
    "requested": {
      "groups": 3340,
      "positives_max": 6,
      "positives_mean": 5.281736526946108,
      "positives_min": 1,
      "rows_max": 18,
      "rows_mean": 15.845209580838324,
      "rows_min": 3,
      "sampled_max": 12,
      "sampled_mean": 10.563473053892215,
      "sampled_min": 2
    },
    "scored": {
      "groups": 3340,
      "positives_max": 6,
      "positives_mean": 5.281736526946108,
      "positives_min": 1,
      "rows_max": 18,
      "rows_mean": 15.845209580838324,
      "rows_min": 3,
      "sampled_max": 12,
      "sampled_mean": 10.563473053892215,
      "sampled_min": 2
    }
  },
  "llm_errors": 0,
  "main_metric": "test.macro_by_user_group_mean.f1",
  "max_candidate_groups": null,
  "max_workers": 32,
  "method": "llm_yes_no_vllm_llama33_70b_full",
  "requested_rows": 52923,
  "scored_rows": 52923,
  "task": "steam_interaction_cap20_eval_users1000_m2_seed0",
  "test": {
    "macro_by_group": {
      "accuracy": 0.6436327345309382,
      "f1": 0.6181923315188151,
      "n": 52923,
      "n_groups": 3340,
      "n_positive": 17641,
      "n_predicted_positive": 31121,
      "precision": 0.5015807743438511,
      "recall": 0.8408882235528942
    },
    "macro_by_user_group_mean": {
      "accuracy": 0.6714740684262874,
      "f1": 0.644808967291704,
      "n": 52923,
      "n_groups": 3340,
      "n_positive": 17641,
      "n_predicted_positive": 31121,
      "n_users": 1000,
      "precision": 0.5312933876636226,
      "recall": 0.859765344382303
    },
    "micro": {
      "accuracy": 0.6373221472705629,
      "f1": 0.6063738156761412,
      "n": 52923,
      "n_positive": 17641,
      "n_predicted_positive": 31121,
      "precision": 0.47504900228141766,
      "recall": 0.8380477297205374
    }
  }
}
