{
  "candidate_groups": {
    "requested": {
      "groups": 2763,
      "positives_max": 10,
      "positives_mean": 8.776692001447701,
      "positives_min": 1,
      "rows_max": 20,
      "rows_mean": 17.553384002895402,
      "rows_min": 2,
      "sampled_max": 10,
      "sampled_mean": 8.776692001447701,
      "sampled_min": 1
    },
    "scored": {
      "groups": 2762,
      "positives_max": 10,
      "positives_mean": 8.778783490224475,
      "positives_min": 1,
      "rows_max": 20,
      "rows_mean": 17.55756698044895,
      "rows_min": 2,
      "sampled_max": 10,
      "sampled_mean": 8.778783490224475,
      "sampled_min": 1
    }
  },
  "coverage": {
    "failed_fraction": 0.00012371134020618558,
    "failed_rows": 6,
    "requested_rows": 48500,
    "scored_fraction": 0.9998762886597938,
    "scored_rows": 48494
  },
  "llm_errors": 1,
  "main_metric": "test.macro_by_user_group_mean.ndcg@5",
  "max_candidate_groups": null,
  "max_workers": 8,
  "method": "agent4rec_yes_no_vllm_qwen36_27b_traits_taste_gpt4o_mini_full",
  "protocol": "ranking",
  "ranking_evaluation": {
    "ks": [
      1,
      3,
      5,
      10
    ],
    "tie_policy": "average"
  },
  "requested_rows": 48500,
  "scored_rows": 48494,
  "task": "ml-1m_item_stats_cap20_eval_users1000_cg5_m1_seed2",
  "test": {
    "macro_by_group": {
      "groups_with_score_ties": 2724,
      "groups_with_score_ties_fraction": 0.9862418537291817,
      "groups_with_size_lte@1": 0,
      "groups_with_size_lte@10": 372,
      "groups_with_size_lte@3": 65,
      "groups_with_size_lte@5": 117,
      "groups_without_positive": 0,
      "hit_rate@1": 0.6969930139718375,
      "hit_rate@10": 0.999999604338005,
      "hit_rate@3": 0.9678751580383189,
      "hit_rate@5": 0.9965273419508024,
      "n": 48494,
      "n_groups": 2762,
      "n_positive": 24247,
      "ndcg@1": 0.6969930139718375,
      "ndcg@10": 0.680798181476914,
      "ndcg@3": 0.6955889828497517,
      "ndcg@5": 0.6910513318710217,
      "tie_policy": "average"
    },
    "macro_by_user_group_mean": {
      "groups_with_score_ties": 2724,
      "groups_with_score_ties_fraction": 0.9862418537291817,
      "groups_with_size_lte@1": 0,
      "groups_with_size_lte@10": 372,
      "groups_with_size_lte@3": 65,
      "groups_with_size_lte@5": 117,
      "groups_without_positive": 0,
      "hit_rate@1": 0.7139044221674582,
      "hit_rate@10": 0.9999996862857932,
      "hit_rate@3": 0.9701420527098603,
      "hit_rate@5": 0.997115557076867,
      "n": 48494,
      "n_groups": 2762,
      "n_positive": 24247,
      "n_users": 1000,
      "ndcg@1": 0.7139044221674582,
      "ndcg@10": 0.708182552628015,
      "ndcg@3": 0.70799956521066,
      "ndcg@5": 0.6978495499367677,
      "tie_policy": "average"
    }
  },
  "test_failure_as_zero_group": {
    "macro_by_group": {
      "failed_groups": 1,
      "failed_groups_fraction": 0.0003619254433586681,
      "failure_policy": "failed_group_zero",
      "groups_with_score_ties": 2724,
      "groups_with_score_ties_fraction": 0.9858849077090119,
      "groups_with_size_lte@1": 0,
      "groups_with_size_lte@10": 373,
      "groups_with_size_lte@3": 65,
      "groups_with_size_lte@5": 117,
      "groups_without_positive": 0,
      "hit_rate@1": 0.696740754466238,
      "hit_rate@10": 0.9996376790378465,
      "hit_rate@3": 0.9675248593926299,
      "hit_rate@5": 0.9961666733507478,
      "n": 48500,
      "n_groups": 2763,
      "n_positive": 24250,
      "ndcg@1": 0.6967407544662378,
      "ndcg@10": 0.6805517832932452,
      "ndcg@3": 0.6953372314987384,
      "ndcg@5": 0.6908012228113507,
      "scored_groups": 2762,
      "tie_policy": "average"
    },
    "macro_by_user_group_mean": {
      "failed_groups": 1,
      "failed_groups_fraction": 0.0003619254433586681,
      "failure_policy": "failed_group_zero",
      "groups_with_score_ties": 2724,
      "groups_with_score_ties_fraction": 0.9858849077090119,
      "groups_with_size_lte@1": 0,
      "groups_with_size_lte@10": 373,
      "groups_with_size_lte@3": 65,
      "groups_with_size_lte@5": 117,
      "groups_without_positive": 0,
      "hit_rate@1": 0.7134599777230137,
      "hit_rate@10": 0.9994996862857931,
      "hit_rate@3": 0.9696420527098603,
      "hit_rate@5": 0.996615557076867,
      "n": 48500,
      "n_groups": 2763,
      "n_positive": 24250,
      "n_users": 1000,
      "ndcg@1": 0.7134599777230137,
      "ndcg@10": 0.7077606003814186,
      "ndcg@3": 0.7075551207662154,
      "ndcg@5": 0.6974051054923233,
      "scored_groups": 2762,
      "tie_policy": "average"
    }
  }
}
