{
  "candidate_groups": {
    "requested": {
      "groups": 2596,
      "positives_max": 3,
      "positives_mean": 2.8640215716486903,
      "positives_min": 1,
      "rows_max": 9,
      "rows_mean": 8.592064714946071,
      "rows_min": 3,
      "sampled_max": 0,
      "sampled_mean": 0.0,
      "sampled_min": 0
    },
    "scored": {
      "groups": 2596,
      "positives_max": 3,
      "positives_mean": 2.8640215716486903,
      "positives_min": 1,
      "rows_max": 9,
      "rows_mean": 8.592064714946071,
      "rows_min": 3,
      "sampled_max": 0,
      "sampled_mean": 0.0,
      "sampled_min": 0
    }
  },
  "coverage": {
    "failed_fraction": 0.0,
    "failed_rows": 0,
    "requested_rows": 22305,
    "scored_fraction": 1.0,
    "scored_rows": 22305
  },
  "llm_errors": 0,
  "main_metric": "test.macro_by_user_group_mean.f1",
  "max_candidate_groups": null,
  "max_workers": 64,
  "method": "llm_preference_yes_no_litellm_qwen36_27b_full",
  "requested_rows": 22305,
  "scored_rows": 22305,
  "task": "ml-1m_preference_cap10_eval_users1000_cg5_m2_seed0",
  "test": {
    "macro_by_group": {
      "accuracy": 0.5759501797637391,
      "f1": 0.49013814682150575,
      "n": 22305,
      "n_groups": 2596,
      "n_positive": 7435,
      "n_predicted_positive": 11707,
      "precision": 0.42484178956636587,
      "recall": 0.6546610169491526
    },
    "macro_by_user_group_mean": {
      "accuracy": 0.5733092396481201,
      "f1": 0.4879220706452173,
      "n": 22305,
      "n_groups": 2596,
      "n_positive": 7435,
      "n_predicted_positive": 11707,
      "n_users": 661,
      "precision": 0.42174483106404437,
      "recall": 0.656933938477055
    },
    "micro": {
      "accuracy": 0.5771351714862138,
      "f1": 0.5072615191725003,
      "n": 22305,
      "n_positive": 7435,
      "n_predicted_positive": 11707,
      "precision": 0.41470914837276845,
      "recall": 0.6529926025554809
    }
  },
  "test_failure_as_negative": {
    "macro_by_group": {
      "accuracy": 0.5759501797637391,
      "f1": 0.49013814682150575,
      "n": 22305,
      "n_groups": 2596,
      "n_positive": 7435,
      "n_predicted_positive": 11707,
      "precision": 0.42484178956636587,
      "recall": 0.6546610169491526
    },
    "macro_by_user_group_mean": {
      "accuracy": 0.5733092396481201,
      "f1": 0.4879220706452173,
      "n": 22305,
      "n_groups": 2596,
      "n_positive": 7435,
      "n_predicted_positive": 11707,
      "n_users": 661,
      "precision": 0.42174483106404437,
      "recall": 0.656933938477055
    },
    "micro": {
      "accuracy": 0.5771351714862138,
      "f1": 0.5072615191725003,
      "n": 22305,
      "n_positive": 7435,
      "n_predicted_positive": 11707,
      "precision": 0.41470914837276845,
      "recall": 0.6529926025554809
    }
  }
}
