{
  "candidate_groups": {
    "test": {
      "groups": 2733,
      "positives_max": 10,
      "positives_mean": 8.729967069154775,
      "positives_min": 1,
      "rows_max": 20,
      "rows_mean": 17.45993413830955,
      "rows_min": 2,
      "sampled_max": 10,
      "sampled_mean": 8.729967069154775,
      "sampled_min": 1
    },
    "val": {
      "groups": 1972,
      "positives_max": 10,
      "positives_mean": 7.725152129817444,
      "positives_min": 1,
      "rows_max": 20,
      "rows_mean": 15.450304259634889,
      "rows_min": 2,
      "sampled_max": 10,
      "sampled_mean": 7.725152129817444,
      "sampled_min": 1
    }
  },
  "main_metric": "test.macro_by_user_group_mean.ndcg@5",
  "method": "popularity_ranking",
  "protocol": "ranking",
  "ranking_evaluation": {
    "ks": [
      1,
      3,
      5,
      10
    ],
    "tie_policy": "average"
  },
  "stage_times_seconds": {
    "candidate_group_summary": 0.012,
    "compute_ranking_metrics": 0.726,
    "fit": 0.062,
    "prepare_xy": 0.022,
    "score_test": 0.005,
    "score_val": 0.004,
    "write_predictions": 0.032
  },
  "task": "ml-1m_cap20_eval_users1000_cg5_m1_seed1",
  "test": {
    "macro_by_group": {
      "groups_with_score_ties": 872,
      "groups_with_score_ties_fraction": 0.3190633004024881,
      "groups_with_size_lte@1": 0,
      "groups_with_size_lte@10": 378,
      "groups_with_size_lte@3": 67,
      "groups_with_size_lte@5": 129,
      "groups_without_positive": 0,
      "hit_rate@1": 0.9323088181485547,
      "hit_rate@10": 1.0,
      "hit_rate@3": 0.9985364068788877,
      "hit_rate@5": 1.0,
      "n": 47718,
      "n_groups": 2733,
      "n_positive": 23859,
      "ndcg@1": 0.9323088181485547,
      "ndcg@10": 0.851062975556773,
      "ndcg@3": 0.9111287819402074,
      "ndcg@5": 0.8908395230720068,
      "tie_policy": "average"
    },
    "macro_by_user_group_mean": {
      "groups_with_score_ties": 872,
      "groups_with_score_ties_fraction": 0.3190633004024881,
      "groups_with_size_lte@1": 0,
      "groups_with_size_lte@10": 378,
      "groups_with_size_lte@3": 67,
      "groups_with_size_lte@5": 129,
      "groups_without_positive": 0,
      "hit_rate@1": 0.9368166666666666,
      "hit_rate@10": 1.0,
      "hit_rate@3": 0.9989333333333332,
      "hit_rate@5": 1.0,
      "n": 47718,
      "n_groups": 2733,
      "n_positive": 23859,
      "n_users": 1000,
      "ndcg@1": 0.9368166666666666,
      "ndcg@10": 0.8703459039558304,
      "ndcg@3": 0.9132129118488121,
      "ndcg@5": 0.8888162177006828,
      "tie_policy": "average"
    }
  },
  "val": {
    "macro_by_group": {
      "groups_with_score_ties": 569,
      "groups_with_score_ties_fraction": 0.2885395537525355,
      "groups_with_size_lte@1": 0,
      "groups_with_size_lte@10": 540,
      "groups_with_size_lte@3": 62,
      "groups_with_size_lte@5": 118,
      "groups_without_positive": 0,
      "hit_rate@1": 0.9241886409736308,
      "hit_rate@10": 1.0,
      "hit_rate@3": 0.9994929006085193,
      "hit_rate@5": 1.0,
      "n": 30468,
      "n_groups": 1972,
      "n_positive": 15234,
      "ndcg@1": 0.9241886409736308,
      "ndcg@10": 0.8640683325867998,
      "ndcg@3": 0.8944275111803274,
      "ndcg@5": 0.885326868273132,
      "tie_policy": "average"
    },
    "macro_by_user_group_mean": {
      "groups_with_score_ties": 569,
      "groups_with_score_ties_fraction": 0.2885395537525355,
      "groups_with_size_lte@1": 0,
      "groups_with_size_lte@10": 540,
      "groups_with_size_lte@3": 62,
      "groups_with_size_lte@5": 118,
      "groups_without_positive": 0,
      "hit_rate@1": 0.9247333333333333,
      "hit_rate@10": 1.0,
      "hit_rate@3": 0.999,
      "hit_rate@5": 1.0,
      "n": 30468,
      "n_groups": 1972,
      "n_positive": 15234,
      "n_users": 1000,
      "ndcg@1": 0.9247333333333333,
      "ndcg@10": 0.8899594199104913,
      "ndcg@3": 0.8877989336217955,
      "ndcg@5": 0.8862771833177097,
      "tie_policy": "average"
    }
  }
}
