{
  "candidate_groups": {
    "requested": {
      "groups": 4629,
      "positives_max": 2,
      "positives_mean": 1.966947504860661,
      "positives_min": 1,
      "rows_max": 20,
      "rows_mean": 19.66947504860661,
      "rows_min": 10,
      "sampled_max": 18,
      "sampled_mean": 17.702527543745948,
      "sampled_min": 9
    },
    "scored": {
      "groups": 4624,
      "positives_max": 2,
      "positives_mean": 1.9669117647058822,
      "positives_min": 1,
      "rows_max": 20,
      "rows_mean": 19.669117647058822,
      "rows_min": 10,
      "sampled_max": 18,
      "sampled_mean": 17.702205882352942,
      "sampled_min": 9
    }
  },
  "coverage": {
    "failed_fraction": 0.001098297638660077,
    "failed_rows": 100,
    "requested_rows": 91050,
    "scored_fraction": 0.9989017023613399,
    "scored_rows": 90950
  },
  "llm_errors": 5,
  "main_metric": "test.macro_by_user_group_mean.f1",
  "max_candidate_groups": null,
  "max_workers": 16,
  "method": "agent4rec_yes_no_vllm_qwen36_27b_taste_gpt4o_mini_full",
  "requested_rows": 91050,
  "scored_rows": 90950,
  "task": "ml-1m_item_stats_cap20_eval_users1000_cg5_m9_seed1",
  "test": {
    "macro_by_group": {
      "accuracy": 0.6597642733564014,
      "f1": 0.31560033824492983,
      "n": 90950,
      "n_groups": 4624,
      "n_positive": 9095,
      "n_predicted_positive": 34879,
      "precision": 0.213541548794004,
      "recall": 0.7141003460207612
    },
    "macro_by_user_group_mean": {
      "accuracy": 0.6601116666666667,
      "f1": 0.3153445007281734,
      "n": 90950,
      "n_groups": 4624,
      "n_positive": 9095,
      "n_predicted_positive": 34879,
      "n_users": 1000,
      "precision": 0.21344921966406485,
      "recall": 0.7128666666666668
    },
    "micro": {
      "accuracy": 0.6593512919186366,
      "f1": 0.29544730977395733,
      "n": 90950,
      "n_positive": 9095,
      "n_predicted_positive": 34879,
      "precision": 0.18624387167063275,
      "recall": 0.714238592633315
    }
  },
  "test_failure_as_negative": {
    "macro_by_group": {
      "accuracy": 0.6600237632317996,
      "f1": 0.31525944351794244,
      "n": 91050,
      "n_groups": 4629,
      "n_positive": 9105,
      "n_predicted_positive": 34879,
      "precision": 0.21331089255205757,
      "recall": 0.7133290127457335
    },
    "macro_by_user_group_mean": {
      "accuracy": 0.6605166666666666,
      "f1": 0.31495184338551596,
      "n": 91050,
      "n_groups": 4629,
      "n_positive": 9105,
      "n_predicted_positive": 34879,
      "n_users": 1000,
      "precision": 0.21319518827878345,
      "recall": 0.7118166666666667
    },
    "micro": {
      "accuracy": 0.659615595826469,
      "f1": 0.2953801382320844,
      "n": 91050,
      "n_positive": 9105,
      "n_predicted_positive": 34879,
      "precision": 0.18624387167063275,
      "recall": 0.7134541460735859
    }
  }
}
