{
  "candidate_groups": {
    "requested": {
      "groups": 4629,
      "positives_max": 2,
      "positives_mean": 1.966947504860661,
      "positives_min": 1,
      "rows_max": 20,
      "rows_mean": 19.66947504860661,
      "rows_min": 10,
      "sampled_max": 18,
      "sampled_mean": 17.702527543745948,
      "sampled_min": 9
    },
    "scored": {
      "groups": 4624,
      "positives_max": 2,
      "positives_mean": 1.9669117647058822,
      "positives_min": 1,
      "rows_max": 20,
      "rows_mean": 19.669117647058822,
      "rows_min": 10,
      "sampled_max": 18,
      "sampled_mean": 17.702205882352942,
      "sampled_min": 9
    }
  },
  "coverage": {
    "failed_fraction": 0.001098297638660077,
    "failed_rows": 100,
    "requested_rows": 91050,
    "scored_fraction": 0.9989017023613399,
    "scored_rows": 90950
  },
  "llm_errors": 5,
  "main_metric": "test.macro_by_user_group_mean.ndcg@5",
  "max_candidate_groups": null,
  "max_workers": 16,
  "method": "agent4rec_yes_no_vllm_qwen36_27b_taste_gpt4o_mini_full",
  "protocol": "ranking",
  "ranking_evaluation": {
    "ks": [
      1,
      3,
      5,
      10
    ],
    "tie_policy": "average"
  },
  "requested_rows": 91050,
  "scored_rows": 90950,
  "task": "ml-1m_item_stats_cap20_eval_users1000_cg5_m9_seed1",
  "test": {
    "macro_by_group": {
      "groups_with_score_ties": 4624,
      "groups_with_score_ties_fraction": 1.0,
      "groups_with_size_lte@1": 0,
      "groups_with_size_lte@10": 153,
      "groups_with_size_lte@3": 0,
      "groups_with_size_lte@5": 0,
      "groups_without_positive": 0,
      "hit_rate@1": 0.21371455917462684,
      "hit_rate@10": 0.9341284739478107,
      "hit_rate@3": 0.5368693345468343,
      "hit_rate@5": 0.7361568834529768,
      "n": 90950,
      "n_groups": 4624,
      "n_positive": 9095,
      "ndcg@1": 0.21371455917462684,
      "ndcg@10": 0.47157480639571286,
      "ndcg@3": 0.2799013595842909,
      "ndcg@5": 0.3694148581316136,
      "tie_policy": "average"
    },
    "macro_by_user_group_mean": {
      "groups_with_score_ties": 4624,
      "groups_with_score_ties_fraction": 1.0,
      "groups_with_size_lte@1": 0,
      "groups_with_size_lte@10": 153,
      "groups_with_size_lte@3": 0,
      "groups_with_size_lte@5": 0,
      "groups_without_positive": 0,
      "hit_rate@1": 0.2136275529973982,
      "hit_rate@10": 0.9341640374395986,
      "hit_rate@3": 0.5365197117227458,
      "hit_rate@5": 0.7354393455952086,
      "n": 90950,
      "n_groups": 4624,
      "n_positive": 9095,
      "n_users": 1000,
      "ndcg@1": 0.2136275529973982,
      "ndcg@10": 0.47221005650265235,
      "ndcg@3": 0.2810269571245425,
      "ndcg@5": 0.37025245320156214,
      "tie_policy": "average"
    }
  },
  "test_failure_as_zero_group": {
    "macro_by_group": {
      "failed_groups": 5,
      "failed_groups_fraction": 0.001080146899978397,
      "failure_policy": "failed_group_zero",
      "groups_with_score_ties": 4624,
      "groups_with_score_ties_fraction": 0.9989198531000216,
      "groups_with_size_lte@1": 0,
      "groups_with_size_lte@10": 153,
      "groups_with_size_lte@3": 0,
      "groups_with_size_lte@5": 0,
      "groups_without_positive": 0,
      "hit_rate@1": 0.2134837160560541,
      "hit_rate@10": 0.9331194779724944,
      "hit_rate@3": 0.5362894367994301,
      "hit_rate@5": 0.7353617258774173,
      "n": 91050,
      "n_groups": 4629,
      "n_positive": 9105,
      "ndcg@1": 0.2134837160560541,
      "ndcg@10": 0.47106543633047665,
      "ndcg@3": 0.2795990249984362,
      "ndcg@5": 0.3690158358177968,
      "scored_groups": 4624,
      "tie_policy": "average"
    },
    "macro_by_user_group_mean": {
      "failed_groups": 5,
      "failed_groups_fraction": 0.001080146899978397,
      "failure_policy": "failed_group_zero",
      "groups_with_score_ties": 4624,
      "groups_with_score_ties_fraction": 0.9989198531000216,
      "groups_with_size_lte@1": 0,
      "groups_with_size_lte@10": 153,
      "groups_with_size_lte@3": 0,
      "groups_with_size_lte@5": 0,
      "groups_without_positive": 0,
      "hit_rate@1": 0.21337352161211684,
      "hit_rate@10": 0.9329184330439942,
      "hit_rate@3": 0.5358563521656363,
      "hit_rate@5": 0.7345149706645836,
      "n": 91050,
      "n_groups": 4629,
      "n_positive": 9105,
      "n_users": 1000,
      "ndcg@1": 0.21337352161211684,
      "ndcg@10": 0.4716223747641005,
      "ndcg@3": 0.2806950464238813,
      "ndcg@5": 0.3698119452513019,
      "scored_groups": 4624,
      "tie_policy": "average"
    }
  }
}
