{
  "candidate_groups": {
    "requested": {
      "groups": 2763,
      "positives_max": 10,
      "positives_mean": 8.776692001447701,
      "positives_min": 1,
      "rows_max": 20,
      "rows_mean": 17.553384002895402,
      "rows_min": 2,
      "sampled_max": 10,
      "sampled_mean": 8.776692001447701,
      "sampled_min": 1
    },
    "scored": {
      "groups": 2761,
      "positives_max": 10,
      "positives_mean": 8.7765302426657,
      "positives_min": 1,
      "rows_max": 20,
      "rows_mean": 17.5530604853314,
      "rows_min": 2,
      "sampled_max": 10,
      "sampled_mean": 8.7765302426657,
      "sampled_min": 1
    }
  },
  "coverage": {
    "failed_fraction": 0.0007422680412371134,
    "failed_rows": 36,
    "requested_rows": 48500,
    "scored_fraction": 0.9992577319587629,
    "scored_rows": 48464
  },
  "llm_errors": 2,
  "main_metric": "test.macro_by_user_group_mean.ndcg@5",
  "max_candidate_groups": null,
  "max_workers": 16,
  "method": "agent4rec_yes_no_vllm_qwen36_27b_taste_gpt4o_mini_full",
  "protocol": "ranking",
  "ranking_evaluation": {
    "ks": [
      1,
      3,
      5,
      10
    ],
    "tie_policy": "average"
  },
  "requested_rows": 48500,
  "scored_rows": 48464,
  "task": "ml-1m_item_stats_cap20_eval_users1000_cg5_m1_seed2",
  "test": {
    "macro_by_group": {
      "groups_with_score_ties": 2717,
      "groups_with_score_ties_fraction": 0.9840637450199203,
      "groups_with_size_lte@1": 0,
      "groups_with_size_lte@10": 373,
      "groups_with_size_lte@3": 65,
      "groups_with_size_lte@5": 117,
      "groups_without_positive": 0,
      "hit_rate@1": 0.7036731557686438,
      "hit_rate@10": 0.9999996202820706,
      "hit_rate@3": 0.9739873790294961,
      "hit_rate@5": 0.9975664650997936,
      "n": 48464,
      "n_groups": 2761,
      "n_positive": 24232,
      "ndcg@1": 0.7036731557686438,
      "ndcg@10": 0.7035864079751384,
      "ndcg@3": 0.7066235063738356,
      "ndcg@5": 0.7075636411291325,
      "tie_policy": "average"
    },
    "macro_by_user_group_mean": {
      "groups_with_score_ties": 2717,
      "groups_with_score_ties_fraction": 0.9840637450199203,
      "groups_with_size_lte@1": 0,
      "groups_with_size_lte@10": 373,
      "groups_with_size_lte@3": 65,
      "groups_with_size_lte@5": 117,
      "groups_without_positive": 0,
      "hit_rate@1": 0.7103138624029289,
      "hit_rate@10": 0.9999997465088911,
      "hit_rate@3": 0.9763784950568289,
      "hit_rate@5": 0.9980859067202376,
      "n": 48464,
      "n_groups": 2761,
      "n_positive": 24232,
      "n_users": 999,
      "ndcg@1": 0.7103138624029289,
      "ndcg@10": 0.7315775355686177,
      "ndcg@3": 0.7129900579188887,
      "ndcg@5": 0.7124152535205666,
      "tie_policy": "average"
    }
  },
  "test_failure_as_zero_group": {
    "macro_by_group": {
      "failed_groups": 2,
      "failed_groups_fraction": 0.0007238508867173362,
      "failure_policy": "failed_group_zero",
      "groups_with_score_ties": 2717,
      "groups_with_score_ties_fraction": 0.9833514296055013,
      "groups_with_size_lte@1": 0,
      "groups_with_size_lte@10": 373,
      "groups_with_size_lte@3": 65,
      "groups_with_size_lte@5": 117,
      "groups_without_positive": 0,
      "hit_rate@1": 0.7031638013308815,
      "hit_rate@10": 0.9992757696702124,
      "hit_rate@3": 0.973282357401534,
      "hit_rate@5": 0.9968443757294717,
      "n": 48500,
      "n_groups": 2763,
      "n_positive": 24250,
      "ndcg@1": 0.7031638013308815,
      "ndcg@10": 0.7030771163298433,
      "ndcg@3": 0.7061120163221717,
      "ndcg@5": 0.7070514705600922,
      "scored_groups": 2761,
      "tie_policy": "average"
    },
    "macro_by_user_group_mean": {
      "failed_groups": 2,
      "failed_groups_fraction": 0.0007238508867173362,
      "failure_policy": "failed_group_zero",
      "groups_with_score_ties": 2717,
      "groups_with_score_ties_fraction": 0.9833514296055013,
      "groups_with_size_lte@1": 0,
      "groups_with_size_lte@10": 373,
      "groups_with_size_lte@3": 65,
      "groups_with_size_lte@5": 117,
      "groups_without_positive": 0,
      "hit_rate@1": 0.7093929003923779,
      "hit_rate@10": 0.9987497467623822,
      "hit_rate@3": 0.9751521165617721,
      "hit_rate@5": 0.9968378208135174,
      "n": 48500,
      "n_groups": 2763,
      "n_positive": 24250,
      "n_users": 1000,
      "ndcg@1": 0.7093929003923779,
      "ndcg@10": 0.7306506728204164,
      "ndcg@3": 0.7120929557765205,
      "ndcg@5": 0.7115059378779621,
      "scored_groups": 2761,
      "tie_policy": "average"
    }
  }
}
