{
  "candidate_groups": {
    "requested": {
      "groups": 2763,
      "positives_max": 10,
      "positives_mean": 8.776692001447701,
      "positives_min": 1,
      "rows_max": 20,
      "rows_mean": 17.553384002895402,
      "rows_min": 2,
      "sampled_max": 10,
      "sampled_mean": 8.776692001447701,
      "sampled_min": 1
    },
    "scored": {
      "groups": 2757,
      "positives_max": 10,
      "positives_mean": 8.774755168661589,
      "positives_min": 1,
      "rows_max": 20,
      "rows_mean": 17.549510337323177,
      "rows_min": 2,
      "sampled_max": 10,
      "sampled_mean": 8.774755168661589,
      "sampled_min": 1
    }
  },
  "coverage": {
    "failed_fraction": 0.0023917525773195876,
    "failed_rows": 116,
    "requested_rows": 48500,
    "scored_fraction": 0.9976082474226804,
    "scored_rows": 48384
  },
  "llm_errors": 6,
  "main_metric": "test.macro_by_user_group_mean.ndcg@5",
  "max_candidate_groups": null,
  "max_workers": 32,
  "method": "agent4rec_yes_no_vllm_qwen3_8b_traits_taste_gpt4o_mini_full",
  "protocol": "ranking",
  "ranking_evaluation": {
    "ks": [
      1,
      3,
      5,
      10
    ],
    "tie_policy": "average"
  },
  "requested_rows": 48500,
  "scored_rows": 48384,
  "task": "ml-1m_item_stats_cap20_eval_users1000_cg5_m1_seed2",
  "test": {
    "macro_by_group": {
      "groups_with_score_ties": 2723,
      "groups_with_score_ties_fraction": 0.9876677548059485,
      "groups_with_size_lte@1": 0,
      "groups_with_size_lte@10": 373,
      "groups_with_size_lte@3": 65,
      "groups_with_size_lte@5": 117,
      "groups_without_positive": 0,
      "hit_rate@1": 0.7018537002660024,
      "hit_rate@10": 0.9999993323403983,
      "hit_rate@3": 0.967332834137722,
      "hit_rate@5": 0.9963691554874174,
      "n": 48384,
      "n_groups": 2757,
      "n_positive": 24192,
      "ndcg@1": 0.7018537002660022,
      "ndcg@10": 0.6696147101524934,
      "ndcg@3": 0.6952418924490565,
      "ndcg@5": 0.6867701753072196,
      "tie_policy": "average"
    },
    "macro_by_user_group_mean": {
      "groups_with_score_ties": 2723,
      "groups_with_score_ties_fraction": 0.9876677548059485,
      "groups_with_size_lte@1": 0,
      "groups_with_size_lte@10": 373,
      "groups_with_size_lte@3": 65,
      "groups_with_size_lte@5": 117,
      "groups_without_positive": 0,
      "hit_rate@1": 0.7110945648366083,
      "hit_rate@10": 0.9999994058086163,
      "hit_rate@3": 0.9678646551923022,
      "hit_rate@5": 0.9964936070587193,
      "n": 48384,
      "n_groups": 2757,
      "n_positive": 24192,
      "n_users": 1000,
      "ndcg@1": 0.7110945648366083,
      "ndcg@10": 0.6980731779567027,
      "ndcg@3": 0.7021643858535324,
      "ndcg@5": 0.6907157337244543,
      "tie_policy": "average"
    }
  },
  "test_failure_as_zero_group": {
    "macro_by_group": {
      "failed_groups": 6,
      "failed_groups_fraction": 0.002171552660152009,
      "failure_policy": "failed_group_zero",
      "groups_with_score_ties": 2723,
      "groups_with_score_ties_fraction": 0.9855229822656533,
      "groups_with_size_lte@1": 0,
      "groups_with_size_lte@10": 373,
      "groups_with_size_lte@3": 65,
      "groups_with_size_lte@5": 117,
      "groups_without_positive": 0,
      "hit_rate@1": 0.7003295879961522,
      "hit_rate@10": 0.9978277811301043,
      "hit_rate@3": 0.9652322199484978,
      "hit_rate@5": 0.9942054873973253,
      "n": 48500,
      "n_groups": 2763,
      "n_positive": 24250,
      "ndcg@1": 0.7003295879961522,
      "ndcg@10": 0.6681606065473848,
      "ndcg@3": 0.6937321380680596,
      "ndcg@5": 0.6852788177061181,
      "scored_groups": 2757,
      "tie_policy": "average"
    },
    "macro_by_user_group_mean": {
      "failed_groups": 6,
      "failed_groups_fraction": 0.002171552660152009,
      "failure_policy": "failed_group_zero",
      "groups_with_score_ties": 2723,
      "groups_with_score_ties_fraction": 0.9855229822656533,
      "groups_with_size_lte@1": 0,
      "groups_with_size_lte@10": 373,
      "groups_with_size_lte@3": 65,
      "groups_with_size_lte@5": 117,
      "groups_without_positive": 0,
      "hit_rate@1": 0.7097239100747035,
      "hit_rate@10": 0.9978994063498707,
      "hit_rate@3": 0.9658108957938062,
      "hit_rate@5": 0.9943952324457163,
      "n": 48500,
      "n_groups": 2763,
      "n_positive": 24250,
      "n_users": 1000,
      "ndcg@1": 0.7097239100747035,
      "ndcg@10": 0.6968329941090518,
      "ndcg@3": 0.7008002488517113,
      "ndcg@5": 0.6893602099275397,
      "scored_groups": 2757,
      "tie_policy": "average"
    }
  }
}
