{
  "candidate_groups": {
    "test": {
      "groups": 32425,
      "positives_max": 1,
      "positives_mean": 1.0,
      "positives_min": 1,
      "rows_max": 20,
      "rows_mean": 20.0,
      "rows_min": 20,
      "sampled_max": 19,
      "sampled_mean": 19.0,
      "sampled_min": 19
    },
    "val": {
      "groups": 16574,
      "positives_max": 1,
      "positives_mean": 1.0,
      "positives_min": 1,
      "rows_max": 20,
      "rows_mean": 20.0,
      "rows_min": 20,
      "sampled_max": 19,
      "sampled_mean": 19.0,
      "sampled_min": 19
    }
  },
  "main_metric": "test.macro_by_user_group_mean.f1",
  "method": "popularity_f1_threshold",
  "stage_times_seconds": {
    "apply_threshold": 0.001,
    "candidate_group_summary": 0.221,
    "compute_metrics": 1.157,
    "fit": 0.125,
    "prepare_xy": 0.123,
    "score_test": 0.134,
    "score_val": 0.082,
    "select_threshold": 0.326,
    "write_predictions": 0.811
  },
  "task": "ml-1m_interaction_cap20_eval_users1000_m19_seed1",
  "test": {
    "macro_by_group": {
      "accuracy": 0.8968835774865074,
      "f1": 0.3203897416727023,
      "n": 648500,
      "n_groups": 32425,
      "n_positive": 32425,
      "n_predicted_positive": 67748,
      "precision": 0.25501316836166493,
      "recall": 0.5135235158057054
    },
    "macro_by_user_group_mean": {
      "accuracy": 0.8830165397482672,
      "f1": 0.334953726017112,
      "n": 648500,
      "n_groups": 32425,
      "n_positive": 32425,
      "n_predicted_positive": 67748,
      "n_users": 1000,
      "precision": 0.2559679332520532,
      "recall": 0.5830478166823013
    },
    "micro": {
      "accuracy": 0.8968835774865074,
      "f1": 0.3324448703742525,
      "n": 648500,
      "n_positive": 32425,
      "n_predicted_positive": 67748,
      "precision": 0.2457784731652595,
      "recall": 0.5135235158057054
    }
  },
  "threshold": 440.0,
  "threshold_metric": "macro_by_user_group_mean_f1",
  "val": {
    "macro_by_group": {
      "accuracy": 0.8958519367684326,
      "f1": 0.32343846069862725,
      "n": 331480,
      "n_groups": 16574,
      "n_positive": 16574,
      "n_predicted_positive": 35245,
      "precision": 0.2566087685627326,
      "recall": 0.5217811029323036
    },
    "macro_by_user_group_mean": {
      "accuracy": 0.8832886769956081,
      "f1": 0.33606065558586407,
      "n": 331480,
      "n_groups": 16574,
      "n_positive": 16574,
      "n_predicted_positive": 35245,
      "n_users": 1000,
      "precision": 0.2556797384494355,
      "recall": 0.587721701725083
    },
    "micro": {
      "accuracy": 0.8958519367684324,
      "f1": 0.33377718597425654,
      "n": 331480,
      "n_positive": 16574,
      "n_predicted_positive": 35245,
      "precision": 0.24536813732444318,
      "recall": 0.5217811029323036
    }
  }
}
