{
  "candidate_groups": {
    "test": {
      "requested": {
        "groups": 4621,
        "positives_max": 2,
        "positives_mean": 1.9668902834884223,
        "positives_min": 1,
        "rows_max": 20,
        "rows_mean": 19.668902834884225,
        "rows_min": 10,
        "sampled_max": 18,
        "sampled_mean": 17.702012551395804,
        "sampled_min": 9
      },
      "scored": {
        "groups": 3757,
        "positives_max": 2,
        "positives_mean": 1.9635347351610328,
        "positives_min": 1,
        "rows_max": 20,
        "rows_mean": 19.635347351610328,
        "rows_min": 10,
        "sampled_max": 18,
        "sampled_mean": 17.671812616449294,
        "sampled_min": 9
      }
    },
    "val": {
      "requested": {
        "groups": 3994,
        "positives_max": 2,
        "positives_mean": 1.93064596895343,
        "positives_min": 1,
        "rows_max": 20,
        "rows_mean": 19.3064596895343,
        "rows_min": 10,
        "sampled_max": 18,
        "sampled_mean": 17.375813720580872,
        "sampled_min": 9
      },
      "scored": {
        "groups": 3276,
        "positives_max": 2,
        "positives_mean": 1.924908424908425,
        "positives_min": 1,
        "rows_max": 20,
        "rows_mean": 19.249084249084248,
        "rows_min": 10,
        "sampled_max": 18,
        "sampled_mean": 17.324175824175825,
        "sampled_min": 9
      }
    }
  },
  "coverage": {
    "test": {
      "failed_fraction": 0.1883595555066564,
      "failed_rows": 17120,
      "requested_rows": 90890,
      "scored_fraction": 0.8116404444933436,
      "scored_rows": 73770
    },
    "val": {
      "failed_fraction": 0.18220723641551032,
      "failed_rows": 14050,
      "requested_rows": 77110,
      "scored_fraction": 0.8177927635844897,
      "scored_rows": 63060
    }
  },
  "llm_errors": {
    "test": 864,
    "val": 718
  },
  "main_metric": "test.macro_by_user_group_mean.f1",
  "method": "llm_listwise_ranking_litellm_qwen3_8b_with_item_stats_full",
  "protocol": "listwise_scores_thresholded_on_validation",
  "task": "ml-1m_item_stats_cap20_eval_users1000_cg5_m9_seed2",
  "test": {
    "macro_by_group": {
      "accuracy": 0.8424274687250464,
      "f1": 0.347830715996806,
      "n": 73770,
      "n_groups": 3757,
      "n_positive": 7377,
      "n_predicted_positive": 10860,
      "precision": 0.2898589299973383,
      "recall": 0.43478839499600747
    },
    "macro_by_user_group_mean": {
      "accuracy": 0.8434516666666666,
      "f1": 0.3470266666666667,
      "n": 73770,
      "n_groups": 3757,
      "n_positive": 7377,
      "n_predicted_positive": 10860,
      "n_users": 1000,
      "precision": 0.2891888888888889,
      "recall": 0.4337833333333333
    },
    "micro": {
      "accuracy": 0.8413582757218382,
      "f1": 0.35828261227175523,
      "n": 73770,
      "n_positive": 7377,
      "n_predicted_positive": 10860,
      "precision": 0.30082872928176796,
      "recall": 0.4428629524196828
    }
  },
  "test_failure_as_negative": {
    "macro_by_group": {
      "accuracy": 0.8531919497944168,
      "f1": 0.2827959316165332,
      "n": 90890,
      "n_groups": 4621,
      "n_positive": 9089,
      "n_predicted_positive": 10860,
      "precision": 0.235663276347111,
      "recall": 0.3534949145206665
    },
    "macro_by_user_group_mean": {
      "accuracy": 0.8537641666666667,
      "f1": 0.2826266666666667,
      "n": 90890,
      "n_groups": 4621,
      "n_positive": 9089,
      "n_predicted_positive": 10860,
      "n_users": 1000,
      "precision": 0.23552222222222224,
      "recall": 0.35328333333333334
    },
    "micro": {
      "accuracy": 0.8524040048410166,
      "f1": 0.32753521479773423,
      "n": 90890,
      "n_positive": 9089,
      "n_predicted_positive": 10860,
      "precision": 0.30082872928176796,
      "recall": 0.3594454835515458
    }
  },
  "threshold": 17.0,
  "threshold_metric": "macro_by_user_group_mean_f1",
  "val": {
    "macro_by_group": {
      "accuracy": 0.8417582417582415,
      "f1": 0.32197802197802194,
      "n": 63060,
      "n_groups": 3276,
      "n_positive": 6306,
      "n_predicted_positive": 9090,
      "precision": 0.2683150183150183,
      "recall": 0.4024725274725275
    },
    "macro_by_user_group_mean": {
      "accuracy": 0.845752338009352,
      "f1": 0.31814963259853046,
      "n": 63060,
      "n_groups": 3276,
      "n_positive": 6306,
      "n_predicted_positive": 9090,
      "n_users": 998,
      "precision": 0.2651246938321086,
      "recall": 0.39768704074816297
    },
    "micro": {
      "accuracy": 0.8394862036156042,
      "f1": 0.3425565081839439,
      "n": 63060,
      "n_positive": 6306,
      "n_predicted_positive": 9090,
      "precision": 0.2900990099009901,
      "recall": 0.41817316841103713
    }
  },
  "val_failure_as_negative": {
    "macro_by_group": {
      "accuracy": 0.8522283425137706,
      "f1": 0.26409614421632444,
      "n": 77110,
      "n_groups": 3994,
      "n_positive": 7711,
      "n_predicted_positive": 9090,
      "precision": 0.2200801201802704,
      "recall": 0.3301201802704056
    },
    "macro_by_user_group_mean": {
      "accuracy": 0.8553308333333335,
      "f1": 0.2608533333333333,
      "n": 77110,
      "n_groups": 3994,
      "n_positive": 7711,
      "n_predicted_positive": 9090,
      "n_users": 1000,
      "precision": 0.21737777777777778,
      "recall": 0.3260666666666667
    },
    "micro": {
      "accuracy": 0.8505122552198159,
      "f1": 0.3139098863162907,
      "n": 77110,
      "n_positive": 7711,
      "n_predicted_positive": 9090,
      "precision": 0.2900990099009901,
      "recall": 0.3419789910517443
    }
  }
}
