{
  "candidate_groups": {
    "requested": {
      "groups": 2733,
      "positives_max": 10,
      "positives_mean": 8.729967069154775,
      "positives_min": 1,
      "rows_max": 20,
      "rows_mean": 17.45993413830955,
      "rows_min": 2,
      "sampled_max": 10,
      "sampled_mean": 8.729967069154775,
      "sampled_min": 1
    },
    "scored": {
      "groups": 2733,
      "positives_max": 10,
      "positives_mean": 8.729967069154775,
      "positives_min": 1,
      "rows_max": 20,
      "rows_mean": 17.45993413830955,
      "rows_min": 2,
      "sampled_max": 10,
      "sampled_mean": 8.729967069154775,
      "sampled_min": 1
    }
  },
  "coverage": {
    "failed_fraction": 0.0,
    "failed_rows": 0,
    "requested_rows": 47718,
    "scored_fraction": 1.0,
    "scored_rows": 47718
  },
  "llm_errors": 0,
  "main_metric": "test.macro_by_user_group_mean.ndcg@5",
  "max_candidate_groups": null,
  "max_workers": 32,
  "method": "agent4rec_yes_no_vllm_qwen3_8b_traits_full",
  "protocol": "ranking",
  "ranking_evaluation": {
    "ks": [
      1,
      3,
      5,
      10
    ],
    "tie_policy": "average"
  },
  "requested_rows": 47718,
  "scored_rows": 47718,
  "task": "ml-1m_item_stats_cap20_eval_users1000_cg5_m1_seed1",
  "test": {
    "macro_by_group": {
      "groups_with_score_ties": 2722,
      "groups_with_score_ties_fraction": 0.9959751189169411,
      "groups_with_size_lte@1": 0,
      "groups_with_size_lte@10": 378,
      "groups_with_size_lte@3": 67,
      "groups_with_size_lte@5": 129,
      "groups_without_positive": 0,
      "hit_rate@1": 0.5616558421181909,
      "hit_rate@10": 0.9999970769168534,
      "hit_rate@3": 0.923019899297159,
      "hit_rate@5": 0.9891666335794773,
      "n": 47718,
      "n_groups": 2733,
      "n_positive": 23859,
      "ndcg@1": 0.5616558421181909,
      "ndcg@10": 0.5928560617018981,
      "ndcg@3": 0.5669951157175515,
      "ndcg@5": 0.5716038699372497,
      "tie_policy": "average"
    },
    "macro_by_user_group_mean": {
      "groups_with_score_ties": 2722,
      "groups_with_score_ties_fraction": 0.9959751189169411,
      "groups_with_size_lte@1": 0,
      "groups_with_size_lte@10": 378,
      "groups_with_size_lte@3": 67,
      "groups_with_size_lte@5": 129,
      "groups_without_positive": 0,
      "hit_rate@1": 0.5431212100269298,
      "hit_rate@10": 0.9999975853767263,
      "hit_rate@3": 0.9189713968287188,
      "hit_rate@5": 0.9894934333923731,
      "n": 47718,
      "n_groups": 2733,
      "n_positive": 23859,
      "n_users": 1000,
      "ndcg@1": 0.5431212100269298,
      "ndcg@10": 0.6086797048383726,
      "ndcg@3": 0.5509868562941619,
      "ndcg@5": 0.5577246557688966,
      "tie_policy": "average"
    }
  },
  "test_failure_as_zero_group": {
    "macro_by_group": {
      "failed_groups": 0,
      "failed_groups_fraction": 0.0,
      "failure_policy": "failed_group_zero",
      "groups_with_score_ties": 2722,
      "groups_with_score_ties_fraction": 0.9959751189169411,
      "groups_with_size_lte@1": 0,
      "groups_with_size_lte@10": 378,
      "groups_with_size_lte@3": 67,
      "groups_with_size_lte@5": 129,
      "groups_without_positive": 0,
      "hit_rate@1": 0.5616558421181909,
      "hit_rate@10": 0.9999970769168534,
      "hit_rate@3": 0.923019899297159,
      "hit_rate@5": 0.9891666335794773,
      "n": 47718,
      "n_groups": 2733,
      "n_positive": 23859,
      "ndcg@1": 0.5616558421181909,
      "ndcg@10": 0.5928560617018981,
      "ndcg@3": 0.5669951157175515,
      "ndcg@5": 0.5716038699372497,
      "scored_groups": 2733,
      "tie_policy": "average"
    },
    "macro_by_user_group_mean": {
      "failed_groups": 0,
      "failed_groups_fraction": 0.0,
      "failure_policy": "failed_group_zero",
      "groups_with_score_ties": 2722,
      "groups_with_score_ties_fraction": 0.9959751189169411,
      "groups_with_size_lte@1": 0,
      "groups_with_size_lte@10": 378,
      "groups_with_size_lte@3": 67,
      "groups_with_size_lte@5": 129,
      "groups_without_positive": 0,
      "hit_rate@1": 0.5431212100269298,
      "hit_rate@10": 0.9999975853767263,
      "hit_rate@3": 0.9189713968287188,
      "hit_rate@5": 0.9894934333923731,
      "n": 47718,
      "n_groups": 2733,
      "n_positive": 23859,
      "n_users": 1000,
      "ndcg@1": 0.5431212100269298,
      "ndcg@10": 0.6086797048383726,
      "ndcg@3": 0.5509868562941619,
      "ndcg@5": 0.5577246557688966,
      "scored_groups": 2733,
      "tie_policy": "average"
    }
  }
}
