{
  "candidate_groups": {
    "requested": {
      "groups": 4988,
      "positives_max": 1,
      "positives_mean": 1.0,
      "positives_min": 1,
      "rows_max": 20,
      "rows_mean": 20.0,
      "rows_min": 20,
      "sampled_max": 19,
      "sampled_mean": 19.0,
      "sampled_min": 19
    },
    "scored": {
      "groups": 4985,
      "positives_max": 1,
      "positives_mean": 1.0,
      "positives_min": 1,
      "rows_max": 20,
      "rows_mean": 20.0,
      "rows_min": 20,
      "sampled_max": 19,
      "sampled_mean": 19.0,
      "sampled_min": 19
    }
  },
  "coverage": {
    "failed_fraction": 0.0006014434643143544,
    "failed_rows": 60,
    "requested_rows": 99760,
    "scored_fraction": 0.9993985565356857,
    "scored_rows": 99700
  },
  "llm_errors": 3,
  "main_metric": "test.macro_by_user_group_mean.f1",
  "max_candidate_groups": null,
  "max_workers": 32,
  "method": "agent4rec_yes_no_vllm_qwen3_8b_traits_full",
  "requested_rows": 99760,
  "scored_rows": 99700,
  "task": "ml-1m_item_stats_cap20_eval_users1000_cg5_m19_seed1",
  "test": {
    "macro_by_group": {
      "accuracy": 0.8524874623871616,
      "f1": 0.033423705694201396,
      "n": 99700,
      "n_groups": 4985,
      "n_positive": 4985,
      "n_predicted_positive": 11192,
      "precision": 0.020944742274055288,
      "recall": 0.14744232698094284
    },
    "macro_by_user_group_mean": {
      "accuracy": 0.8527674999999999,
      "f1": 0.03332343457711879,
      "n": 99700,
      "n_groups": 4985,
      "n_positive": 4985,
      "n_predicted_positive": 11192,
      "n_users": 1000,
      "precision": 0.020881908047233125,
      "recall": 0.147
    },
    "micro": {
      "accuracy": 0.8524874623871614,
      "f1": 0.09086975335352661,
      "n": 99700,
      "n_positive": 4985,
      "n_predicted_positive": 11192,
      "precision": 0.06567190850607577,
      "recall": 0.14744232698094284
    }
  },
  "test_failure_as_negative": {
    "macro_by_group": {
      "accuracy": 0.8525461106655974,
      "f1": 0.033403603224858455,
      "n": 99760,
      "n_groups": 4988,
      "n_positive": 4988,
      "n_predicted_positive": 11192,
      "precision": 0.020932145195702807,
      "recall": 0.14735364875701684
    },
    "macro_by_user_group_mean": {
      "accuracy": 0.8527674999999999,
      "f1": 0.03332343457711879,
      "n": 99760,
      "n_groups": 4988,
      "n_positive": 4988,
      "n_predicted_positive": 11192,
      "n_users": 1000,
      "precision": 0.020881908047233125,
      "recall": 0.147
    },
    "micro": {
      "accuracy": 0.8525461106655974,
      "f1": 0.09085290482076638,
      "n": 99760,
      "n_positive": 4988,
      "n_predicted_positive": 11192,
      "precision": 0.06567190850607577,
      "recall": 0.14735364875701684
    }
  }
}
