{
  "candidate_groups": {
    "requested": {
      "groups": 2867,
      "positives_max": 10,
      "positives_mean": 8.85699337286362,
      "positives_min": 1,
      "rows_max": 20,
      "rows_mean": 17.71398674572724,
      "rows_min": 2,
      "sampled_max": 10,
      "sampled_mean": 8.85699337286362,
      "sampled_min": 1
    },
    "scored": {
      "groups": 2175,
      "positives_max": 10,
      "positives_mean": 8.631264367816092,
      "positives_min": 1,
      "rows_max": 20,
      "rows_mean": 17.262528735632184,
      "rows_min": 2,
      "sampled_max": 10,
      "sampled_mean": 8.631264367816092,
      "sampled_min": 1
    }
  },
  "coverage": {
    "failed_fraction": 0.2607017682038357,
    "failed_rows": 13240,
    "requested_rows": 50786,
    "scored_fraction": 0.7392982317961643,
    "scored_rows": 37546
  },
  "llm_errors": 692,
  "main_metric": "test.macro_by_user_group_mean.ndcg@5",
  "max_candidate_groups": null,
  "max_workers": 64,
  "method": "agent4rec_yes_no_litellm_qwen3_8b_traits_taste_gpt4o_mini_candidate_summary_full",
  "protocol": "ranking",
  "ranking_evaluation": {
    "ks": [
      1,
      3,
      5,
      10
    ],
    "tie_policy": "average"
  },
  "requested_rows": 50786,
  "scored_rows": 37546,
  "task": "ml-1m_item_stats_cap20_eval_users1000_cg5_m1_seed0",
  "test": {
    "macro_by_group": {
      "groups_with_score_ties": 2135,
      "groups_with_score_ties_fraction": 0.9816091954022989,
      "groups_with_size_lte@1": 0,
      "groups_with_size_lte@10": 343,
      "groups_with_size_lte@3": 68,
      "groups_with_size_lte@5": 123,
      "groups_without_positive": 0,
      "hit_rate@1": 0.677241122907238,
      "hit_rate@10": 0.9999990668619899,
      "hit_rate@3": 0.9634050817198571,
      "hit_rate@5": 0.9959018955237061,
      "n": 37546,
      "n_groups": 2175,
      "n_positive": 18773,
      "ndcg@1": 0.677241122907238,
      "ndcg@10": 0.6668615821828182,
      "ndcg@3": 0.6787222400276269,
      "ndcg@5": 0.6749967182154267,
      "tie_policy": "average"
    },
    "macro_by_user_group_mean": {
      "groups_with_score_ties": 2135,
      "groups_with_score_ties_fraction": 0.9816091954022989,
      "groups_with_size_lte@1": 0,
      "groups_with_size_lte@10": 343,
      "groups_with_size_lte@3": 68,
      "groups_with_size_lte@5": 123,
      "groups_without_positive": 0,
      "hit_rate@1": 0.6922064206024472,
      "hit_rate@10": 0.9999993800995873,
      "hit_rate@3": 0.9673375449163344,
      "hit_rate@5": 0.9969039214748783,
      "n": 37546,
      "n_groups": 2175,
      "n_positive": 18773,
      "n_users": 902,
      "ndcg@1": 0.6922064206024472,
      "ndcg@10": 0.6997049933768673,
      "ndcg@3": 0.6896316360775572,
      "ndcg@5": 0.6844001542766082,
      "tie_policy": "average"
    }
  },
  "test_failure_as_zero_group": {
    "macro_by_group": {
      "failed_groups": 692,
      "failed_groups_fraction": 0.2413672828740844,
      "failure_policy": "failed_group_zero",
      "groups_with_score_ties": 2135,
      "groups_with_score_ties_fraction": 0.7446808510638298,
      "groups_with_size_lte@1": 0,
      "groups_with_size_lte@10": 362,
      "groups_with_size_lte@3": 70,
      "groups_with_size_lte@5": 125,
      "groups_without_positive": 0,
      "hit_rate@1": 0.5137772732205241,
      "hit_rate@10": 0.7586320092168916,
      "hit_rate@3": 0.7308706148380497,
      "hit_rate@5": 0.7555237609919989,
      "n": 50786,
      "n_groups": 2867,
      "n_positive": 25393,
      "ndcg@1": 0.5137772732205241,
      "ndcg@10": 0.5059030140382386,
      "ndcg@3": 0.5149008971259464,
      "ndcg@5": 0.5120745943908452,
      "scored_groups": 2175,
      "tie_policy": "average"
    },
    "macro_by_user_group_mean": {
      "failed_groups": 692,
      "failed_groups_fraction": 0.2413672828740844,
      "failure_policy": "failed_group_zero",
      "groups_with_score_ties": 2135,
      "groups_with_score_ties_fraction": 0.7446808510638298,
      "groups_with_size_lte@1": 0,
      "groups_with_size_lte@10": 362,
      "groups_with_size_lte@3": 70,
      "groups_with_size_lte@5": 125,
      "groups_without_positive": 0,
      "hit_rate@1": 0.5161303891486051,
      "hit_rate@10": 0.7457494903746065,
      "hit_rate@3": 0.7207066178592649,
      "hit_rate@5": 0.7432791099473568,
      "n": 50786,
      "n_groups": 2867,
      "n_positive": 25393,
      "n_users": 1000,
      "ndcg@1": 0.5161303891486051,
      "ndcg@10": 0.5214047951239377,
      "ndcg@3": 0.513332281972037,
      "ndcg@5": 0.5076931652943061,
      "scored_groups": 2175,
      "tie_policy": "average"
    }
  }
}
