{
  "candidate_groups": {
    "test": {
      "groups": 4605,
      "positives_max": 10,
      "positives_mean": 9.724647122692724,
      "positives_min": 1,
      "rows_max": 20,
      "rows_mean": 19.44929424538545,
      "rows_min": 2,
      "sampled_max": 10,
      "sampled_mean": 9.724647122692724,
      "sampled_min": 1
    },
    "val": {
      "groups": 2772,
      "positives_max": 10,
      "positives_mean": 9.733044733044734,
      "positives_min": 1,
      "rows_max": 20,
      "rows_mean": 19.466089466089468,
      "rows_min": 2,
      "sampled_max": 10,
      "sampled_mean": 9.733044733044734,
      "sampled_min": 1
    }
  },
  "main_metric": "test.macro_by_user_group_mean.ndcg@5",
  "method": "item_knn_cold_start_ranking",
  "protocol": "ranking",
  "ranking_evaluation": {
    "ks": [
      1,
      3,
      5,
      10
    ],
    "tie_policy": "average"
  },
  "stage_times_seconds": {
    "candidate_group_summary": 0.03,
    "compute_ranking_metrics": 1.85,
    "fit": 0.619,
    "prepare_xy": 0.017,
    "score_test": 0.322,
    "score_val": 0.195,
    "write_predictions": 0.091
  },
  "task": "ml-1m_cold_start_k1_cap20_eval_users1000_cg5_m1_seed0",
  "test": {
    "macro_by_group": {
      "groups_with_score_ties": 4604,
      "groups_with_score_ties_fraction": 0.9997828447339848,
      "groups_with_size_lte@1": 0,
      "groups_with_size_lte@10": 139,
      "groups_with_size_lte@3": 26,
      "groups_with_size_lte@5": 54,
      "groups_without_positive": 0,
      "hit_rate@1": 0.6292073832790445,
      "hit_rate@10": 0.9999962918620452,
      "hit_rate@3": 0.9244951986475367,
      "hit_rate@5": 0.9885689626535322,
      "n": 89564,
      "n_groups": 4605,
      "n_positive": 44782,
      "ndcg@1": 0.6292073832790445,
      "ndcg@10": 0.5447111261208721,
      "ndcg@3": 0.5845902512684198,
      "ndcg@5": 0.5638214508536109,
      "tie_policy": "average"
    },
    "macro_by_user_group_mean": {
      "groups_with_score_ties": 4604,
      "groups_with_score_ties_fraction": 0.9997828447339848,
      "groups_with_size_lte@1": 0,
      "groups_with_size_lte@10": 139,
      "groups_with_size_lte@3": 26,
      "groups_with_size_lte@5": 54,
      "groups_without_positive": 0,
      "hit_rate@1": 0.6296499999999999,
      "hit_rate@10": 0.999996383458303,
      "hit_rate@3": 0.9251414725711166,
      "hit_rate@5": 0.9887272393671002,
      "n": 89564,
      "n_groups": 4605,
      "n_positive": 44782,
      "n_users": 1000,
      "ndcg@1": 0.6296499999999999,
      "ndcg@10": 0.5476610547290607,
      "ndcg@3": 0.585591026538073,
      "ndcg@5": 0.5654468480601658,
      "tie_policy": "average"
    }
  },
  "val": {
    "macro_by_group": {
      "groups_with_score_ties": 2772,
      "groups_with_score_ties_fraction": 1.0,
      "groups_with_size_lte@1": 0,
      "groups_with_size_lte@10": 81,
      "groups_with_size_lte@3": 14,
      "groups_with_size_lte@5": 33,
      "groups_without_positive": 0,
      "hit_rate@1": 0.6374458874458875,
      "hit_rate@10": 0.9999963951085068,
      "hit_rate@3": 0.9266603374848585,
      "hit_rate@5": 0.9889060915716794,
      "n": 53960,
      "n_groups": 2772,
      "n_positive": 26980,
      "ndcg@1": 0.6374458874458875,
      "ndcg@10": 0.5461281423709667,
      "ndcg@3": 0.5889987187554524,
      "ndcg@5": 0.566199340670919,
      "tie_policy": "average"
    },
    "macro_by_user_group_mean": {
      "groups_with_score_ties": 2772,
      "groups_with_score_ties_fraction": 1.0,
      "groups_with_size_lte@1": 0,
      "groups_with_size_lte@10": 81,
      "groups_with_size_lte@3": 14,
      "groups_with_size_lte@5": 33,
      "groups_without_positive": 0,
      "hit_rate@1": 0.637099889624724,
      "hit_rate@10": 0.9999964749263158,
      "hit_rate@3": 0.9270546389608677,
      "hit_rate@5": 0.9890266452296161,
      "n": 53960,
      "n_groups": 2772,
      "n_positive": 26980,
      "n_users": 604,
      "ndcg@1": 0.637099889624724,
      "ndcg@10": 0.5487925073744125,
      "ndcg@3": 0.5890061666641693,
      "ndcg@5": 0.5668439190495324,
      "tie_policy": "average"
    }
  }
}
