{
  "candidate_groups": {
    "test": {
      "groups": 5801,
      "positives_max": 6,
      "positives_mean": 5.589553525254266,
      "positives_min": 1,
      "rows_max": 18,
      "rows_mean": 16.768660575762798,
      "rows_min": 3,
      "sampled_max": 12,
      "sampled_mean": 11.179107050508533,
      "sampled_min": 2
    },
    "val": {
      "groups": 3150,
      "positives_max": 6,
      "positives_mean": 5.261587301587301,
      "positives_min": 1,
      "rows_max": 18,
      "rows_mean": 15.784761904761904,
      "rows_min": 3,
      "sampled_max": 12,
      "sampled_mean": 10.523174603174603,
      "sampled_min": 2
    }
  },
  "main_metric": "test.macro_by_user_group_mean.ndcg@5",
  "method": "popularity_ranking",
  "protocol": "ranking",
  "ranking_evaluation": {
    "ks": [
      1,
      3,
      5,
      10
    ],
    "tie_policy": "average"
  },
  "stage_times_seconds": {
    "candidate_group_summary": 0.037,
    "compute_ranking_metrics": 3.426,
    "fit": 0.114,
    "prepare_xy": 0.038,
    "score_test": 0.019,
    "score_val": 0.011,
    "write_predictions": 0.18
  },
  "task": "ml-1m_interaction_cap20_eval_users1000_m2_seed1",
  "test": {
    "macro_by_group": {
      "groups_with_score_ties": 2454,
      "groups_with_score_ties_fraction": 0.42303051198069297,
      "groups_with_size_lte@1": 0,
      "groups_with_size_lte@10": 454,
      "groups_with_size_lte@3": 169,
      "groups_with_size_lte@5": 169,
      "groups_without_positive": 0,
      "hit_rate@1": 0.863558007240131,
      "hit_rate@10": 1.0,
      "hit_rate@3": 0.9911222203068436,
      "hit_rate@5": 0.9993104637131529,
      "n": 97275,
      "n_groups": 5801,
      "n_positive": 32425,
      "ndcg@1": 0.863558007240131,
      "ndcg@10": 0.8637239200803006,
      "ndcg@3": 0.8153616855994564,
      "ndcg@5": 0.7714566465886639,
      "tie_policy": "average"
    },
    "macro_by_user_group_mean": {
      "groups_with_score_ties": 2454,
      "groups_with_score_ties_fraction": 0.42303051198069297,
      "groups_with_size_lte@1": 0,
      "groups_with_size_lte@10": 454,
      "groups_with_size_lte@3": 169,
      "groups_with_size_lte@5": 169,
      "groups_without_positive": 0,
      "hit_rate@1": 0.8663591147644903,
      "hit_rate@10": 1.0,
      "hit_rate@3": 0.9903731060540159,
      "hit_rate@5": 0.9996294642857142,
      "n": 97275,
      "n_groups": 5801,
      "n_positive": 32425,
      "n_users": 1000,
      "ndcg@1": 0.8663591147644903,
      "ndcg@10": 0.8753914528118559,
      "ndcg@3": 0.8235323756467151,
      "ndcg@5": 0.7858270501207355,
      "tie_policy": "average"
    }
  },
  "val": {
    "macro_by_group": {
      "groups_with_score_ties": 1259,
      "groups_with_score_ties_fraction": 0.3996825396825397,
      "groups_with_size_lte@1": 0,
      "groups_with_size_lte@10": 472,
      "groups_with_size_lte@3": 125,
      "groups_with_size_lte@5": 125,
      "groups_without_positive": 0,
      "hit_rate@1": 0.8574603174603175,
      "hit_rate@10": 1.0,
      "hit_rate@3": 0.9917460317460317,
      "hit_rate@5": 0.9990476190476191,
      "n": 49722,
      "n_groups": 3150,
      "n_positive": 16574,
      "ndcg@1": 0.8574603174603175,
      "ndcg@10": 0.8641932874674235,
      "ndcg@3": 0.8066306137307441,
      "ndcg@5": 0.7775311160798974,
      "tie_policy": "average"
    },
    "macro_by_user_group_mean": {
      "groups_with_score_ties": 1259,
      "groups_with_score_ties_fraction": 0.3996825396825397,
      "groups_with_size_lte@1": 0,
      "groups_with_size_lte@10": 472,
      "groups_with_size_lte@3": 125,
      "groups_with_size_lte@5": 125,
      "groups_without_positive": 0,
      "hit_rate@1": 0.8617588728265199,
      "hit_rate@10": 1.0,
      "hit_rate@3": 0.9893850427350428,
      "hit_rate@5": 0.9984166666666666,
      "n": 49722,
      "n_groups": 3150,
      "n_positive": 16574,
      "n_users": 1000,
      "ndcg@1": 0.8617588728265199,
      "ndcg@10": 0.8778552853291435,
      "ndcg@3": 0.802876210509037,
      "ndcg@5": 0.793416262204565,
      "tie_policy": "average"
    }
  }
}
