{
  "candidate_groups": {
    "requested": {
      "groups": 2491,
      "positives_max": 5,
      "positives_mean": 4.544359694901646,
      "positives_min": 1,
      "rows_max": 10,
      "rows_mean": 9.088719389803291,
      "rows_min": 2,
      "sampled_max": 0,
      "sampled_mean": 0.0,
      "sampled_min": 0
    },
    "scored": {
      "groups": 2453,
      "positives_max": 5,
      "positives_mean": 4.545454545454546,
      "positives_min": 1,
      "rows_max": 10,
      "rows_mean": 9.090909090909092,
      "rows_min": 2,
      "sampled_max": 0,
      "sampled_mean": 0.0,
      "sampled_min": 0
    }
  },
  "coverage": {
    "failed_fraction": 0.015017667844522967,
    "failed_rows": 340,
    "requested_rows": 22640,
    "scored_fraction": 0.984982332155477,
    "scored_rows": 22300
  },
  "llm_errors": 38,
  "main_metric": "test.macro_by_user_group_mean.f1",
  "max_candidate_groups": null,
  "max_workers": 128,
  "method": "agent4rec_preference_yes_no_litellm_qwen3_8b_traits_taste_gpt4o_mini_candidate_summary_full",
  "requested_rows": 22640,
  "scored_rows": 22300,
  "task": "ml-1m_preference_cap10_eval_users1000_cg5_m1_seed0",
  "test": {
    "macro_by_group": {
      "accuracy": 0.550567332518005,
      "f1": 0.4577603716209505,
      "n": 22300,
      "n_groups": 2453,
      "n_positive": 11150,
      "n_predicted_positive": 9287,
      "precision": 0.5267819126563521,
      "recall": 0.45883951623861935
    },
    "macro_by_user_group_mean": {
      "accuracy": 0.5501010101010101,
      "f1": 0.43038180374219337,
      "n": 22300,
      "n_groups": 2453,
      "n_positive": 11150,
      "n_predicted_positive": 9287,
      "n_users": 770,
      "precision": 0.4941240981240981,
      "recall": 0.4296673881673882
    },
    "micro": {
      "accuracy": 0.5513452914798206,
      "f1": 0.5104467387581347,
      "n": 22300,
      "n_positive": 11150,
      "n_predicted_positive": 9287,
      "precision": 0.5616453106492947,
      "recall": 0.46780269058295965
    }
  },
  "test_failure_as_negative": {
    "macro_by_group": {
      "accuracy": 0.5497959320219457,
      "f1": 0.4507772748238425,
      "n": 22640,
      "n_groups": 2491,
      "n_positive": 11320,
      "n_predicted_positive": 9287,
      "precision": 0.5187458979309642,
      "recall": 0.45183995717917835
    },
    "macro_by_user_group_mean": {
      "accuracy": 0.549824457381055,
      "f1": 0.4234179533273971,
      "n": 22640,
      "n_groups": 2491,
      "n_positive": 11320,
      "n_predicted_positive": 9287,
      "n_users": 773,
      "precision": 0.48608360370165027,
      "recall": 0.422939485410378
    },
    "micro": {
      "accuracy": 0.5505742049469965,
      "f1": 0.5062357451351482,
      "n": 22640,
      "n_positive": 11320,
      "n_predicted_positive": 9287,
      "precision": 0.5616453106492947,
      "recall": 0.4607773851590106
    }
  }
}
