{
  "candidate_groups": {
    "test": {
      "groups": 3625,
      "positives_max": 6,
      "positives_mean": 5.855172413793103,
      "positives_min": 1,
      "rows_max": 18,
      "rows_mean": 17.56551724137931,
      "rows_min": 3,
      "sampled_max": 12,
      "sampled_mean": 11.710344827586207,
      "sampled_min": 2
    },
    "val": {
      "groups": 2237,
      "positives_max": 6,
      "positives_mean": 5.8430934286991505,
      "positives_min": 1,
      "rows_max": 18,
      "rows_mean": 17.529280286097453,
      "rows_min": 3,
      "sampled_max": 12,
      "sampled_mean": 11.686186857398301,
      "sampled_min": 2
    }
  },
  "main_metric": "test.macro_by_user_group_mean.ndcg@5",
  "method": "item_knn_cold_start_ranking",
  "protocol": "ranking",
  "ranking_evaluation": {
    "ks": [
      1,
      3,
      5,
      10
    ],
    "tie_policy": "average"
  },
  "stage_times_seconds": {
    "candidate_group_summary": 0.027,
    "compute_ranking_metrics": 1.466,
    "fit": 0.639,
    "prepare_xy": 0.016,
    "score_test": 0.291,
    "score_val": 0.181,
    "write_predictions": 0.084
  },
  "task": "ml-1m_cold_start_k5_cap20_eval_users1000_cg5_m2_seed1",
  "test": {
    "macro_by_group": {
      "groups_with_score_ties": 3625,
      "groups_with_score_ties_fraction": 1.0,
      "groups_with_size_lte@1": 0,
      "groups_with_size_lte@10": 105,
      "groups_with_size_lte@3": 36,
      "groups_with_size_lte@5": 36,
      "groups_without_positive": 0,
      "hit_rate@1": 0.6102068965517241,
      "hit_rate@10": 0.9992254441974524,
      "hit_rate@3": 0.8550178461160206,
      "hit_rate@5": 0.9512514869399251,
      "n": 63675,
      "n_groups": 3625,
      "n_positive": 21225,
      "ndcg@1": 0.6102068965517241,
      "ndcg@10": 0.5622244212950007,
      "ndcg@3": 0.5161170716029724,
      "ndcg@5": 0.46540720490440635,
      "tie_policy": "average"
    },
    "macro_by_user_group_mean": {
      "groups_with_score_ties": 3625,
      "groups_with_score_ties_fraction": 1.0,
      "groups_with_size_lte@1": 0,
      "groups_with_size_lte@10": 105,
      "groups_with_size_lte@3": 36,
      "groups_with_size_lte@5": 36,
      "groups_without_positive": 0,
      "hit_rate@1": 0.600848954088563,
      "hit_rate@10": 0.9992703505165752,
      "hit_rate@3": 0.8551980656135336,
      "hit_rate@5": 0.9523998976850264,
      "n": 63675,
      "n_groups": 3625,
      "n_positive": 21225,
      "n_users": 818,
      "ndcg@1": 0.6008489540885629,
      "ndcg@10": 0.5701789714563321,
      "ndcg@3": 0.5165237427811094,
      "ndcg@5": 0.4718761339685332,
      "tie_policy": "average"
    }
  },
  "val": {
    "macro_by_group": {
      "groups_with_score_ties": 2237,
      "groups_with_score_ties_fraction": 1.0,
      "groups_with_size_lte@1": 0,
      "groups_with_size_lte@10": 68,
      "groups_with_size_lte@3": 26,
      "groups_with_size_lte@5": 26,
      "groups_without_positive": 0,
      "hit_rate@1": 0.6140664580539412,
      "hit_rate@10": 0.9992321824397344,
      "hit_rate@3": 0.8561342666992302,
      "hit_rate@5": 0.9515332237307573,
      "n": 39213,
      "n_groups": 2237,
      "n_positive": 13071,
      "ndcg@1": 0.6140664580539412,
      "ndcg@10": 0.5690177295845172,
      "ndcg@3": 0.5268238725106127,
      "ndcg@5": 0.4743479079708387,
      "tie_policy": "average"
    },
    "macro_by_user_group_mean": {
      "groups_with_score_ties": 2237,
      "groups_with_score_ties_fraction": 1.0,
      "groups_with_size_lte@1": 0,
      "groups_with_size_lte@10": 68,
      "groups_with_size_lte@3": 26,
      "groups_with_size_lte@5": 26,
      "groups_without_positive": 0,
      "hit_rate@1": 0.6094389438943896,
      "hit_rate@10": 0.999283050347698,
      "hit_rate@3": 0.8575328293980012,
      "hit_rate@5": 0.952845239662945,
      "n": 39213,
      "n_groups": 2237,
      "n_positive": 13071,
      "n_users": 505,
      "ndcg@1": 0.6094389438943895,
      "ndcg@10": 0.5777224390647486,
      "ndcg@3": 0.5285071132816561,
      "ndcg@5": 0.48180115836427223,
      "tie_policy": "average"
    }
  }
}
