{
  "candidate_groups": {
    "requested": {
      "groups": 4621,
      "positives_max": 2,
      "positives_mean": 1.9668902834884223,
      "positives_min": 1,
      "rows_max": 20,
      "rows_mean": 19.668902834884225,
      "rows_min": 10,
      "sampled_max": 18,
      "sampled_mean": 17.702012551395804,
      "sampled_min": 9
    },
    "scored": {
      "groups": 4617,
      "positives_max": 2,
      "positives_mean": 1.9668615984405458,
      "positives_min": 1,
      "rows_max": 20,
      "rows_mean": 19.66861598440546,
      "rows_min": 10,
      "sampled_max": 18,
      "sampled_mean": 17.70175438596491,
      "sampled_min": 9
    }
  },
  "coverage": {
    "failed_fraction": 0.0008801848388161514,
    "failed_rows": 80,
    "requested_rows": 90890,
    "scored_fraction": 0.9991198151611839,
    "scored_rows": 90810
  },
  "llm_errors": 4,
  "main_metric": "test.macro_by_user_group_mean.ndcg@5",
  "max_candidate_groups": null,
  "max_workers": 16,
  "method": "agent4rec_yes_no_vllm_qwen36_27b_taste_gpt4o_mini_full",
  "protocol": "ranking",
  "ranking_evaluation": {
    "ks": [
      1,
      3,
      5,
      10
    ],
    "tie_policy": "average"
  },
  "requested_rows": 90890,
  "scored_rows": 90810,
  "task": "ml-1m_item_stats_cap20_eval_users1000_cg5_m9_seed2",
  "test": {
    "macro_by_group": {
      "groups_with_score_ties": 4617,
      "groups_with_score_ties_fraction": 1.0,
      "groups_with_size_lte@1": 0,
      "groups_with_size_lte@10": 153,
      "groups_with_size_lte@3": 0,
      "groups_with_size_lte@5": 0,
      "groups_without_positive": 0,
      "hit_rate@1": 0.21913380376751207,
      "hit_rate@10": 0.9334497565745693,
      "hit_rate@3": 0.5438287883536246,
      "hit_rate@5": 0.7430888012030878,
      "n": 90810,
      "n_groups": 4617,
      "n_positive": 9081,
      "ndcg@1": 0.21913380376751207,
      "ndcg@10": 0.475204821324579,
      "ndcg@3": 0.28495583860785667,
      "ndcg@5": 0.374384771593655,
      "tie_policy": "average"
    },
    "macro_by_user_group_mean": {
      "groups_with_score_ties": 4617,
      "groups_with_score_ties_fraction": 1.0,
      "groups_with_size_lte@1": 0,
      "groups_with_size_lte@10": 153,
      "groups_with_size_lte@3": 0,
      "groups_with_size_lte@5": 0,
      "groups_without_positive": 0,
      "hit_rate@1": 0.2184563991685702,
      "hit_rate@10": 0.9331739637147338,
      "hit_rate@3": 0.5427045009442455,
      "hit_rate@5": 0.7418316819596812,
      "n": 90810,
      "n_groups": 4617,
      "n_positive": 9081,
      "n_users": 1000,
      "ndcg@1": 0.2184563991685702,
      "ndcg@10": 0.4750650723641562,
      "ndcg@3": 0.2853629069691551,
      "ndcg@5": 0.37443125717167913,
      "tie_policy": "average"
    }
  },
  "test_failure_as_zero_group": {
    "macro_by_group": {
      "failed_groups": 4,
      "failed_groups_fraction": 0.0008656135035706557,
      "failure_policy": "failed_group_zero",
      "groups_with_score_ties": 4617,
      "groups_with_score_ties_fraction": 0.9991343864964294,
      "groups_with_size_lte@1": 0,
      "groups_with_size_lte@10": 153,
      "groups_with_size_lte@3": 0,
      "groups_with_size_lte@5": 0,
      "groups_without_positive": 0,
      "hit_rate@1": 0.21894411858788212,
      "hit_rate@10": 0.9326417498603734,
      "hit_rate@3": 0.5433580428107952,
      "hit_rate@5": 0.7424455735024142,
      "n": 90890,
      "n_groups": 4621,
      "n_positive": 9089,
      "ndcg@1": 0.21894411858788212,
      "ndcg@10": 0.47479347761427854,
      "ndcg@3": 0.28470917698603637,
      "ndcg@5": 0.37406069907983236,
      "scored_groups": 4617,
      "tie_policy": "average"
    },
    "macro_by_user_group_mean": {
      "failed_groups": 4,
      "failed_groups_fraction": 0.0008656135035706557,
      "failure_policy": "failed_group_zero",
      "groups_with_score_ties": 4617,
      "groups_with_score_ties_fraction": 0.9991343864964294,
      "groups_with_size_lte@1": 0,
      "groups_with_size_lte@10": 153,
      "groups_with_size_lte@3": 0,
      "groups_with_size_lte@5": 0,
      "groups_without_positive": 0,
      "hit_rate@1": 0.21817931583523686,
      "hit_rate@10": 0.9322001541909243,
      "hit_rate@3": 0.542141306499801,
      "hit_rate@5": 0.7411106171448664,
      "n": 90890,
      "n_groups": 4621,
      "n_positive": 9089,
      "n_users": 1000,
      "ndcg@1": 0.21817931583523686,
      "ndcg@10": 0.4745621196169067,
      "ndcg@3": 0.28503222205631895,
      "ndcg@5": 0.3740261930266778,
      "scored_groups": 4617,
      "tie_policy": "average"
    }
  }
}
