{
  "candidate_groups": {
    "test": {
      "groups": 5000,
      "positives_max": 1,
      "positives_mean": 1.0,
      "positives_min": 1,
      "rows_max": 20,
      "rows_mean": 20.0,
      "rows_min": 20,
      "sampled_max": 19,
      "sampled_mean": 19.0,
      "sampled_min": 19
    },
    "val": {
      "groups": 3020,
      "positives_max": 1,
      "positives_mean": 1.0,
      "positives_min": 1,
      "rows_max": 20,
      "rows_mean": 20.0,
      "rows_min": 20,
      "sampled_max": 19,
      "sampled_mean": 19.0,
      "sampled_min": 19
    }
  },
  "main_metric": "test.macro_by_user_group_mean.f1",
  "method": "item_knn_cold_start",
  "stage_times_seconds": {
    "apply_threshold": 0.0,
    "candidate_group_summary": 0.015,
    "compute_metrics": 0.085,
    "fit": 0.471,
    "prepare_xy": 0.011,
    "score_test": 0.176,
    "score_val": 0.086,
    "select_threshold": 0.046,
    "write_predictions": 0.057
  },
  "task": "ml-1m_cold_start_k5_cap20_eval_users1000_cg5_m19_seed1",
  "test": {
    "macro_by_group": {
      "accuracy": 0.94316,
      "f1": 0.16728666666666664,
      "n": 100000,
      "n_groups": 5000,
      "n_positive": 5000,
      "n_predicted_positive": 2542,
      "precision": 0.15866666666666665,
      "recall": 0.1858
    },
    "macro_by_user_group_mean": {
      "accuracy": 0.9431599999999999,
      "f1": 0.16728666666666667,
      "n": 100000,
      "n_groups": 5000,
      "n_positive": 5000,
      "n_predicted_positive": 2542,
      "n_users": 1000,
      "precision": 0.15866666666666668,
      "recall": 0.18580000000000002
    },
    "micro": {
      "accuracy": 0.94316,
      "f1": 0.24635375232033943,
      "n": 100000,
      "n_positive": 5000,
      "n_predicted_positive": 2542,
      "precision": 0.3654602675059009,
      "recall": 0.1858
    }
  },
  "threshold": 0.025819885730743408,
  "threshold_metric": "macro_by_user_group_mean_f1",
  "val": {
    "macro_by_group": {
      "accuracy": 0.9427152317880795,
      "f1": 0.1911037527593819,
      "n": 60400,
      "n_groups": 3020,
      "n_positive": 3020,
      "n_predicted_positive": 1716,
      "precision": 0.18173289183222954,
      "recall": 0.21125827814569537
    },
    "macro_by_user_group_mean": {
      "accuracy": 0.9427152317880796,
      "f1": 0.19110375275938188,
      "n": 60400,
      "n_groups": 3020,
      "n_positive": 3020,
      "n_predicted_positive": 1716,
      "n_users": 604,
      "precision": 0.1817328918322296,
      "recall": 0.21125827814569537
    },
    "micro": {
      "accuracy": 0.9427152317880795,
      "f1": 0.26942567567567566,
      "n": 60400,
      "n_positive": 3020,
      "n_predicted_positive": 1716,
      "precision": 0.3717948717948718,
      "recall": 0.21125827814569537
    }
  }
}
