{
  "candidate_groups": {
    "requested": {
      "groups": 4832,
      "positives_max": 6,
      "positives_mean": 5.912044701986755,
      "positives_min": 1,
      "rows_max": 18,
      "rows_mean": 17.736134105960264,
      "rows_min": 3,
      "sampled_max": 12,
      "sampled_mean": 11.82408940397351,
      "sampled_min": 2
    },
    "scored": {
      "groups": 4829,
      "positives_max": 6,
      "positives_mean": 5.911990060053841,
      "positives_min": 1,
      "rows_max": 18,
      "rows_mean": 17.735970180161523,
      "rows_min": 3,
      "sampled_max": 12,
      "sampled_mean": 11.823980120107683,
      "sampled_min": 2
    }
  },
  "llm_errors": 3,
  "main_metric": "test.macro_by_user_group_mean.ndcg@5",
  "max_candidate_groups": null,
  "max_workers": 128,
  "method": "agent4rec_yes_no_vllm_qwen36_27b_traits_taste_gpt4o_mini_full",
  "protocol": "ranking",
  "ranking_evaluation": {
    "ks": [
      1,
      3,
      5,
      10
    ],
    "tie_policy": "average"
  },
  "requested_rows": 85701,
  "scored_rows": 85647,
  "task": "ml-1m_cold_start_k5_cap20_eval_users1000_cg5_m2_seed0",
  "test": {
    "macro_by_group": {
      "groups_with_score_ties": 4829,
      "groups_with_score_ties_fraction": 1.0,
      "groups_with_size_lte@1": 0,
      "groups_with_size_lte@10": 85,
      "groups_with_size_lte@3": 28,
      "groups_with_size_lte@5": 28,
      "groups_without_positive": 0,
      "hit_rate@1": 0.4305176194020249,
      "hit_rate@10": 0.996286705517395,
      "hit_rate@3": 0.8081419912417988,
      "hit_rate@5": 0.9310919549417351,
      "n": 85647,
      "n_groups": 4829,
      "n_positive": 28549,
      "ndcg@1": 0.4305176194020249,
      "ndcg@10": 0.5654944267590624,
      "ndcg@3": 0.4317756582734667,
      "ndcg@5": 0.43192140550831903,
      "tie_policy": "average"
    },
    "macro_by_user_group_mean": {
      "groups_with_score_ties": 4829,
      "groups_with_score_ties_fraction": 1.0,
      "groups_with_size_lte@1": 0,
      "groups_with_size_lte@10": 85,
      "groups_with_size_lte@3": 28,
      "groups_with_size_lte@5": 28,
      "groups_without_positive": 0,
      "hit_rate@1": 0.42995541518394464,
      "hit_rate@10": 0.9962606707236118,
      "hit_rate@3": 0.8076707892679217,
      "hit_rate@5": 0.9307510632994456,
      "n": 85647,
      "n_groups": 4829,
      "n_positive": 28549,
      "n_users": 1000,
      "ndcg@1": 0.42995541518394464,
      "ndcg@10": 0.5659921151385807,
      "ndcg@3": 0.431511974831939,
      "ndcg@5": 0.4322251371150268,
      "tie_policy": "average"
    }
  }
}
