{
  "candidate_groups": {
    "test": {
      "groups": 4087,
      "positives_max": 5,
      "positives_mean": 4.531441154881331,
      "positives_min": 1,
      "rows_max": 20,
      "rows_mean": 18.125764619525324,
      "rows_min": 4,
      "sampled_max": 15,
      "sampled_mean": 13.594323464643994,
      "sampled_min": 3
    },
    "val": {
      "groups": 2332,
      "positives_max": 5,
      "positives_mean": 4.134219554030874,
      "positives_min": 1,
      "rows_max": 20,
      "rows_mean": 16.536878216123498,
      "rows_min": 4,
      "sampled_max": 15,
      "sampled_mean": 12.402658662092625,
      "sampled_min": 3
    }
  },
  "main_metric": "test.macro_by_user_group_mean.ndcg@5",
  "method": "popularity_ranking",
  "protocol": "ranking",
  "ranking_evaluation": {
    "ks": [
      1,
      3,
      5,
      10
    ],
    "tie_policy": "average"
  },
  "stage_times_seconds": {
    "candidate_group_summary": 0.057,
    "compute_ranking_metrics": 2.317,
    "fit": 0.671,
    "prepare_xy": 0.32,
    "score_test": 0.014,
    "score_val": 0.009,
    "write_predictions": 0.186
  },
  "task": "steam_interaction_cap20_eval_users1000_m3_seed3",
  "test": {
    "macro_by_group": {
      "groups_with_score_ties": 2744,
      "groups_with_score_ties_fraction": 0.6713971127966724,
      "groups_with_size_lte@1": 0,
      "groups_with_size_lte@10": 367,
      "groups_with_size_lte@3": 0,
      "groups_with_size_lte@5": 200,
      "groups_without_positive": 0,
      "hit_rate@1": 0.9168093956447272,
      "hit_rate@10": 1.0,
      "hit_rate@3": 0.9953511132860289,
      "hit_rate@5": 0.9997553217518963,
      "n": 74080,
      "n_groups": 4087,
      "n_positive": 18520,
      "ndcg@1": 0.9168093956447272,
      "ndcg@10": 0.9287525005524191,
      "ndcg@3": 0.8802081756551453,
      "ndcg@5": 0.8348636084174628,
      "tie_policy": "average"
    },
    "macro_by_user_group_mean": {
      "groups_with_score_ties": 2744,
      "groups_with_score_ties_fraction": 0.6713971127966724,
      "groups_with_size_lte@1": 0,
      "groups_with_size_lte@10": 367,
      "groups_with_size_lte@3": 0,
      "groups_with_size_lte@5": 200,
      "groups_without_positive": 0,
      "hit_rate@1": 0.9514960069090289,
      "hit_rate@10": 1.0,
      "hit_rate@3": 0.998439095620407,
      "hit_rate@5": 0.9996666666666666,
      "n": 74080,
      "n_groups": 4087,
      "n_positive": 18520,
      "n_users": 1000,
      "ndcg@1": 0.9514960069090289,
      "ndcg@10": 0.9524121002391042,
      "ndcg@3": 0.9186595977177183,
      "ndcg@5": 0.8836778463448495,
      "tie_policy": "average"
    }
  },
  "val": {
    "macro_by_group": {
      "groups_with_score_ties": 1378,
      "groups_with_score_ties_fraction": 0.5909090909090909,
      "groups_with_size_lte@1": 0,
      "groups_with_size_lte@10": 391,
      "groups_with_size_lte@3": 0,
      "groups_with_size_lte@5": 146,
      "groups_without_positive": 0,
      "hit_rate@1": 0.9232418524871355,
      "hit_rate@10": 1.0,
      "hit_rate@3": 0.9978559176672385,
      "hit_rate@5": 1.0,
      "n": 38564,
      "n_groups": 2332,
      "n_positive": 9641,
      "ndcg@1": 0.9232418524871355,
      "ndcg@10": 0.9357961737218997,
      "ndcg@3": 0.8897010751394651,
      "ndcg@5": 0.857292703144948,
      "tie_policy": "average"
    },
    "macro_by_user_group_mean": {
      "groups_with_score_ties": 1378,
      "groups_with_score_ties_fraction": 0.5909090909090909,
      "groups_with_size_lte@1": 0,
      "groups_with_size_lte@10": 391,
      "groups_with_size_lte@3": 0,
      "groups_with_size_lte@5": 146,
      "groups_without_positive": 0,
      "hit_rate@1": 0.9494883339633341,
      "hit_rate@10": 1.0,
      "hit_rate@3": 0.9994162337662338,
      "hit_rate@5": 1.0,
      "n": 38564,
      "n_groups": 2332,
      "n_positive": 9641,
      "n_users": 1000,
      "ndcg@1": 0.9494883339633341,
      "ndcg@10": 0.9556253982420906,
      "ndcg@3": 0.9193510605884264,
      "ndcg@5": 0.9032109469025107,
      "tie_policy": "average"
    }
  }
}
