{
  "candidate_groups": {
    "requested": {
      "groups": 17517,
      "positives_max": 2,
      "positives_mean": 1.9706570759833304,
      "positives_min": 1,
      "rows_max": 20,
      "rows_mean": 19.706570759833305,
      "rows_min": 10,
      "sampled_max": 18,
      "sampled_mean": 17.735913683849976,
      "sampled_min": 9
    },
    "scored": {
      "groups": 17517,
      "positives_max": 2,
      "positives_mean": 1.9706570759833304,
      "positives_min": 1,
      "rows_max": 20,
      "rows_mean": 19.706570759833305,
      "rows_min": 10,
      "sampled_max": 18,
      "sampled_mean": 17.735913683849976,
      "sampled_min": 9
    }
  },
  "llm_errors": 0,
  "main_metric": "test.macro_by_user_group_mean.f1",
  "max_candidate_groups": null,
  "max_workers": 32,
  "method": "llm_yes_no_vllm_llama33_70b_with_item_stats_full",
  "requested_rows": 345200,
  "scored_rows": 345200,
  "task": "ml-1m_interaction_item_stats_cap20_eval_users1000_m9_seed0",
  "test": {
    "macro_by_group": {
      "accuracy": 0.5889707141633841,
      "f1": 0.30061604974843176,
      "n": 345200,
      "n_groups": 17517,
      "n_positive": 34520,
      "n_predicted_positive": 163879,
      "precision": 0.19030315799794356,
      "recall": 0.8162356567905463
    },
    "macro_by_user_group_mean": {
      "accuracy": 0.6172274636375304,
      "f1": 0.3290432350877683,
      "n": 345200,
      "n_groups": 17517,
      "n_positive": 34520,
      "n_predicted_positive": 163879,
      "n_users": 1000,
      "precision": 0.21378216312091808,
      "recall": 0.8414802359696488
    },
    "micro": {
      "accuracy": 0.5884675550405561,
      "f1": 0.28396312481413716,
      "n": 345200,
      "n_positive": 34520,
      "n_predicted_positive": 163879,
      "precision": 0.17188901567620013,
      "recall": 0.8160196987253766
    }
  }
}
