{
  "candidate_groups": {
    "requested": {
      "groups": 2121,
      "positives_max": 2,
      "positives_mean": 1.859028760018859,
      "positives_min": 1,
      "rows_max": 8,
      "rows_mean": 7.436115040075436,
      "rows_min": 4,
      "sampled_max": 0,
      "sampled_mean": 0.0,
      "sampled_min": 0
    },
    "scored": {
      "groups": 2019,
      "positives_max": 2,
      "positives_mean": 1.8543833580980684,
      "positives_min": 1,
      "rows_max": 8,
      "rows_mean": 7.417533432392274,
      "rows_min": 4,
      "sampled_max": 0,
      "sampled_mean": 0.0,
      "sampled_min": 0
    }
  },
  "coverage": {
    "failed_fraction": 0.05046918589906163,
    "failed_rows": 796,
    "requested_rows": 15772,
    "scored_fraction": 0.9495308141009384,
    "scored_rows": 14976
  },
  "llm_errors": 102,
  "main_metric": "test.macro_by_user_group_mean.f1",
  "max_candidate_groups": null,
  "max_workers": 128,
  "method": "llm_preference_yes_no_litellm_qwen3_8b_full",
  "requested_rows": 15772,
  "scored_rows": 14976,
  "task": "steam_preference_cap10_eval_users1000_cg5_m3_seed1",
  "test": {
    "macro_by_group": {
      "accuracy": 0.7433754333828628,
      "f1": 0.03921279589927435,
      "n": 14976,
      "n_groups": 2019,
      "n_positive": 3744,
      "n_predicted_positive": 370,
      "precision": 0.04610486096370198,
      "recall": 0.0396235760277365
    },
    "macro_by_user_group_mean": {
      "accuracy": 0.7418487985685072,
      "f1": 0.042419782841561976,
      "n": 14976,
      "n_groups": 2019,
      "n_positive": 3744,
      "n_predicted_positive": 370,
      "n_users": 652,
      "precision": 0.047549724900185025,
      "recall": 0.04360940695296524
    },
    "micro": {
      "accuracy": 0.7441239316239316,
      "f1": 0.06854642683519689,
      "n": 14976,
      "n_positive": 3744,
      "n_predicted_positive": 370,
      "precision": 0.3810810810810811,
      "recall": 0.03766025641025641
    }
  },
  "test_failure_as_negative": {
    "macro_by_group": {
      "accuracy": 0.7436940122583687,
      "f1": 0.03732703202293018,
      "n": 15772,
      "n_groups": 2121,
      "n_positive": 3943,
      "n_predicted_positive": 370,
      "precision": 0.04388765407152961,
      "recall": 0.03771805752003772
    },
    "macro_by_user_group_mean": {
      "accuracy": 0.7420022796352583,
      "f1": 0.04010288512568148,
      "n": 15772,
      "n_groups": 2121,
      "n_positive": 3943,
      "n_predicted_positive": 370,
      "n_users": 658,
      "precision": 0.044783736189511265,
      "recall": 0.04133738601823708
    },
    "micro": {
      "accuracy": 0.744420492011159,
      "f1": 0.06538372362624623,
      "n": 15772,
      "n_positive": 3943,
      "n_predicted_positive": 370,
      "precision": 0.3810810810810811,
      "recall": 0.03575957392848085
    }
  }
}
