{
  "candidate_groups": {
    "requested": {
      "groups": 2596,
      "positives_max": 3,
      "positives_mean": 2.8640215716486903,
      "positives_min": 1,
      "rows_max": 9,
      "rows_mean": 8.592064714946071,
      "rows_min": 3,
      "sampled_max": 0,
      "sampled_mean": 0.0,
      "sampled_min": 0
    },
    "scored": {
      "groups": 2595,
      "positives_max": 3,
      "positives_mean": 2.8639691714836224,
      "positives_min": 1,
      "rows_max": 9,
      "rows_mean": 8.591907514450867,
      "rows_min": 3,
      "sampled_max": 0,
      "sampled_mean": 0.0,
      "sampled_min": 0
    }
  },
  "coverage": {
    "failed_fraction": 0.0004034969737726967,
    "failed_rows": 9,
    "requested_rows": 22305,
    "scored_fraction": 0.9995965030262273,
    "scored_rows": 22296
  },
  "llm_errors": 1,
  "main_metric": "test.macro_by_user_group_mean.f1",
  "max_candidate_groups": null,
  "max_workers": 64,
  "method": "agent4rec_preference_yes_no_litellm_qwen36_27b_traits_taste_gpt4o_mini_no_summary_control_full",
  "requested_rows": 22305,
  "scored_rows": 22296,
  "task": "ml-1m_preference_cap10_eval_users1000_cg5_m2_seed0",
  "test": {
    "macro_by_group": {
      "accuracy": 0.5720830657246843,
      "f1": 0.49012244659643506,
      "n": 22296,
      "n_groups": 2595,
      "n_positive": 7432,
      "n_predicted_positive": 11765,
      "precision": 0.41928387925497757,
      "recall": 0.6425818882466281
    },
    "macro_by_user_group_mean": {
      "accuracy": 0.5762369025606544,
      "f1": 0.4742987453237075,
      "n": 22296,
      "n_groups": 2595,
      "n_positive": 7432,
      "n_predicted_positive": 11765,
      "n_users": 661,
      "precision": 0.4117712460677665,
      "recall": 0.6120566481761641
    },
    "micro": {
      "accuracy": 0.571178686759957,
      "f1": 0.5019534302234724,
      "n": 22296,
      "n_positive": 7432,
      "n_predicted_positive": 11765,
      "precision": 0.40951976200594986,
      "recall": 0.6482777179763186
    }
  },
  "test_failure_as_negative": {
    "macro_by_group": {
      "accuracy": 0.5721195000856018,
      "f1": 0.48993364750298496,
      "n": 22305,
      "n_groups": 2596,
      "n_positive": 7435,
      "n_predicted_positive": 11765,
      "precision": 0.41912236774524914,
      "recall": 0.6423343605546995
    },
    "macro_by_user_group_mean": {
      "accuracy": 0.5763041407519471,
      "f1": 0.4741595699084353,
      "n": 22305,
      "n_groups": 2596,
      "n_positive": 7435,
      "n_predicted_positive": 11765,
      "n_users": 661,
      "precision": 0.41167011862738034,
      "recall": 0.6118297192805513
    },
    "micro": {
      "accuracy": 0.5712172158708809,
      "f1": 0.501875,
      "n": 22305,
      "n_positive": 7435,
      "n_predicted_positive": 11765,
      "precision": 0.40951976200594986,
      "recall": 0.6480161398789509
    }
  }
}
