{
  "mean_recall@1": 0.010294531034434215,
  "mean_ndcg@1": 0.24867549668874173,
  "mean_hit_rate@1": 0.24867549668874173,
  "mean_recall@5": 0.03940006382553992,
  "mean_ndcg@5": 0.22076166187491392,
  "mean_hit_rate@5": 0.5458609271523179,
  "mean_recall@10": 0.06676908360815363,
  "mean_ndcg@10": 0.20376368980430198,
  "mean_hit_rate@10": 0.6730132450331126,
  "n_users": 6040,
  "n_users_scored": 6040,
  "n_users_with_recs": 6040
}
