{
  "candidate_groups": {
    "test": {
      "groups": 17744,
      "positives_max": 1,
      "positives_mean": 1.0,
      "positives_min": 1,
      "rows_max": 20,
      "rows_mean": 20.0,
      "rows_min": 20,
      "sampled_max": 19,
      "sampled_mean": 19.0,
      "sampled_min": 19
    },
    "val": {
      "groups": 9239,
      "positives_max": 1,
      "positives_mean": 1.0,
      "positives_min": 1,
      "rows_max": 20,
      "rows_mean": 20.0,
      "rows_min": 20,
      "sampled_max": 19,
      "sampled_mean": 19.0,
      "sampled_min": 19
    }
  },
  "main_metric": "test.macro_by_user_group_mean.f1",
  "method": "popularity_f1_threshold",
  "stage_times_seconds": {
    "apply_threshold": 0.001,
    "candidate_group_summary": 0.127,
    "compute_metrics": 0.625,
    "fit": 0.684,
    "prepare_xy": 0.38,
    "score_test": 0.061,
    "score_val": 0.033,
    "select_threshold": 0.383,
    "write_predictions": 0.783
  },
  "task": "steam_interaction_cap20_eval_users1000_m19_seed4",
  "test": {
    "macro_by_group": {
      "accuracy": 0.9431413435527501,
      "f1": 0.4974439381252952,
      "n": 354880,
      "n_groups": 17744,
      "n_positive": 17744,
      "n_predicted_positive": 25136,
      "precision": 0.4386474032805187,
      "recall": 0.6397091974752029
    },
    "macro_by_user_group_mean": {
      "accuracy": 0.9449254549429125,
      "f1": 0.579638343251014,
      "n": 354880,
      "n_groups": 17744,
      "n_positive": 17744,
      "n_predicted_positive": 25136,
      "n_users": 1000,
      "precision": 0.5063236550913293,
      "recall": 0.7598005242001978
    },
    "micro": {
      "accuracy": 0.9431413435527503,
      "f1": 0.5294309701492538,
      "n": 354880,
      "n_positive": 17744,
      "n_predicted_positive": 25136,
      "precision": 0.45158338637810314,
      "recall": 0.6397091974752029
    }
  },
  "threshold": 1429.0,
  "threshold_metric": "macro_by_user_group_mean_f1",
  "val": {
    "macro_by_group": {
      "accuracy": 0.9425262474293755,
      "f1": 0.4988913456929476,
      "n": 184780,
      "n_groups": 9239,
      "n_positive": 9239,
      "n_predicted_positive": 13301,
      "precision": 0.43905184543781794,
      "recall": 0.6450914601147311
    },
    "macro_by_user_group_mean": {
      "accuracy": 0.9450054814285372,
      "f1": 0.5790179720985493,
      "n": 184780,
      "n_groups": 9239,
      "n_positive": 9239,
      "n_predicted_positive": 13301,
      "n_users": 1000,
      "precision": 0.5059232233670572,
      "recall": 0.7580194741663526
    },
    "micro": {
      "accuracy": 0.9425262474293755,
      "f1": 0.5288376220053239,
      "n": 184780,
      "n_positive": 9239,
      "n_predicted_positive": 13301,
      "precision": 0.4480866100293211,
      "recall": 0.6450914601147311
    }
  }
}
