{
  "candidate_groups": {
    "test": {
      "groups": 3836,
      "positives_max": 10,
      "positives_mean": 8.86548488008342,
      "positives_min": 1,
      "rows_max": 20,
      "rows_mean": 17.73096976016684,
      "rows_min": 2,
      "sampled_max": 10,
      "sampled_mean": 8.86548488008342,
      "sampled_min": 1
    },
    "val": {
      "groups": 2219,
      "positives_max": 10,
      "positives_mean": 7.83596214511041,
      "positives_min": 1,
      "rows_max": 20,
      "rows_mean": 15.67192429022082,
      "rows_min": 2,
      "sampled_max": 10,
      "sampled_mean": 7.83596214511041,
      "sampled_min": 1
    }
  },
  "main_metric": "test.macro_by_user_group_mean.f1",
  "method": "popularity_f1_threshold",
  "stage_times_seconds": {
    "apply_threshold": 0.001,
    "candidate_group_summary": 0.045,
    "compute_metrics": 0.304,
    "fit": 0.207,
    "prepare_xy": 0.063,
    "score_test": 0.036,
    "score_val": 0.019,
    "select_threshold": 0.196,
    "write_predictions": 0.169
  },
  "task": "ml-1m_interaction_cap20_eval_users1000_m1_seed3",
  "test": {
    "macro_by_group": {
      "accuracy": 0.7704767490937982,
      "f1": 0.7924436860281695,
      "n": 68016,
      "n_groups": 3836,
      "n_positive": 34008,
      "n_predicted_positive": 41265,
      "precision": 0.7326995993803663,
      "recall": 0.8796483191816873
    },
    "macro_by_user_group_mean": {
      "accuracy": 0.7690768101169652,
      "f1": 0.7964173711731992,
      "n": 68016,
      "n_groups": 3836,
      "n_positive": 34008,
      "n_predicted_positive": 41265,
      "n_users": 1000,
      "precision": 0.7241521000198504,
      "recall": 0.9011514001484371
    },
    "micro": {
      "accuracy": 0.7691866619618913,
      "f1": 0.7914391614523136,
      "n": 68016,
      "n_positive": 34008,
      "n_predicted_positive": 41265,
      "precision": 0.7218466012359143,
      "recall": 0.8758821453775583
    }
  },
  "threshold": 125.0,
  "threshold_metric": "macro_by_user_group_mean_f1",
  "val": {
    "macro_by_group": {
      "accuracy": 0.7640889110638998,
      "f1": 0.7876154439190093,
      "n": 34776,
      "n_groups": 2219,
      "n_positive": 17388,
      "n_predicted_positive": 21209,
      "precision": 0.7267110183583555,
      "recall": 0.8792338176069586
    },
    "macro_by_user_group_mean": {
      "accuracy": 0.7644451046027385,
      "f1": 0.7927435387780344,
      "n": 34776,
      "n_groups": 2219,
      "n_positive": 17388,
      "n_predicted_positive": 21209,
      "n_users": 1000,
      "precision": 0.7223594381733822,
      "recall": 0.8988164291462506
    },
    "micro": {
      "accuracy": 0.7642914653784219,
      "f1": 0.787625981293883,
      "n": 34776,
      "n_positive": 17388,
      "n_predicted_positive": 21209,
      "precision": 0.7166768824555613,
      "recall": 0.8741660915573959
    }
  }
}
