{
  "candidate_groups": {
    "requested": {
      "groups": 4621,
      "positives_max": 2,
      "positives_mean": 1.9668902834884223,
      "positives_min": 1,
      "rows_max": 20,
      "rows_mean": 19.668902834884225,
      "rows_min": 10,
      "sampled_max": 18,
      "sampled_mean": 17.702012551395804,
      "sampled_min": 9
    },
    "scored": {
      "groups": 4621,
      "positives_max": 2,
      "positives_mean": 1.9668902834884223,
      "positives_min": 1,
      "rows_max": 20,
      "rows_mean": 19.668902834884225,
      "rows_min": 10,
      "sampled_max": 18,
      "sampled_mean": 17.702012551395804,
      "sampled_min": 9
    }
  },
  "coverage": {
    "failed_fraction": 0.0,
    "failed_rows": 0,
    "requested_rows": 90890,
    "scored_fraction": 1.0,
    "scored_rows": 90890
  },
  "llm_errors": 0,
  "main_metric": "test.macro_by_user_group_mean.f1",
  "max_candidate_groups": null,
  "max_workers": 4,
  "method": "llm_yes_no_vllm_llama33_70b_with_item_stats_full",
  "requested_rows": 90890,
  "scored_rows": 90890,
  "task": "ml-1m_item_stats_cap20_eval_users1000_cg5_m9_seed2",
  "test": {
    "macro_by_group": {
      "accuracy": 0.6144665656784245,
      "f1": 0.32508314458695103,
      "n": 90890,
      "n_groups": 4621,
      "n_positive": 9089,
      "n_predicted_positive": 41301,
      "precision": 0.20990194944155124,
      "recall": 0.843540359229604
    },
    "macro_by_user_group_mean": {
      "accuracy": 0.6150341666666667,
      "f1": 0.32497659265871726,
      "n": 90890,
      "n_groups": 4621,
      "n_positive": 9089,
      "n_predicted_positive": 41301,
      "n_users": 1000,
      "precision": 0.20990150041407393,
      "recall": 0.8421916666666667
    },
    "micro": {
      "accuracy": 0.6143470128727032,
      "f1": 0.3043857908315142,
      "n": 90890,
      "n_positive": 9089,
      "n_predicted_positive": 41301,
      "precision": 0.18568557662042082,
      "recall": 0.8437671911101331
    }
  },
  "test_failure_as_negative": {
    "macro_by_group": {
      "accuracy": 0.6144665656784245,
      "f1": 0.32508314458695103,
      "n": 90890,
      "n_groups": 4621,
      "n_positive": 9089,
      "n_predicted_positive": 41301,
      "precision": 0.20990194944155124,
      "recall": 0.843540359229604
    },
    "macro_by_user_group_mean": {
      "accuracy": 0.6150341666666667,
      "f1": 0.32497659265871726,
      "n": 90890,
      "n_groups": 4621,
      "n_positive": 9089,
      "n_predicted_positive": 41301,
      "n_users": 1000,
      "precision": 0.20990150041407393,
      "recall": 0.8421916666666667
    },
    "micro": {
      "accuracy": 0.6143470128727032,
      "f1": 0.3043857908315142,
      "n": 90890,
      "n_positive": 9089,
      "n_predicted_positive": 41301,
      "precision": 0.18568557662042082,
      "recall": 0.8437671911101331
    }
  }
}
