{
  "candidate_groups": {
    "requested": {
      "groups": 3297,
      "positives_max": 5,
      "positives_mean": 4.936912344555656,
      "positives_min": 1,
      "rows_max": 20,
      "rows_mean": 19.747649378222626,
      "rows_min": 4,
      "sampled_max": 15,
      "sampled_mean": 14.81073703366697,
      "sampled_min": 3
    },
    "scored": {
      "groups": 3297,
      "positives_max": 5,
      "positives_mean": 4.936912344555656,
      "positives_min": 1,
      "rows_max": 20,
      "rows_mean": 19.747649378222626,
      "rows_min": 4,
      "sampled_max": 15,
      "sampled_mean": 14.81073703366697,
      "sampled_min": 3
    }
  },
  "llm_errors": 0,
  "main_metric": "test.macro_by_user_group_mean.ndcg@5",
  "max_candidate_groups": null,
  "max_workers": 128,
  "method": "llm_yes_no_vllm_qwen36_27b_full",
  "protocol": "ranking",
  "ranking_evaluation": {
    "ks": [
      1,
      3,
      5,
      10
    ],
    "tie_policy": "average"
  },
  "requested_rows": 65108,
  "scored_rows": 65108,
  "task": "ml-1m_cold_start_k1_cap20_eval_users1000_cg5_m3_seed2",
  "test": {
    "macro_by_group": {
      "groups_with_score_ties": 3297,
      "groups_with_score_ties_fraction": 1.0,
      "groups_with_size_lte@1": 0,
      "groups_with_size_lte@10": 46,
      "groups_with_size_lte@3": 0,
      "groups_with_size_lte@5": 27,
      "groups_without_positive": 0,
      "hit_rate@1": 0.32898131087394056,
      "hit_rate@10": 0.9787282214150715,
      "hit_rate@3": 0.6512669012633097,
      "hit_rate@5": 0.8141331005478188,
      "n": 65108,
      "n_groups": 3297,
      "n_positive": 16277,
      "ndcg@1": 0.32898131087394056,
      "ndcg@10": 0.46453853189176014,
      "ndcg@3": 0.329780149422583,
      "ndcg@5": 0.3279430430154715,
      "tie_policy": "average"
    },
    "macro_by_user_group_mean": {
      "groups_with_score_ties": 3297,
      "groups_with_score_ties_fraction": 1.0,
      "groups_with_size_lte@1": 0,
      "groups_with_size_lte@10": 46,
      "groups_with_size_lte@3": 0,
      "groups_with_size_lte@5": 27,
      "groups_without_positive": 0,
      "hit_rate@1": 0.3244058148313468,
      "hit_rate@10": 0.9785163941848284,
      "hit_rate@3": 0.6489773846216549,
      "hit_rate@5": 0.8139740682250372,
      "n": 65108,
      "n_groups": 3297,
      "n_positive": 16277,
      "n_users": 705,
      "ndcg@1": 0.3244058148313468,
      "ndcg@10": 0.4666738008860106,
      "ndcg@3": 0.32973490531626004,
      "ndcg@5": 0.33087172170016027,
      "tie_policy": "average"
    }
  }
}
