{
  "mean_recall@1": 0.024765314949900592,
  "mean_ndcg@1": 0.4857615894039735,
  "mean_hit_rate@1": 0.4857615894039735,
  "mean_recall@5": 0.09567605304144215,
  "mean_ndcg@5": 0.4214173692708389,
  "mean_hit_rate@5": 0.8321192052980132,
  "mean_recall@10": 0.15635338804256516,
  "mean_ndcg@10": 0.3900155805739517,
  "mean_hit_rate@10": 0.9142384105960265,
  "n_users": 6040,
  "n_users_scored": 6040,
  "n_users_with_recs": 6040
}
