{
  "candidate_groups": {
    "test": {
      "groups": 3698,
      "positives_max": 6,
      "positives_mean": 5.853704705246079,
      "positives_min": 1,
      "rows_max": 18,
      "rows_mean": 17.56111411573824,
      "rows_min": 3,
      "sampled_max": 12,
      "sampled_mean": 11.707409410492158,
      "sampled_min": 2
    },
    "val": {
      "groups": 2280,
      "positives_max": 6,
      "positives_mean": 5.853070175438597,
      "positives_min": 1,
      "rows_max": 18,
      "rows_mean": 17.55921052631579,
      "rows_min": 3,
      "sampled_max": 12,
      "sampled_mean": 11.706140350877194,
      "sampled_min": 2
    }
  },
  "main_metric": "test.macro_by_user_group_mean.ndcg@5",
  "method": "popularity_ranking",
  "protocol": "ranking",
  "ranking_evaluation": {
    "ks": [
      1,
      3,
      5,
      10
    ],
    "tie_policy": "average"
  },
  "stage_times_seconds": {
    "candidate_group_summary": 0.024,
    "compute_ranking_metrics": 1.824,
    "fit": 0.091,
    "prepare_xy": 0.015,
    "score_test": 0.011,
    "score_val": 0.008,
    "write_predictions": 0.067
  },
  "task": "ml-1m_cold_start_k3_cap20_eval_users1000_cg5_m2_seed1",
  "test": {
    "macro_by_group": {
      "groups_with_score_ties": 1513,
      "groups_with_score_ties_fraction": 0.40914007571660355,
      "groups_with_size_lte@1": 0,
      "groups_with_size_lte@10": 109,
      "groups_with_size_lte@3": 38,
      "groups_with_size_lte@5": 38,
      "groups_without_positive": 0,
      "hit_rate@1": 0.8401838831800974,
      "hit_rate@10": 1.0,
      "hit_rate@3": 0.9850369569136471,
      "hit_rate@5": 0.9972958355868037,
      "n": 64941,
      "n_groups": 3698,
      "n_positive": 21647,
      "ndcg@1": 0.8401838831800974,
      "ndcg@10": 0.8732425247627632,
      "ndcg@3": 0.8190067692142533,
      "ndcg@5": 0.7830042296314472,
      "tie_policy": "average"
    },
    "macro_by_user_group_mean": {
      "groups_with_score_ties": 1513,
      "groups_with_score_ties_fraction": 0.40914007571660355,
      "groups_with_size_lte@1": 0,
      "groups_with_size_lte@10": 109,
      "groups_with_size_lte@3": 38,
      "groups_with_size_lte@5": 38,
      "groups_without_positive": 0,
      "hit_rate@1": 0.8362709832134293,
      "hit_rate@10": 1.0,
      "hit_rate@3": 0.9850919264588328,
      "hit_rate@5": 0.9974420463629097,
      "n": 64941,
      "n_groups": 3698,
      "n_positive": 21647,
      "n_users": 834,
      "ndcg@1": 0.8362709832134293,
      "ndcg@10": 0.8721833802560697,
      "ndcg@3": 0.8131931034622785,
      "ndcg@5": 0.7828604329033092,
      "tie_policy": "average"
    }
  },
  "val": {
    "macro_by_group": {
      "groups_with_score_ties": 939,
      "groups_with_score_ties_fraction": 0.4118421052631579,
      "groups_with_size_lte@1": 0,
      "groups_with_size_lte@10": 69,
      "groups_with_size_lte@3": 24,
      "groups_with_size_lte@5": 24,
      "groups_without_positive": 0,
      "hit_rate@1": 0.8232456140350877,
      "hit_rate@10": 1.0,
      "hit_rate@3": 0.9791666666666666,
      "hit_rate@5": 0.9978070175438597,
      "n": 40035,
      "n_groups": 2280,
      "n_positive": 13345,
      "ndcg@1": 0.8232456140350877,
      "ndcg@10": 0.8676111871977126,
      "ndcg@3": 0.8060860084674356,
      "ndcg@5": 0.7752685345938992,
      "tie_policy": "average"
    },
    "macro_by_user_group_mean": {
      "groups_with_score_ties": 939,
      "groups_with_score_ties_fraction": 0.4118421052631579,
      "groups_with_size_lte@1": 0,
      "groups_with_size_lte@10": 69,
      "groups_with_size_lte@3": 24,
      "groups_with_size_lte@5": 24,
      "groups_without_positive": 0,
      "hit_rate@1": 0.8227302204928664,
      "hit_rate@10": 1.0,
      "hit_rate@3": 0.9771400778210116,
      "hit_rate@5": 0.9959143968871594,
      "n": 40035,
      "n_groups": 2280,
      "n_positive": 13345,
      "n_users": 514,
      "ndcg@1": 0.8227302204928664,
      "ndcg@10": 0.8666197922338446,
      "ndcg@3": 0.8032614550130077,
      "ndcg@5": 0.7757037001881096,
      "tie_policy": "average"
    }
  }
}
