{
  "candidate_groups": {
    "test": {
      "groups": 3251,
      "positives_max": 5,
      "positives_mean": 4.942479237157798,
      "positives_min": 1,
      "rows_max": 20,
      "rows_mean": 19.76991694863119,
      "rows_min": 4,
      "sampled_max": 15,
      "sampled_mean": 14.827437711473392,
      "sampled_min": 3
    },
    "val": {
      "groups": 1980,
      "positives_max": 5,
      "positives_mean": 4.932828282828283,
      "positives_min": 1,
      "rows_max": 20,
      "rows_mean": 19.731313131313133,
      "rows_min": 4,
      "sampled_max": 15,
      "sampled_mean": 14.798484848484849,
      "sampled_min": 3
    }
  },
  "main_metric": "test.macro_by_user_group_mean.ndcg@5",
  "method": "popularity_ranking",
  "protocol": "ranking",
  "ranking_evaluation": {
    "ks": [
      1,
      3,
      5,
      10
    ],
    "tie_policy": "average"
  },
  "stage_times_seconds": {
    "candidate_group_summary": 0.023,
    "compute_ranking_metrics": 1.653,
    "fit": 0.087,
    "prepare_xy": 0.014,
    "score_test": 0.01,
    "score_val": 0.007,
    "write_predictions": 0.066
  },
  "task": "ml-1m_cold_start_k3_cap20_eval_users1000_cg5_m3_seed2",
  "test": {
    "macro_by_group": {
      "groups_with_score_ties": 1843,
      "groups_with_score_ties_fraction": 0.5669024915410643,
      "groups_with_size_lte@1": 0,
      "groups_with_size_lte@10": 27,
      "groups_with_size_lte@3": 0,
      "groups_with_size_lte@5": 16,
      "groups_without_positive": 0,
      "hit_rate@1": 0.7516148877268533,
      "hit_rate@10": 0.9996924023377423,
      "hit_rate@3": 0.9549369424792371,
      "hit_rate@5": 0.9898492771454936,
      "n": 64272,
      "n_groups": 3251,
      "n_positive": 16068,
      "ndcg@1": 0.7516148877268533,
      "ndcg@10": 0.8237579538434032,
      "ndcg@3": 0.7225371693194477,
      "ndcg@5": 0.6786436247330672,
      "tie_policy": "average"
    },
    "macro_by_user_group_mean": {
      "groups_with_score_ties": 1843,
      "groups_with_score_ties_fraction": 0.5669024915410643,
      "groups_with_size_lte@1": 0,
      "groups_with_size_lte@10": 27,
      "groups_with_size_lte@3": 0,
      "groups_with_size_lte@5": 16,
      "groups_without_positive": 0,
      "hit_rate@1": 0.7458815028901734,
      "hit_rate@10": 0.9997109826589595,
      "hit_rate@3": 0.9524084778420038,
      "hit_rate@5": 0.9900289017341041,
      "n": 64272,
      "n_groups": 3251,
      "n_positive": 16068,
      "n_users": 692,
      "ndcg@1": 0.7458815028901734,
      "ndcg@10": 0.8224743025791366,
      "ndcg@3": 0.7184024581008964,
      "ndcg@5": 0.6790996289033411,
      "tie_policy": "average"
    }
  },
  "val": {
    "macro_by_group": {
      "groups_with_score_ties": 1159,
      "groups_with_score_ties_fraction": 0.5853535353535354,
      "groups_with_size_lte@1": 0,
      "groups_with_size_lte@10": 24,
      "groups_with_size_lte@3": 0,
      "groups_with_size_lte@5": 9,
      "groups_without_positive": 0,
      "hit_rate@1": 0.7472222222222222,
      "hit_rate@10": 1.0,
      "hit_rate@3": 0.968939393939394,
      "hit_rate@5": 0.9939393939393939,
      "n": 39068,
      "n_groups": 1980,
      "n_positive": 9767,
      "ndcg@1": 0.7472222222222222,
      "ndcg@10": 0.8303055336424473,
      "ndcg@3": 0.7298416779153528,
      "ndcg@5": 0.6864146098215007,
      "tie_policy": "average"
    },
    "macro_by_user_group_mean": {
      "groups_with_score_ties": 1159,
      "groups_with_score_ties_fraction": 0.5853535353535354,
      "groups_with_size_lte@1": 0,
      "groups_with_size_lte@10": 24,
      "groups_with_size_lte@3": 0,
      "groups_with_size_lte@5": 9,
      "groups_without_positive": 0,
      "hit_rate@1": 0.7404371584699454,
      "hit_rate@10": 1.0,
      "hit_rate@3": 0.9679547228727556,
      "hit_rate@5": 0.9943793911007026,
      "n": 39068,
      "n_groups": 1980,
      "n_positive": 9767,
      "n_users": 427,
      "ndcg@1": 0.7404371584699454,
      "ndcg@10": 0.8274348551933138,
      "ndcg@3": 0.72523406249992,
      "ndcg@5": 0.686827065620634,
      "tie_policy": "average"
    }
  }
}
