{
  "candidate_groups": {
    "requested": {
      "groups": 2867,
      "positives_max": 10,
      "positives_mean": 8.85699337286362,
      "positives_min": 1,
      "rows_max": 20,
      "rows_mean": 17.71398674572724,
      "rows_min": 2,
      "sampled_max": 10,
      "sampled_mean": 8.85699337286362,
      "sampled_min": 1
    },
    "scored": {
      "groups": 2861,
      "positives_max": 10,
      "positives_mean": 8.855295351275778,
      "positives_min": 1,
      "rows_max": 20,
      "rows_mean": 17.710590702551556,
      "rows_min": 2,
      "sampled_max": 10,
      "sampled_mean": 8.855295351275778,
      "sampled_min": 1
    }
  },
  "coverage": {
    "failed_fraction": 0.002284094041665026,
    "failed_rows": 116,
    "requested_rows": 50786,
    "scored_fraction": 0.9977159059583349,
    "scored_rows": 50670
  },
  "llm_errors": 6,
  "main_metric": "test.macro_by_user_group_mean.ndcg@5",
  "max_candidate_groups": null,
  "max_workers": 32,
  "method": "agent4rec_yes_no_vllm_qwen3_8b_taste_gpt4o_mini_full",
  "protocol": "ranking",
  "ranking_evaluation": {
    "ks": [
      1,
      3,
      5,
      10
    ],
    "tie_policy": "average"
  },
  "requested_rows": 50786,
  "scored_rows": 50670,
  "task": "ml-1m_item_stats_cap20_eval_users1000_cg5_m1_seed0",
  "test": {
    "macro_by_group": {
      "groups_with_score_ties": 2830,
      "groups_with_score_ties_fraction": 0.9891646277525341,
      "groups_with_size_lte@1": 0,
      "groups_with_size_lte@10": 362,
      "groups_with_size_lte@3": 70,
      "groups_with_size_lte@5": 125,
      "groups_without_positive": 0,
      "hit_rate@1": 0.7137679253385917,
      "hit_rate@10": 0.9999943437843488,
      "hit_rate@3": 0.9756537238710628,
      "hit_rate@5": 0.9973377715858126,
      "n": 50670,
      "n_groups": 2861,
      "n_positive": 25335,
      "ndcg@1": 0.7137679253385916,
      "ndcg@10": 0.6786896187270955,
      "ndcg@3": 0.7119874428145071,
      "ndcg@5": 0.7031944071405354,
      "tie_policy": "average"
    },
    "macro_by_user_group_mean": {
      "groups_with_score_ties": 2830,
      "groups_with_score_ties_fraction": 0.9891646277525341,
      "groups_with_size_lte@1": 0,
      "groups_with_size_lte@10": 362,
      "groups_with_size_lte@3": 70,
      "groups_with_size_lte@5": 125,
      "groups_without_positive": 0,
      "hit_rate@1": 0.7281138752124782,
      "hit_rate@10": 0.999996673484754,
      "hit_rate@3": 0.9781074250345458,
      "hit_rate@5": 0.9979448705083187,
      "n": 50670,
      "n_groups": 2861,
      "n_positive": 25335,
      "n_users": 1000,
      "ndcg@1": 0.7281138752124782,
      "ndcg@10": 0.7119542752832771,
      "ndcg@3": 0.7238442811092609,
      "ndcg@5": 0.7138432074884458,
      "tie_policy": "average"
    }
  },
  "test_failure_as_zero_group": {
    "macro_by_group": {
      "failed_groups": 6,
      "failed_groups_fraction": 0.0020927799093128706,
      "failure_policy": "failed_group_zero",
      "groups_with_score_ties": 2830,
      "groups_with_score_ties_fraction": 0.9870945238925707,
      "groups_with_size_lte@1": 0,
      "groups_with_size_lte@10": 362,
      "groups_with_size_lte@3": 70,
      "groups_with_size_lte@5": 125,
      "groups_without_positive": 0,
      "hit_rate@1": 0.7122741661645312,
      "hit_rate@10": 0.9979015757122505,
      "hit_rate@3": 0.973611895359299,
      "hit_rate@5": 0.995250563134639,
      "n": 50786,
      "n_groups": 2867,
      "n_positive": 25393,
      "ndcg@1": 0.7122741661645312,
      "ndcg@10": 0.6772692707283643,
      "ndcg@3": 0.7104974097985018,
      "ndcg@5": 0.7017227760129305,
      "scored_groups": 2861,
      "tie_policy": "average"
    },
    "macro_by_user_group_mean": {
      "failed_groups": 6,
      "failed_groups_fraction": 0.0020927799093128706,
      "failure_policy": "failed_group_zero",
      "groups_with_score_ties": 2830,
      "groups_with_score_ties_fraction": 0.9870945238925707,
      "groups_with_size_lte@1": 0,
      "groups_with_size_lte@10": 362,
      "groups_with_size_lte@3": 70,
      "groups_with_size_lte@5": 125,
      "groups_without_positive": 0,
      "hit_rate@1": 0.7269048143659174,
      "hit_rate@10": 0.9984466740260084,
      "hit_rate@3": 0.9765865931252271,
      "hit_rate@5": 0.9963970730958928,
      "n": 50786,
      "n_groups": 2867,
      "n_positive": 25393,
      "n_users": 1000,
      "ndcg@1": 0.7269048143659174,
      "ndcg@10": 0.710820979021589,
      "ndcg@3": 0.7227804702955782,
      "ndcg@5": 0.7126987909349685,
      "scored_groups": 2861,
      "tie_policy": "average"
    }
  }
}
