{
  "candidate_groups": {
    "test": {
      "groups": 17264,
      "positives_max": 2,
      "positives_mean": 1.9698795180722892,
      "positives_min": 1,
      "rows_max": 20,
      "rows_mean": 19.698795180722893,
      "rows_min": 10,
      "sampled_max": 18,
      "sampled_mean": 17.728915662650603,
      "sampled_min": 9
    },
    "val": {
      "groups": 8965,
      "positives_max": 2,
      "positives_mean": 1.939542665923034,
      "positives_min": 1,
      "rows_max": 20,
      "rows_mean": 19.395426659230342,
      "rows_min": 10,
      "sampled_max": 18,
      "sampled_mean": 17.455883993307307,
      "sampled_min": 9
    }
  },
  "main_metric": "test.macro_by_user_group_mean.f1",
  "method": "popularity_f1_threshold",
  "stage_times_seconds": {
    "apply_threshold": 0.001,
    "candidate_group_summary": 0.116,
    "compute_metrics": 0.633,
    "fit": 0.119,
    "prepare_xy": 0.079,
    "score_test": 0.075,
    "score_val": 0.041,
    "select_threshold": 0.192,
    "write_predictions": 0.474
  },
  "task": "ml-1m_interaction_cap20_eval_users1000_m9_seed3",
  "test": {
    "macro_by_group": {
      "accuracy": 0.8702502316960148,
      "f1": 0.436377206294375,
      "n": 340080,
      "n_groups": 17264,
      "n_positive": 34008,
      "n_predicted_positive": 46557,
      "precision": 0.410168535865072,
      "recall": 0.5377085264133457
    },
    "macro_by_user_group_mean": {
      "accuracy": 0.8581386740861954,
      "f1": 0.45081666851389224,
      "n": 340080,
      "n_groups": 17264,
      "n_positive": 34008,
      "n_predicted_positive": 46557,
      "n_users": 1000,
      "precision": 0.3952609752114958,
      "recall": 0.6006762673270608
    },
    "micro": {
      "accuracy": 0.8704922371206775,
      "f1": 0.4533234034630423,
      "n": 340080,
      "n_positive": 34008,
      "n_predicted_positive": 46557,
      "precision": 0.39222888072685097,
      "recall": 0.5369618913196895
    }
  },
  "threshold": 407.0,
  "threshold_metric": "macro_by_user_group_mean_f1",
  "val": {
    "macro_by_group": {
      "accuracy": 0.8707640825432237,
      "f1": 0.43984103645007155,
      "n": 173880,
      "n_groups": 8965,
      "n_positive": 17388,
      "n_predicted_positive": 23958,
      "precision": 0.4102029054789791,
      "recall": 0.5458449525934188
    },
    "macro_by_user_group_mean": {
      "accuracy": 0.8608441411771285,
      "f1": 0.45883385170848334,
      "n": 173880,
      "n_groups": 8965,
      "n_positive": 17388,
      "n_predicted_positive": 23958,
      "n_users": 1000,
      "precision": 0.403318720602305,
      "recall": 0.6113450418588109
    },
    "micro": {
      "accuracy": 0.8711755233494364,
      "f1": 0.4582305422531805,
      "n": 173880,
      "n_positive": 17388,
      "n_predicted_positive": 23958,
      "precision": 0.3954002838300359,
      "recall": 0.5448010121923166
    }
  }
}
