{
  "candidate_groups": {
    "requested": {
      "groups": 2243,
      "positives_max": 10,
      "positives_mean": 7.864913062862238,
      "positives_min": 1,
      "rows_max": 20,
      "rows_mean": 15.729826125724475,
      "rows_min": 2,
      "sampled_max": 10,
      "sampled_mean": 7.864913062862238,
      "sampled_min": 1
    },
    "scored": {
      "groups": 2243,
      "positives_max": 10,
      "positives_mean": 7.864913062862238,
      "positives_min": 1,
      "rows_max": 20,
      "rows_mean": 15.729826125724475,
      "rows_min": 2,
      "sampled_max": 10,
      "sampled_mean": 7.864913062862238,
      "sampled_min": 1
    }
  },
  "llm_errors": 0,
  "main_metric": "test.macro_by_user_group_mean.ndcg@5",
  "max_candidate_groups": null,
  "max_workers": 32,
  "method": "llm_yes_no_vllm_llama33_70b_full",
  "protocol": "ranking",
  "ranking_evaluation": {
    "ks": [
      1,
      3,
      5,
      10
    ],
    "tie_policy": "average"
  },
  "requested_rows": 35282,
  "scored_rows": 35282,
  "task": "steam_interaction_cap20_eval_users1000_m1_seed0",
  "test": {
    "macro_by_group": {
      "groups_with_score_ties": 2180,
      "groups_with_score_ties_fraction": 0.9719126170307624,
      "groups_with_size_lte@1": 0,
      "groups_with_size_lte@10": 556,
      "groups_with_size_lte@3": 90,
      "groups_with_size_lte@5": 177,
      "groups_without_positive": 0,
      "hit_rate@1": 0.6851350055942708,
      "hit_rate@10": 0.9999999927607522,
      "hit_rate@3": 0.9751507441911819,
      "hit_rate@5": 0.9984703753003719,
      "n": 35282,
      "n_groups": 2243,
      "n_positive": 17641,
      "ndcg@1": 0.6851350055942708,
      "ndcg@10": 0.7334746273540421,
      "ndcg@3": 0.694750526988313,
      "ndcg@5": 0.7066796732338252,
      "tie_policy": "average"
    },
    "macro_by_user_group_mean": {
      "groups_with_score_ties": 2180,
      "groups_with_score_ties_fraction": 0.9719126170307624,
      "groups_with_size_lte@1": 0,
      "groups_with_size_lte@10": 556,
      "groups_with_size_lte@3": 90,
      "groups_with_size_lte@5": 177,
      "groups_without_positive": 0,
      "hit_rate@1": 0.7104350419544839,
      "hit_rate@10": 0.9999999932343199,
      "hit_rate@3": 0.9816888260184479,
      "hit_rate@5": 0.9990638523243995,
      "n": 35282,
      "n_groups": 2243,
      "n_positive": 17641,
      "n_users": 1000,
      "ndcg@1": 0.7104350419544839,
      "ndcg@10": 0.7808291152001473,
      "ndcg@3": 0.7188758494940318,
      "ndcg@5": 0.7365052814480141,
      "tie_policy": "average"
    }
  }
}
