{
  "candidate_groups": {
    "requested": {
      "groups": 4629,
      "positives_max": 2,
      "positives_mean": 1.966947504860661,
      "positives_min": 1,
      "rows_max": 20,
      "rows_mean": 19.66947504860661,
      "rows_min": 10,
      "sampled_max": 18,
      "sampled_mean": 17.702527543745948,
      "sampled_min": 9
    },
    "scored": {
      "groups": 4543,
      "positives_max": 2,
      "positives_mean": 1.966321813779441,
      "positives_min": 1,
      "rows_max": 20,
      "rows_mean": 19.66321813779441,
      "rows_min": 10,
      "sampled_max": 18,
      "sampled_mean": 17.69689632401497,
      "sampled_min": 9
    }
  },
  "coverage": {
    "failed_fraction": 0.018890719384953323,
    "failed_rows": 1720,
    "requested_rows": 91050,
    "scored_fraction": 0.9811092806150467,
    "scored_rows": 89330
  },
  "llm_errors": 86,
  "main_metric": "test.macro_by_user_group_mean.ndcg@5",
  "max_candidate_groups": null,
  "max_workers": 32,
  "method": "agent4rec_yes_no_litellm_qwen36_27b_traits_taste_gpt4o_mini_candidate_summary_full",
  "protocol": "ranking",
  "ranking_evaluation": {
    "ks": [
      1,
      3,
      5,
      10
    ],
    "tie_policy": "average"
  },
  "requested_rows": 91050,
  "scored_rows": 89330,
  "task": "ml-1m_item_stats_cap20_eval_users1000_cg5_m9_seed1",
  "test": {
    "macro_by_group": {
      "groups_with_score_ties": 4543,
      "groups_with_score_ties_fraction": 1.0,
      "groups_with_size_lte@1": 0,
      "groups_with_size_lte@10": 153,
      "groups_with_size_lte@3": 0,
      "groups_with_size_lte@5": 0,
      "groups_without_positive": 0,
      "hit_rate@1": 0.22805877795117188,
      "hit_rate@10": 0.8980063957241106,
      "hit_rate@3": 0.5251288086536612,
      "hit_rate@5": 0.6939369265776919,
      "n": 89330,
      "n_groups": 4543,
      "n_positive": 8933,
      "ndcg@1": 0.22805877795117188,
      "ndcg@10": 0.44914573399466545,
      "ndcg@3": 0.2832693454432724,
      "ndcg@5": 0.35801715065411094,
      "tie_policy": "average"
    },
    "macro_by_user_group_mean": {
      "groups_with_score_ties": 4543,
      "groups_with_score_ties_fraction": 1.0,
      "groups_with_size_lte@1": 0,
      "groups_with_size_lte@10": 153,
      "groups_with_size_lte@3": 0,
      "groups_with_size_lte@5": 0,
      "groups_without_positive": 0,
      "hit_rate@1": 0.2304230908761288,
      "hit_rate@10": 0.8982394887297944,
      "hit_rate@3": 0.5273404513788299,
      "hit_rate@5": 0.6946777512477204,
      "n": 89330,
      "n_groups": 4543,
      "n_positive": 8933,
      "n_users": 1000,
      "ndcg@1": 0.2304230908761288,
      "ndcg@10": 0.45095844844434724,
      "ndcg@3": 0.2864768858186303,
      "ndcg@5": 0.3605742803451016,
      "tie_policy": "average"
    }
  },
  "test_failure_as_zero_group": {
    "macro_by_group": {
      "failed_groups": 86,
      "failed_groups_fraction": 0.018578526679628428,
      "failure_policy": "failed_group_zero",
      "groups_with_score_ties": 4543,
      "groups_with_score_ties_fraction": 0.9814214733203716,
      "groups_with_size_lte@1": 0,
      "groups_with_size_lte@10": 153,
      "groups_with_size_lte@3": 0,
      "groups_with_size_lte@5": 0,
      "groups_without_positive": 0,
      "hit_rate@1": 0.22382178186048257,
      "hit_rate@10": 0.8813227599426733,
      "hit_rate@3": 0.5153726890718477,
      "hit_rate@5": 0.681044600873289,
      "n": 91050,
      "n_groups": 4629,
      "n_positive": 9105,
      "ndcg@1": 0.22382178186048257,
      "ndcg@10": 0.44080126799260433,
      "ndcg@3": 0.2780066183514337,
      "ndcg@5": 0.351365719468919,
      "scored_groups": 4543,
      "tie_policy": "average"
    },
    "macro_by_user_group_mean": {
      "failed_groups": 86,
      "failed_groups_fraction": 0.018578526679628428,
      "failure_policy": "failed_group_zero",
      "groups_with_score_ties": 4543,
      "groups_with_score_ties_fraction": 0.9814214733203716,
      "groups_with_size_lte@1": 0,
      "groups_with_size_lte@10": 153,
      "groups_with_size_lte@3": 0,
      "groups_with_size_lte@5": 0,
      "groups_without_positive": 0,
      "hit_rate@1": 0.22626660523758435,
      "hit_rate@10": 0.880887908288392,
      "hit_rate@3": 0.5171804445313889,
      "hit_rate@5": 0.6812146390567636,
      "n": 91050,
      "n_groups": 4629,
      "n_positive": 9105,
      "n_users": 1000,
      "ndcg@1": 0.22626660523758435,
      "ndcg@10": 0.44263513872229904,
      "ndcg@3": 0.28128812050867885,
      "ndcg@5": 0.3540289013948177,
      "scored_groups": 4543,
      "tie_policy": "average"
    }
  }
}
