{
  "candidate_groups": {
    "requested": {
      "groups": 2882,
      "positives_max": 10,
      "positives_mean": 9.683553088133241,
      "positives_min": 1,
      "rows_max": 20,
      "rows_mean": 19.367106176266482,
      "rows_min": 2,
      "sampled_max": 10,
      "sampled_mean": 9.683553088133241,
      "sampled_min": 1
    },
    "scored": {
      "groups": 2873,
      "positives_max": 10,
      "positives_mean": 9.683954054994778,
      "positives_min": 1,
      "rows_max": 20,
      "rows_mean": 19.367908109989557,
      "rows_min": 2,
      "sampled_max": 10,
      "sampled_mean": 9.683954054994778,
      "sampled_min": 1
    }
  },
  "llm_errors": 9,
  "main_metric": "test.macro_by_user_group_mean.ndcg@5",
  "max_candidate_groups": null,
  "max_workers": 128,
  "method": "agent4rec_yes_no_vllm_qwen36_27b_traits_taste_gpt4o_mini_full",
  "protocol": "ranking",
  "ranking_evaluation": {
    "ks": [
      1,
      3,
      5,
      10
    ],
    "tie_policy": "average"
  },
  "requested_rows": 55816,
  "scored_rows": 55644,
  "task": "ml-1m_cold_start_k5_cap20_eval_users1000_cg5_m1_seed1",
  "test": {
    "macro_by_group": {
      "groups_with_score_ties": 2858,
      "groups_with_score_ties_fraction": 0.9947789766794292,
      "groups_with_size_lte@1": 0,
      "groups_with_size_lte@10": 101,
      "groups_with_size_lte@3": 20,
      "groups_with_size_lte@5": 44,
      "groups_without_positive": 0,
      "hit_rate@1": 0.5699918745487934,
      "hit_rate@10": 0.9998634900239625,
      "hit_rate@3": 0.9039956929628868,
      "hit_rate@5": 0.9717364335744035,
      "n": 55644,
      "n_groups": 2873,
      "n_positive": 27822,
      "ndcg@1": 0.5699918745487934,
      "ndcg@10": 0.5809238498863764,
      "ndcg@3": 0.5743669114326069,
      "ndcg@5": 0.5779297341309764,
      "tie_policy": "average"
    },
    "macro_by_user_group_mean": {
      "groups_with_score_ties": 2858,
      "groups_with_score_ties_fraction": 0.9947789766794292,
      "groups_with_size_lte@1": 0,
      "groups_with_size_lte@10": 101,
      "groups_with_size_lte@3": 20,
      "groups_with_size_lte@5": 44,
      "groups_without_positive": 0,
      "hit_rate@1": 0.5720545307225043,
      "hit_rate@10": 0.999872741852231,
      "hit_rate@3": 0.9075591130656113,
      "hit_rate@5": 0.9729031884615161,
      "n": 55644,
      "n_groups": 2873,
      "n_positive": 27822,
      "n_users": 662,
      "ndcg@1": 0.5720545307225043,
      "ndcg@10": 0.5956411090082417,
      "ndcg@3": 0.58033041937867,
      "ndcg@5": 0.58671819556695,
      "tie_policy": "average"
    }
  }
}
