{
  "candidate_groups": {
    "requested": {
      "groups": 3698,
      "positives_max": 6,
      "positives_mean": 5.853704705246079,
      "positives_min": 1,
      "rows_max": 18,
      "rows_mean": 17.56111411573824,
      "rows_min": 3,
      "sampled_max": 12,
      "sampled_mean": 11.707409410492158,
      "sampled_min": 2
    },
    "scored": {
      "groups": 3697,
      "positives_max": 6,
      "positives_mean": 5.8536651338923456,
      "positives_min": 1,
      "rows_max": 18,
      "rows_mean": 17.560995401677037,
      "rows_min": 3,
      "sampled_max": 12,
      "sampled_mean": 11.707330267784691,
      "sampled_min": 2
    }
  },
  "llm_errors": 1,
  "main_metric": "test.macro_by_user_group_mean.f1",
  "max_candidate_groups": null,
  "max_workers": 128,
  "method": "agent4rec_yes_no_vllm_qwen36_27b_traits_taste_gpt4o_mini_full",
  "requested_rows": 64941,
  "scored_rows": 64923,
  "task": "ml-1m_cold_start_k3_cap20_eval_users1000_cg5_m2_seed1",
  "test": {
    "macro_by_group": {
      "accuracy": 0.601409551287831,
      "f1": 0.4354349618181789,
      "n": 64923,
      "n_groups": 3697,
      "n_positive": 21641,
      "n_predicted_positive": 26547,
      "precision": 0.4100787197407668,
      "recall": 0.5154945451266792
    },
    "macro_by_user_group_mean": {
      "accuracy": 0.5995368149924505,
      "f1": 0.43104962942346653,
      "n": 64923,
      "n_groups": 3697,
      "n_positive": 21641,
      "n_predicted_positive": 26547,
      "n_users": 834,
      "precision": 0.4084325039560263,
      "recall": 0.5083936184385824
    },
    "micro": {
      "accuracy": 0.6019592440275403,
      "f1": 0.46372540881547275,
      "n": 64923,
      "n_positive": 21641,
      "n_predicted_positive": 26547,
      "precision": 0.42087618186612424,
      "recall": 0.5162885264082067
    }
  }
}
