{
  "candidate_groups": {
    "requested": {
      "groups": 3698,
      "positives_max": 6,
      "positives_mean": 5.853704705246079,
      "positives_min": 1,
      "rows_max": 18,
      "rows_mean": 17.56111411573824,
      "rows_min": 3,
      "sampled_max": 12,
      "sampled_mean": 11.707409410492158,
      "sampled_min": 2
    },
    "scored": {
      "groups": 3697,
      "positives_max": 6,
      "positives_mean": 5.8536651338923456,
      "positives_min": 1,
      "rows_max": 18,
      "rows_mean": 17.560995401677037,
      "rows_min": 3,
      "sampled_max": 12,
      "sampled_mean": 11.707330267784691,
      "sampled_min": 2
    }
  },
  "llm_errors": 1,
  "main_metric": "test.macro_by_user_group_mean.ndcg@5",
  "max_candidate_groups": null,
  "max_workers": 128,
  "method": "agent4rec_yes_no_vllm_qwen36_27b_traits_taste_gpt4o_mini_full",
  "protocol": "ranking",
  "ranking_evaluation": {
    "ks": [
      1,
      3,
      5,
      10
    ],
    "tie_policy": "average"
  },
  "requested_rows": 64941,
  "scored_rows": 64923,
  "task": "ml-1m_cold_start_k3_cap20_eval_users1000_cg5_m2_seed1",
  "test": {
    "macro_by_group": {
      "groups_with_score_ties": 3697,
      "groups_with_score_ties_fraction": 1.0,
      "groups_with_size_lte@1": 0,
      "groups_with_size_lte@10": 109,
      "groups_with_size_lte@3": 38,
      "groups_with_size_lte@5": 38,
      "groups_without_positive": 0,
      "hit_rate@1": 0.4137754107514963,
      "hit_rate@10": 0.9975520754268229,
      "hit_rate@3": 0.7808514197116243,
      "hit_rate@5": 0.9130524578658202,
      "n": 64923,
      "n_groups": 3697,
      "n_positive": 21641,
      "ndcg@1": 0.4137754107514963,
      "ndcg@10": 0.5492116843135018,
      "ndcg@3": 0.4172802794955408,
      "ndcg@5": 0.41851830797991446,
      "tie_policy": "average"
    },
    "macro_by_user_group_mean": {
      "groups_with_score_ties": 3697,
      "groups_with_score_ties_fraction": 1.0,
      "groups_with_size_lte@1": 0,
      "groups_with_size_lte@10": 109,
      "groups_with_size_lte@3": 38,
      "groups_with_size_lte@5": 38,
      "groups_without_positive": 0,
      "hit_rate@1": 0.41256253326591175,
      "hit_rate@10": 0.9977368256877003,
      "hit_rate@3": 0.7846917554788905,
      "hit_rate@5": 0.9156880211977017,
      "n": 64923,
      "n_groups": 3697,
      "n_positive": 21641,
      "n_users": 834,
      "ndcg@1": 0.41256253326591175,
      "ndcg@10": 0.5556491653253802,
      "ndcg@3": 0.42063664081944535,
      "ndcg@5": 0.4255650971239232,
      "tie_policy": "average"
    }
  }
}
