{
  "candidate_groups": {
    "requested": {
      "groups": 4488,
      "positives_max": 10,
      "positives_mean": 9.699420677361854,
      "positives_min": 1,
      "rows_max": 20,
      "rows_mean": 19.398841354723707,
      "rows_min": 2,
      "sampled_max": 10,
      "sampled_mean": 9.699420677361854,
      "sampled_min": 1
    },
    "scored": {
      "groups": 4481,
      "positives_max": 10,
      "positives_mean": 9.698951126980585,
      "positives_min": 1,
      "rows_max": 20,
      "rows_mean": 19.39790225396117,
      "rows_min": 2,
      "sampled_max": 10,
      "sampled_mean": 9.698951126980585,
      "sampled_min": 1
    }
  },
  "llm_errors": 7,
  "main_metric": "test.macro_by_user_group_mean.ndcg@5",
  "max_candidate_groups": null,
  "max_workers": 128,
  "method": "agent4rec_yes_no_vllm_qwen36_27b_traits_taste_gpt4o_mini_full",
  "protocol": "ranking",
  "ranking_evaluation": {
    "ks": [
      1,
      3,
      5,
      10
    ],
    "tie_policy": "average"
  },
  "requested_rows": 87062,
  "scored_rows": 86922,
  "task": "ml-1m_cold_start_k5_cap20_eval_users1000_cg5_m1_seed0",
  "test": {
    "macro_by_group": {
      "groups_with_score_ties": 4468,
      "groups_with_score_ties_fraction": 0.9970988618611917,
      "groups_with_size_lte@1": 0,
      "groups_with_size_lte@10": 149,
      "groups_with_size_lte@3": 22,
      "groups_with_size_lte@5": 46,
      "groups_without_positive": 0,
      "hit_rate@1": 0.5906031810742308,
      "hit_rate@10": 0.9999296210514476,
      "hit_rate@3": 0.9199723000639218,
      "hit_rate@5": 0.9795800397864461,
      "n": 86922,
      "n_groups": 4481,
      "n_positive": 43461,
      "ndcg@1": 0.5906031810742308,
      "ndcg@10": 0.5963743084289487,
      "ndcg@3": 0.5929253240347603,
      "ndcg@5": 0.5951988337584642,
      "tie_policy": "average"
    },
    "macro_by_user_group_mean": {
      "groups_with_score_ties": 4468,
      "groups_with_score_ties_fraction": 0.9970988618611917,
      "groups_with_size_lte@1": 0,
      "groups_with_size_lte@10": 149,
      "groups_with_size_lte@3": 22,
      "groups_with_size_lte@5": 46,
      "groups_without_positive": 0,
      "hit_rate@1": 0.5898132787399506,
      "hit_rate@10": 0.9999367083388174,
      "hit_rate@3": 0.9206352197661873,
      "hit_rate@5": 0.9798867564617758,
      "n": 86922,
      "n_groups": 4481,
      "n_positive": 43461,
      "n_users": 1000,
      "ndcg@1": 0.5898132787399506,
      "ndcg@10": 0.5997221284453227,
      "ndcg@3": 0.5923288999178757,
      "ndcg@5": 0.5948771642840154,
      "tie_policy": "average"
    }
  }
}
