{
  "candidate_groups": {
    "requested": {
      "groups": 3043,
      "positives_max": 6,
      "positives_mean": 5.911271771278344,
      "positives_min": 1,
      "rows_max": 18,
      "rows_mean": 17.73381531383503,
      "rows_min": 3,
      "sampled_max": 12,
      "sampled_mean": 11.822543542556687,
      "sampled_min": 2
    },
    "scored": {
      "groups": 3043,
      "positives_max": 6,
      "positives_mean": 5.911271771278344,
      "positives_min": 1,
      "rows_max": 18,
      "rows_mean": 17.73381531383503,
      "rows_min": 3,
      "sampled_max": 12,
      "sampled_mean": 11.822543542556687,
      "sampled_min": 2
    }
  },
  "llm_errors": 0,
  "main_metric": "test.macro_by_user_group_mean.f1",
  "max_candidate_groups": null,
  "max_workers": 128,
  "method": "llm_yes_no_vllm_qwen36_27b_full",
  "requested_rows": 53964,
  "scored_rows": 53964,
  "task": "ml-1m_cold_start_k1_cap20_eval_users1000_cg5_m2_seed2",
  "test": {
    "macro_by_group": {
      "accuracy": 0.6469291999853946,
      "f1": 0.337356930301861,
      "n": 53964,
      "n_groups": 3043,
      "n_positive": 17988,
      "n_predicted_positive": 13539,
      "precision": 0.3780709003268977,
      "recall": 0.3470040530178552
    },
    "macro_by_user_group_mean": {
      "accuracy": 0.6441383823032759,
      "f1": 0.3352780663197114,
      "n": 53964,
      "n_groups": 3043,
      "n_positive": 17988,
      "n_predicted_positive": 13539,
      "n_users": 658,
      "precision": 0.37535816584068865,
      "recall": 0.3448779972982101
    },
    "micro": {
      "accuracy": 0.6468942257801498,
      "f1": 0.3955974244298538,
      "n": 53964,
      "n_positive": 17988,
      "n_predicted_positive": 13539,
      "precision": 0.460595317231701,
      "recall": 0.3466755614854347
    }
  }
}
