{
  "candidate_groups": {
    "requested": {
      "groups": 4988,
      "positives_max": 1,
      "positives_mean": 1.0,
      "positives_min": 1,
      "rows_max": 20,
      "rows_mean": 20.0,
      "rows_min": 20,
      "sampled_max": 19,
      "sampled_mean": 19.0,
      "sampled_min": 19
    },
    "scored": {
      "groups": 3087,
      "positives_max": 1,
      "positives_mean": 1.0,
      "positives_min": 1,
      "rows_max": 20,
      "rows_mean": 20.0,
      "rows_min": 20,
      "sampled_max": 19,
      "sampled_mean": 19.0,
      "sampled_min": 19
    }
  },
  "coverage": {
    "failed_fraction": 0.3811146752205293,
    "failed_rows": 38020,
    "requested_rows": 99760,
    "scored_fraction": 0.6188853247794708,
    "scored_rows": 61740
  },
  "llm_errors": 1901,
  "main_metric": "test.macro_by_user_group_mean.f1",
  "max_candidate_groups": null,
  "max_workers": 8,
  "method": "agent4rec_yes_no_vllm_qwen36_27b_traits_full",
  "requested_rows": 99760,
  "scored_rows": 61740,
  "task": "ml-1m_item_stats_cap20_eval_users1000_cg5_m19_seed1",
  "test": {
    "macro_by_group": {
      "accuracy": 0.8020246193715581,
      "f1": 0.04484612955339592,
      "n": 61740,
      "n_groups": 3087,
      "n_positive": 3087,
      "n_predicted_positive": 10250,
      "precision": 0.02895639916467044,
      "recall": 0.18043407839326206
    },
    "macro_by_user_group_mean": {
      "accuracy": 0.7912275985663082,
      "f1": 0.04571332096026779,
      "n": 61740,
      "n_groups": 3087,
      "n_positive": 3087,
      "n_predicted_positive": 10250,
      "n_users": 651,
      "precision": 0.029295034102240092,
      "recall": 0.19316436251920122
    },
    "micro": {
      "accuracy": 0.8020246193715581,
      "f1": 0.08352703006673165,
      "n": 61740,
      "n_positive": 3087,
      "n_predicted_positive": 10250,
      "precision": 0.054341463414634146,
      "recall": 0.18043407839326206
    }
  },
  "test_failure_as_negative": {
    "macro_by_group": {
      "accuracy": 0.858420208500401,
      "f1": 0.027754611453755653,
      "n": 99760,
      "n_groups": 4988,
      "n_positive": 4988,
      "n_predicted_positive": 10250,
      "precision": 0.017920690501471062,
      "recall": 0.11166800320769847
    },
    "macro_by_user_group_mean": {
      "accuracy": 0.8586274999999999,
      "f1": 0.027688000386266644,
      "n": 99760,
      "n_groups": 4988,
      "n_positive": 4988,
      "n_predicted_positive": 10250,
      "n_users": 1000,
      "precision": 0.01787768084426753,
      "recall": 0.1114
    },
    "micro": {
      "accuracy": 0.858420208500401,
      "f1": 0.07310670691691823,
      "n": 99760,
      "n_positive": 4988,
      "n_predicted_positive": 10250,
      "precision": 0.054341463414634146,
      "recall": 0.11166800320769847
    }
  }
}
