{
  "candidate_groups": {
    "requested": {
      "groups": 34520,
      "positives_max": 1,
      "positives_mean": 1.0,
      "positives_min": 1,
      "rows_max": 20,
      "rows_mean": 20.0,
      "rows_min": 20,
      "sampled_max": 19,
      "sampled_mean": 19.0,
      "sampled_min": 19
    },
    "scored": {
      "groups": 34519,
      "positives_max": 1,
      "positives_mean": 1.0,
      "positives_min": 1,
      "rows_max": 20,
      "rows_mean": 20.0,
      "rows_min": 20,
      "sampled_max": 19,
      "sampled_mean": 19.0,
      "sampled_min": 19
    }
  },
  "llm_errors": 1,
  "main_metric": "test.macro_by_user_group_mean.f1",
  "max_candidate_groups": null,
  "max_workers": 32,
  "method": "llm_yes_no_vllm_llama33_70b_with_item_stats_full",
  "requested_rows": 690400,
  "scored_rows": 690380,
  "task": "ml-1m_interaction_item_stats_cap20_eval_users1000_m19_seed0",
  "test": {
    "macro_by_group": {
      "accuracy": 0.5681334917002231,
      "f1": 0.17354809680716793,
      "n": 690380,
      "n_groups": 34519,
      "n_positive": 34519,
      "n_predicted_positive": 320189,
      "precision": 0.09989229245112195,
      "recall": 0.8192010197282656
    },
    "macro_by_user_group_mean": {
      "accuracy": 0.595709221354805,
      "f1": 0.19405594351390276,
      "n": 690380,
      "n_groups": 34519,
      "n_positive": 34519,
      "n_predicted_positive": 320189,
      "n_users": 1000,
      "precision": 0.11425571058952835,
      "recall": 0.8471833835265853
    },
    "micro": {
      "accuracy": 0.5681334917002231,
      "f1": 0.15944382421597483,
      "n": 690380,
      "n_positive": 34519,
      "n_predicted_positive": 320189,
      "precision": 0.08831658801520352,
      "recall": 0.8192010197282656
    }
  }
}
