{
  "candidate_groups": {
    "test": {
      "groups": 4918,
      "positives_max": 6,
      "positives_mean": 5.931476209841399,
      "positives_min": 1,
      "rows_max": 18,
      "rows_mean": 17.794428629524198,
      "rows_min": 3,
      "sampled_max": 12,
      "sampled_mean": 11.862952419682799,
      "sampled_min": 2
    },
    "val": {
      "groups": 2966,
      "positives_max": 6,
      "positives_mean": 5.91975724881996,
      "positives_min": 1,
      "rows_max": 18,
      "rows_mean": 17.759271746459877,
      "rows_min": 3,
      "sampled_max": 12,
      "sampled_mean": 11.83951449763992,
      "sampled_min": 2
    }
  },
  "main_metric": "test.macro_by_user_group_mean.f1",
  "method": "item_knn_cold_start",
  "stage_times_seconds": {
    "apply_threshold": 0.0,
    "candidate_group_summary": 0.027,
    "compute_metrics": 0.196,
    "fit": 0.613,
    "prepare_xy": 0.017,
    "score_test": 0.326,
    "score_val": 0.198,
    "select_threshold": 0.114,
    "write_predictions": 0.088
  },
  "task": "ml-1m_cold_start_k1_cap20_eval_users1000_cg5_m2_seed0",
  "test": {
    "macro_by_group": {
      "accuracy": 0.33333333333333337,
      "f1": 0.5,
      "n": 87513,
      "n_groups": 4918,
      "n_positive": 29171,
      "n_predicted_positive": 87513,
      "precision": 0.33333333333333337,
      "recall": 1.0
    },
    "macro_by_user_group_mean": {
      "accuracy": 0.33333333333333326,
      "f1": 0.5,
      "n": 87513,
      "n_groups": 4918,
      "n_positive": 29171,
      "n_predicted_positive": 87513,
      "n_users": 1000,
      "precision": 0.33333333333333326,
      "recall": 1.0
    },
    "micro": {
      "accuracy": 0.3333333333333333,
      "f1": 0.5,
      "n": 87513,
      "n_positive": 29171,
      "n_predicted_positive": 87513,
      "precision": 0.3333333333333333,
      "recall": 1.0
    }
  },
  "threshold": 0.0,
  "threshold_metric": "macro_by_user_group_mean_f1",
  "val": {
    "macro_by_group": {
      "accuracy": 0.33333333333333337,
      "f1": 0.5,
      "n": 52674,
      "n_groups": 2966,
      "n_positive": 17558,
      "n_predicted_positive": 52674,
      "precision": 0.33333333333333337,
      "recall": 1.0
    },
    "macro_by_user_group_mean": {
      "accuracy": 0.33333333333333337,
      "f1": 0.5,
      "n": 52674,
      "n_groups": 2966,
      "n_positive": 17558,
      "n_predicted_positive": 52674,
      "n_users": 604,
      "precision": 0.33333333333333337,
      "recall": 1.0
    },
    "micro": {
      "accuracy": 0.3333333333333333,
      "f1": 0.5,
      "n": 52674,
      "n_positive": 17558,
      "n_predicted_positive": 52674,
      "precision": 0.3333333333333333,
      "recall": 1.0
    }
  }
}
