{
  "candidate_groups": {
    "test": {
      "groups": 2177,
      "positives_max": 10,
      "positives_mean": 9.717960496095545,
      "positives_min": 1,
      "rows_max": 20,
      "rows_mean": 19.43592099219109,
      "rows_min": 2,
      "sampled_max": 10,
      "sampled_mean": 9.717960496095545,
      "sampled_min": 1
    },
    "val": {
      "groups": 1254,
      "positives_max": 10,
      "positives_mean": 9.68341307814992,
      "positives_min": 1,
      "rows_max": 20,
      "rows_mean": 19.36682615629984,
      "rows_min": 2,
      "sampled_max": 10,
      "sampled_mean": 9.68341307814992,
      "sampled_min": 1
    }
  },
  "main_metric": "test.macro_by_user_group_mean.ndcg@5",
  "method": "item_knn_cold_start_ranking",
  "protocol": "ranking",
  "ranking_evaluation": {
    "ks": [
      1,
      3,
      5,
      10
    ],
    "tie_policy": "average"
  },
  "stage_times_seconds": {
    "candidate_group_summary": 0.019,
    "compute_ranking_metrics": 0.788,
    "fit": 0.608,
    "prepare_xy": 0.012,
    "score_test": 0.212,
    "score_val": 0.095,
    "write_predictions": 0.046
  },
  "task": "ml-1m_cold_start_k3_cap20_eval_users1000_cg5_m1_seed2",
  "test": {
    "macro_by_group": {
      "groups_with_score_ties": 2176,
      "groups_with_score_ties_fraction": 0.9995406522737712,
      "groups_with_size_lte@1": 0,
      "groups_with_size_lte@10": 67,
      "groups_with_size_lte@3": 14,
      "groups_with_size_lte@5": 31,
      "groups_without_positive": 0,
      "hit_rate@1": 0.6766192007349564,
      "hit_rate@10": 0.9999968082205545,
      "hit_rate@3": 0.9355469671170972,
      "hit_rate@5": 0.9902022473843554,
      "n": 42312,
      "n_groups": 2177,
      "n_positive": 21156,
      "ndcg@1": 0.6766192007349564,
      "ndcg@10": 0.5573132638534886,
      "ndcg@3": 0.6149518731047638,
      "ndcg@5": 0.5846928927873192,
      "tie_policy": "average"
    },
    "macro_by_user_group_mean": {
      "groups_with_score_ties": 2176,
      "groups_with_score_ties_fraction": 0.9995406522737712,
      "groups_with_size_lte@1": 0,
      "groups_with_size_lte@10": 67,
      "groups_with_size_lte@3": 14,
      "groups_with_size_lte@5": 31,
      "groups_without_positive": 0,
      "hit_rate@1": 0.6747448979591837,
      "hit_rate@10": 0.9999970085977383,
      "hit_rate@3": 0.9369406169844188,
      "hit_rate@5": 0.9905757232115671,
      "n": 42312,
      "n_groups": 2177,
      "n_positive": 21156,
      "n_users": 490,
      "ndcg@1": 0.6747448979591837,
      "ndcg@10": 0.5696360036473463,
      "ndcg@3": 0.6162378956335001,
      "ndcg@5": 0.5891062476892337,
      "tie_policy": "average"
    }
  },
  "val": {
    "macro_by_group": {
      "groups_with_score_ties": 1254,
      "groups_with_score_ties_fraction": 1.0,
      "groups_with_size_lte@1": 0,
      "groups_with_size_lte@10": 46,
      "groups_with_size_lte@3": 7,
      "groups_with_size_lte@5": 14,
      "groups_without_positive": 0,
      "hit_rate@1": 0.6674641148325359,
      "hit_rate@10": 0.9999967105582076,
      "hit_rate@3": 0.9325051536844388,
      "hit_rate@5": 0.9898685010562297,
      "n": 24286,
      "n_groups": 1254,
      "n_positive": 12143,
      "ndcg@1": 0.6674641148325359,
      "ndcg@10": 0.5553849314450003,
      "ndcg@3": 0.6073441574511793,
      "ndcg@5": 0.5800534150375943,
      "tie_policy": "average"
    },
    "macro_by_user_group_mean": {
      "groups_with_score_ties": 1254,
      "groups_with_score_ties_fraction": 1.0,
      "groups_with_size_lte@1": 0,
      "groups_with_size_lte@10": 46,
      "groups_with_size_lte@3": 7,
      "groups_with_size_lte@5": 14,
      "groups_without_positive": 0,
      "hit_rate@1": 0.6596643518518519,
      "hit_rate@10": 0.9999969086688643,
      "hit_rate@3": 0.9329159982186622,
      "hit_rate@5": 0.9901793799889992,
      "n": 24286,
      "n_groups": 1254,
      "n_positive": 12143,
      "n_users": 288,
      "ndcg@1": 0.6596643518518519,
      "ndcg@10": 0.5660304557052048,
      "ndcg@3": 0.6043548835395021,
      "ndcg@5": 0.5821192167638566,
      "tie_policy": "average"
    }
  }
}
