{
  "candidate_groups": {
    "requested": {
      "groups": 3887,
      "positives_max": 10,
      "positives_mean": 8.88088500128634,
      "positives_min": 1,
      "rows_max": 20,
      "rows_mean": 17.76177000257268,
      "rows_min": 2,
      "sampled_max": 10,
      "sampled_mean": 8.88088500128634,
      "sampled_min": 1
    },
    "scored": {
      "groups": 3887,
      "positives_max": 10,
      "positives_mean": 8.88088500128634,
      "positives_min": 1,
      "rows_max": 20,
      "rows_mean": 17.76177000257268,
      "rows_min": 2,
      "sampled_max": 10,
      "sampled_mean": 8.88088500128634,
      "sampled_min": 1
    }
  },
  "llm_errors": 0,
  "main_metric": "test.macro_by_user_group_mean.f1",
  "max_candidate_groups": null,
  "max_workers": 64,
  "method": "llm_yes_no_vllm_llama33_70b_full",
  "requested_rows": 69040,
  "scored_rows": 69040,
  "task": "ml-1m_interaction_cap20_eval_users1000_m1_seed0",
  "test": {
    "macro_by_group": {
      "accuracy": 0.6254605298083559,
      "f1": 0.6784595445112072,
      "n": 69040,
      "n_groups": 3887,
      "n_positive": 34520,
      "n_predicted_positive": 46597,
      "precision": 0.6060145453524273,
      "recall": 0.7985610357683937
    },
    "macro_by_user_group_mean": {
      "accuracy": 0.6554475869821922,
      "f1": 0.7023081745911227,
      "n": 69040,
      "n_groups": 3887,
      "n_positive": 34520,
      "n_predicted_positive": 46597,
      "n_users": 1000,
      "precision": 0.6331703753154315,
      "recall": 0.8168376698043737
    },
    "micro": {
      "accuracy": 0.6215961761297798,
      "f1": 0.6779343417532699,
      "n": 69040,
      "n_positive": 34520,
      "n_predicted_positive": 46597,
      "precision": 0.5900809064961263,
      "recall": 0.7965237543453071
    }
  }
}
