{
  "candidate_groups": {
    "requested": {
      "groups": 3887,
      "positives_max": 10,
      "positives_mean": 8.88088500128634,
      "positives_min": 1,
      "rows_max": 20,
      "rows_mean": 17.76177000257268,
      "rows_min": 2,
      "sampled_max": 10,
      "sampled_mean": 8.88088500128634,
      "sampled_min": 1
    },
    "scored": {
      "groups": 3887,
      "positives_max": 10,
      "positives_mean": 8.88088500128634,
      "positives_min": 1,
      "rows_max": 20,
      "rows_mean": 17.76177000257268,
      "rows_min": 2,
      "sampled_max": 10,
      "sampled_mean": 8.88088500128634,
      "sampled_min": 1
    }
  },
  "llm_errors": 0,
  "main_metric": "test.macro_by_user_group_mean.ndcg@5",
  "max_candidate_groups": null,
  "max_workers": 64,
  "method": "llm_yes_no_vllm_llama33_70b_full",
  "protocol": "ranking",
  "ranking_evaluation": {
    "ks": [
      1,
      3,
      5,
      10
    ],
    "tie_policy": "average"
  },
  "requested_rows": 69040,
  "scored_rows": 69040,
  "task": "ml-1m_interaction_cap20_eval_users1000_m1_seed0",
  "test": {
    "macro_by_group": {
      "groups_with_score_ties": 3838,
      "groups_with_score_ties_fraction": 0.987393877025984,
      "groups_with_size_lte@1": 0,
      "groups_with_size_lte@10": 481,
      "groups_with_size_lte@3": 99,
      "groups_with_size_lte@5": 183,
      "groups_without_positive": 0,
      "hit_rate@1": 0.6076867861551029,
      "hit_rate@10": 0.9999996822950369,
      "hit_rate@3": 0.9483507302375727,
      "hit_rate@5": 0.9946258786549933,
      "n": 69040,
      "n_groups": 3887,
      "n_positive": 34520,
      "ndcg@1": 0.6076867861551029,
      "ndcg@10": 0.6395842842122156,
      "ndcg@3": 0.6154880370296939,
      "ndcg@5": 0.6211917871566499,
      "tie_policy": "average"
    },
    "macro_by_user_group_mean": {
      "groups_with_score_ties": 3838,
      "groups_with_score_ties_fraction": 0.987393877025984,
      "groups_with_size_lte@1": 0,
      "groups_with_size_lte@10": 481,
      "groups_with_size_lte@3": 99,
      "groups_with_size_lte@5": 183,
      "groups_without_positive": 0,
      "hit_rate@1": 0.6351570816646379,
      "hit_rate@10": 0.9999997557666768,
      "hit_rate@3": 0.9583781892028731,
      "hit_rate@5": 0.9964766233343726,
      "n": 69040,
      "n_groups": 3887,
      "n_positive": 34520,
      "n_users": 1000,
      "ndcg@1": 0.6351570816646379,
      "ndcg@10": 0.6942131995093105,
      "ndcg@3": 0.6439052946934164,
      "ndcg@5": 0.6515459705060986,
      "tie_policy": "average"
    }
  }
}
