{
  "candidate_groups": {
    "test": {
      "groups": 7277,
      "positives_max": 5,
      "positives_mean": 4.728184691493747,
      "positives_min": 1,
      "rows_max": 20,
      "rows_mean": 18.91273876597499,
      "rows_min": 4,
      "sampled_max": 15,
      "sampled_mean": 14.184554074481243,
      "sampled_min": 3
    },
    "val": {
      "groups": 3906,
      "positives_max": 5,
      "positives_mean": 4.4966717869943675,
      "positives_min": 1,
      "rows_max": 20,
      "rows_mean": 17.98668714797747,
      "rows_min": 4,
      "sampled_max": 15,
      "sampled_mean": 13.490015360983103,
      "sampled_min": 3
    }
  },
  "main_metric": "test.macro_by_user_group_mean.ndcg@5",
  "method": "popularity_ranking",
  "protocol": "ranking",
  "ranking_evaluation": {
    "ks": [
      1,
      3,
      5,
      10
    ],
    "tie_policy": "average"
  },
  "stage_times_seconds": {
    "candidate_group_summary": 0.046,
    "compute_ranking_metrics": 4.753,
    "fit": 0.111,
    "prepare_xy": 0.047,
    "score_test": 0.027,
    "score_val": 0.016,
    "write_predictions": 0.22
  },
  "task": "ml-1m_interaction_cap20_eval_users1000_m3_seed4",
  "test": {
    "macro_by_group": {
      "groups_with_score_ties": 4207,
      "groups_with_score_ties_fraction": 0.5781228528239659,
      "groups_with_size_lte@1": 0,
      "groups_with_size_lte@10": 414,
      "groups_with_size_lte@3": 0,
      "groups_with_size_lte@5": 233,
      "groups_without_positive": 0,
      "hit_rate@1": 0.8003298062388347,
      "hit_rate@10": 0.9998625807338188,
      "hit_rate@3": 0.9817232375979112,
      "hit_rate@5": 0.9976638724749209,
      "n": 137628,
      "n_groups": 7277,
      "n_positive": 34407,
      "ndcg@1": 0.8003298062388347,
      "ndcg@10": 0.8260664185459972,
      "ndcg@3": 0.7414266478663385,
      "ndcg@5": 0.6890177156898502,
      "tie_policy": "average"
    },
    "macro_by_user_group_mean": {
      "groups_with_score_ties": 4207,
      "groups_with_score_ties_fraction": 0.5781228528239659,
      "groups_with_size_lte@1": 0,
      "groups_with_size_lte@10": 414,
      "groups_with_size_lte@3": 0,
      "groups_with_size_lte@5": 233,
      "groups_without_positive": 0,
      "hit_rate@1": 0.802304665303632,
      "hit_rate@10": 0.9999892473118279,
      "hit_rate@3": 0.981996351515618,
      "hit_rate@5": 0.9979754125096915,
      "n": 137628,
      "n_groups": 7277,
      "n_positive": 34407,
      "n_users": 1000,
      "ndcg@1": 0.802304665303632,
      "ndcg@10": 0.8354476670344,
      "ndcg@3": 0.7482188226071405,
      "ndcg@5": 0.7081631274741758,
      "tie_policy": "average"
    }
  },
  "val": {
    "macro_by_group": {
      "groups_with_score_ties": 2034,
      "groups_with_score_ties_fraction": 0.5207373271889401,
      "groups_with_size_lte@1": 0,
      "groups_with_size_lte@10": 336,
      "groups_with_size_lte@3": 0,
      "groups_with_size_lte@5": 194,
      "groups_without_positive": 0,
      "hit_rate@1": 0.807347670250896,
      "hit_rate@10": 1.0,
      "hit_rate@3": 0.9837429595494112,
      "hit_rate@5": 0.9970558115719406,
      "n": 70256,
      "n_groups": 3906,
      "n_positive": 17564,
      "ndcg@1": 0.807347670250896,
      "ndcg@10": 0.8354675616421104,
      "ndcg@3": 0.7456211797626039,
      "ndcg@5": 0.7058465436054974,
      "tie_policy": "average"
    },
    "macro_by_user_group_mean": {
      "groups_with_score_ties": 2034,
      "groups_with_score_ties_fraction": 0.5207373271889401,
      "groups_with_size_lte@1": 0,
      "groups_with_size_lte@10": 336,
      "groups_with_size_lte@3": 0,
      "groups_with_size_lte@5": 194,
      "groups_without_positive": 0,
      "hit_rate@1": 0.8011358597615561,
      "hit_rate@10": 1.0,
      "hit_rate@3": 0.985224642457682,
      "hit_rate@5": 0.998356277056277,
      "n": 70256,
      "n_groups": 3906,
      "n_positive": 17564,
      "n_users": 1000,
      "ndcg@1": 0.8011358597615561,
      "ndcg@10": 0.8444904868996084,
      "ndcg@3": 0.7434140124458312,
      "ndcg@5": 0.7280704727538759,
      "tie_policy": "average"
    }
  }
}
