{
  "candidate_groups": {
    "test": {
      "groups": 5877,
      "positives_max": 6,
      "positives_mean": 5.570529181555215,
      "positives_min": 1,
      "rows_max": 18,
      "rows_mean": 16.711587544665647,
      "rows_min": 3,
      "sampled_max": 12,
      "sampled_mean": 11.14105836311043,
      "sampled_min": 2
    },
    "val": {
      "groups": 3195,
      "positives_max": 6,
      "positives_mean": 5.236619718309859,
      "positives_min": 1,
      "rows_max": 18,
      "rows_mean": 15.709859154929578,
      "rows_min": 3,
      "sampled_max": 12,
      "sampled_mean": 10.473239436619718,
      "sampled_min": 2
    }
  },
  "main_metric": "test.macro_by_user_group_mean.f1",
  "method": "popularity_f1_threshold",
  "stage_times_seconds": {
    "apply_threshold": 0.0,
    "candidate_group_summary": 0.039,
    "compute_metrics": 0.184,
    "fit": 0.118,
    "prepare_xy": 0.043,
    "score_test": 0.022,
    "score_val": 0.013,
    "select_threshold": 0.083,
    "write_predictions": 0.189
  },
  "task": "ml-1m_interaction_cap20_eval_users1000_m2_seed2",
  "test": {
    "macro_by_group": {
      "accuracy": 0.7618579018017507,
      "f1": 0.687625492662695,
      "n": 98214,
      "n_groups": 5877,
      "n_positive": 32738,
      "n_predicted_positive": 42368,
      "precision": 0.6285127427164181,
      "recall": 0.793451874539164
    },
    "macro_by_user_group_mean": {
      "accuracy": 0.7594032704465883,
      "f1": 0.6986037097720973,
      "n": 98214,
      "n_groups": 5877,
      "n_positive": 32738,
      "n_predicted_positive": 42368,
      "n_users": 1000,
      "precision": 0.6200813570989453,
      "recall": 0.8338470596187872
    },
    "micro": {
      "accuracy": 0.7614189423096503,
      "f1": 0.6880142731605997,
      "n": 98214,
      "n_positive": 32738,
      "n_predicted_positive": 42368,
      "precision": 0.6098234516616314,
      "recall": 0.7892052049605962
    }
  },
  "threshold": 183.0,
  "threshold_metric": "macro_by_user_group_mean_f1",
  "val": {
    "macro_by_group": {
      "accuracy": 0.7585567727351765,
      "f1": 0.6850091345868173,
      "n": 50193,
      "n_groups": 3195,
      "n_positive": 16731,
      "n_predicted_positive": 21835,
      "precision": 0.6238254807268891,
      "recall": 0.7962389149713094
    },
    "macro_by_user_group_mean": {
      "accuracy": 0.7518470869738783,
      "f1": 0.6903903781448725,
      "n": 50193,
      "n_groups": 3195,
      "n_positive": 16731,
      "n_predicted_positive": 21835,
      "n_users": 1000,
      "precision": 0.6132684863049652,
      "recall": 0.827718258124489
    },
    "micro": {
      "accuracy": 0.7592891439045285,
      "f1": 0.6867188715448841,
      "n": 50193,
      "n_positive": 16731,
      "n_predicted_positive": 21835,
      "precision": 0.6064575223265399,
      "recall": 0.7914649453110991
    }
  }
}
