dataset,negative_ratio,seeds,popularity_f1_mean,popularity_f1_sample_sd,qwen_strict_f1_mean,qwen_strict_f1_sample_sd,qwen_failure_as_negative_f1_mean,qwen_failure_as_negative_f1_sample_sd,qwen_coverage_mean,qwen_coverage_min,qwen_error_groups,qwen_failed_rows,qwen_requested_rows
ml-1m,1,3,0.679413,0.006154,0.280401,0.006476,0.280401,0.006476,1.000000,1.000000,0,0,65798
ml-1m,2,3,0.538276,0.002573,0.230501,0.009995,0.230501,0.009995,1.000000,1.000000,0,0,64317
ml-1m,3,3,0.453241,0.004473,0.181705,0.006319,0.181705,0.006319,1.000000,1.000000,0,0,60756
ml-1m,9,3,0.255308,0.002677,0.093269,0.001556,0.093269,0.001556,1.000000,1.000000,0,0,61540
steam,1,3,0.718855,0.007037,0.071653,0.003103,0.069092,0.003275,0.960633,0.959993,160,1362,34592
steam,2,3,0.594629,0.010659,0.066495,0.000998,0.063693,0.000323,0.940150,0.938925,304,2541,42453
steam,3,3,0.520832,0.005326,0.046738,0.004430,0.045341,0.005098,0.954214,0.949531,276,2144,46800
steam,9,3,0.320582,0.008425,0.023964,0.000276,0.022846,0.000349,0.959170,0.953820,215,2150,52690
