{
  "candidate_groups": {
    "test": {
      "groups": 3930,
      "positives_max": 5,
      "positives_mean": 4.488804071246819,
      "positives_min": 1,
      "rows_max": 20,
      "rows_mean": 17.955216284987277,
      "rows_min": 4,
      "sampled_max": 15,
      "sampled_mean": 13.466412213740458,
      "sampled_min": 3
    },
    "val": {
      "groups": 2258,
      "positives_max": 5,
      "positives_mean": 4.067316209034544,
      "positives_min": 1,
      "rows_max": 20,
      "rows_mean": 16.269264836138177,
      "rows_min": 4,
      "sampled_max": 15,
      "sampled_mean": 12.201948627103631,
      "sampled_min": 3
    }
  },
  "main_metric": "test.macro_by_user_group_mean.ndcg@5",
  "method": "popularity_ranking",
  "protocol": "ranking",
  "ranking_evaluation": {
    "ks": [
      1,
      3,
      5,
      10
    ],
    "tie_policy": "average"
  },
  "stage_times_seconds": {
    "candidate_group_summary": 0.052,
    "compute_ranking_metrics": 2.188,
    "fit": 0.768,
    "prepare_xy": 0.339,
    "score_test": 0.012,
    "score_val": 0.009,
    "write_predictions": 0.173
  },
  "task": "steam_interaction_cap20_eval_users1000_m3_seed0",
  "test": {
    "macro_by_group": {
      "groups_with_score_ties": 2626,
      "groups_with_score_ties_fraction": 0.6681933842239186,
      "groups_with_size_lte@1": 0,
      "groups_with_size_lte@10": 383,
      "groups_with_size_lte@3": 0,
      "groups_with_size_lte@5": 196,
      "groups_without_positive": 0,
      "hit_rate@1": 0.9290076335877863,
      "hit_rate@10": 1.0,
      "hit_rate@3": 0.9961832061068703,
      "hit_rate@5": 0.9994910941475827,
      "n": 70564,
      "n_groups": 3930,
      "n_positive": 17641,
      "ndcg@1": 0.9290076335877863,
      "ndcg@10": 0.9327362915759502,
      "ndcg@3": 0.8892488512858993,
      "ndcg@5": 0.8443448309304384,
      "tie_policy": "average"
    },
    "macro_by_user_group_mean": {
      "groups_with_score_ties": 2626,
      "groups_with_score_ties_fraction": 0.6681933842239186,
      "groups_with_size_lte@1": 0,
      "groups_with_size_lte@10": 383,
      "groups_with_size_lte@3": 0,
      "groups_with_size_lte@5": 196,
      "groups_without_positive": 0,
      "hit_rate@1": 0.953141691233603,
      "hit_rate@10": 1.0,
      "hit_rate@3": 0.999013548951049,
      "hit_rate@5": 0.9999117132867132,
      "n": 70564,
      "n_groups": 3930,
      "n_positive": 17641,
      "n_users": 1000,
      "ndcg@1": 0.953141691233603,
      "ndcg@10": 0.9526636380388502,
      "ndcg@3": 0.9172828486192961,
      "ndcg@5": 0.8869518513568496,
      "tie_policy": "average"
    }
  },
  "val": {
    "macro_by_group": {
      "groups_with_score_ties": 1303,
      "groups_with_score_ties_fraction": 0.5770593445527015,
      "groups_with_size_lte@1": 0,
      "groups_with_size_lte@10": 425,
      "groups_with_size_lte@3": 0,
      "groups_with_size_lte@5": 161,
      "groups_without_positive": 0,
      "hit_rate@1": 0.9251550044286979,
      "hit_rate@10": 1.0,
      "hit_rate@3": 0.9982285208148804,
      "hit_rate@5": 1.0,
      "n": 36736,
      "n_groups": 2258,
      "n_positive": 9184,
      "ndcg@1": 0.9251550044286979,
      "ndcg@10": 0.9385343414962736,
      "ndcg@3": 0.8923531319491365,
      "ndcg@5": 0.8656375735952714,
      "tie_policy": "average"
    },
    "macro_by_user_group_mean": {
      "groups_with_score_ties": 1303,
      "groups_with_score_ties_fraction": 0.5770593445527015,
      "groups_with_size_lte@1": 0,
      "groups_with_size_lte@10": 425,
      "groups_with_size_lte@3": 0,
      "groups_with_size_lte@5": 161,
      "groups_without_positive": 0,
      "hit_rate@1": 0.9482969252969252,
      "hit_rate@10": 1.0,
      "hit_rate@3": 0.9991767676767677,
      "hit_rate@5": 1.0,
      "n": 36736,
      "n_groups": 2258,
      "n_positive": 9184,
      "n_users": 1000,
      "ndcg@1": 0.9482969252969252,
      "ndcg@10": 0.9551402821357696,
      "ndcg@3": 0.915483893882382,
      "ndcg@5": 0.9045940327668269,
      "tie_policy": "average"
    }
  }
}
