{
  "candidate_groups": {
    "requested": {
      "groups": 2177,
      "positives_max": 10,
      "positives_mean": 9.717960496095545,
      "positives_min": 1,
      "rows_max": 20,
      "rows_mean": 19.43592099219109,
      "rows_min": 2,
      "sampled_max": 10,
      "sampled_mean": 9.717960496095545,
      "sampled_min": 1
    },
    "scored": {
      "groups": 2175,
      "positives_max": 10,
      "positives_mean": 9.717701149425288,
      "positives_min": 1,
      "rows_max": 20,
      "rows_mean": 19.435402298850576,
      "rows_min": 2,
      "sampled_max": 10,
      "sampled_mean": 9.717701149425288,
      "sampled_min": 1
    }
  },
  "llm_errors": 2,
  "main_metric": "test.macro_by_user_group_mean.f1",
  "max_candidate_groups": null,
  "max_workers": 128,
  "method": "agent4rec_yes_no_vllm_qwen36_27b_traits_taste_gpt4o_mini_full",
  "requested_rows": 42312,
  "scored_rows": 42272,
  "task": "ml-1m_cold_start_k3_cap20_eval_users1000_cg5_m1_seed2",
  "test": {
    "macro_by_group": {
      "accuracy": 0.5633301404853129,
      "f1": 0.4804336556282244,
      "n": 42272,
      "n_groups": 2175,
      "n_positive": 21136,
      "n_predicted_positive": 17311,
      "precision": 0.5422460496594691,
      "recall": 0.4728956394818464
    },
    "macro_by_user_group_mean": {
      "accuracy": 0.5651866564085951,
      "f1": 0.4843048813466279,
      "n": 42272,
      "n_groups": 2175,
      "n_positive": 21136,
      "n_predicted_positive": 17311,
      "n_users": 490,
      "precision": 0.544541533295028,
      "recall": 0.4784222006262822
    },
    "micro": {
      "accuracy": 0.5620032172596517,
      "f1": 0.5184279657710614,
      "n": 42272,
      "n_positive": 21136,
      "n_predicted_positive": 17311,
      "precision": 0.5757033100340824,
      "recall": 0.47151778955336865
    }
  }
}
