{
  "candidate_groups": {
    "requested": {
      "groups": 2177,
      "positives_max": 10,
      "positives_mean": 9.717960496095545,
      "positives_min": 1,
      "rows_max": 20,
      "rows_mean": 19.43592099219109,
      "rows_min": 2,
      "sampled_max": 10,
      "sampled_mean": 9.717960496095545,
      "sampled_min": 1
    },
    "scored": {
      "groups": 2175,
      "positives_max": 10,
      "positives_mean": 9.717701149425288,
      "positives_min": 1,
      "rows_max": 20,
      "rows_mean": 19.435402298850576,
      "rows_min": 2,
      "sampled_max": 10,
      "sampled_mean": 9.717701149425288,
      "sampled_min": 1
    }
  },
  "llm_errors": 2,
  "main_metric": "test.macro_by_user_group_mean.ndcg@5",
  "max_candidate_groups": null,
  "max_workers": 128,
  "method": "agent4rec_yes_no_vllm_qwen36_27b_traits_taste_gpt4o_mini_full",
  "protocol": "ranking",
  "ranking_evaluation": {
    "ks": [
      1,
      3,
      5,
      10
    ],
    "tie_policy": "average"
  },
  "requested_rows": 42312,
  "scored_rows": 42272,
  "task": "ml-1m_cold_start_k3_cap20_eval_users1000_cg5_m1_seed2",
  "test": {
    "macro_by_group": {
      "groups_with_score_ties": 2165,
      "groups_with_score_ties_fraction": 0.9954022988505747,
      "groups_with_size_lte@1": 0,
      "groups_with_size_lte@10": 67,
      "groups_with_size_lte@3": 14,
      "groups_with_size_lte@5": 31,
      "groups_without_positive": 0,
      "hit_rate@1": 0.5502920266709633,
      "hit_rate@10": 0.9993736403291222,
      "hit_rate@3": 0.8819093318655612,
      "hit_rate@5": 0.9645316862419456,
      "n": 42272,
      "n_groups": 2175,
      "n_positive": 21136,
      "ndcg@1": 0.5502920266709633,
      "ndcg@10": 0.5633074203277582,
      "ndcg@3": 0.5536666689240948,
      "ndcg@5": 0.5576107465936637,
      "tie_policy": "average"
    },
    "macro_by_user_group_mean": {
      "groups_with_score_ties": 2165,
      "groups_with_score_ties_fraction": 0.9954022988505747,
      "groups_with_size_lte@1": 0,
      "groups_with_size_lte@10": 67,
      "groups_with_size_lte@3": 14,
      "groups_with_size_lte@5": 31,
      "groups_without_positive": 0,
      "hit_rate@1": 0.5542354108460487,
      "hit_rate@10": 0.999441910877314,
      "hit_rate@3": 0.8889972496691276,
      "hit_rate@5": 0.9671032341325393,
      "n": 42272,
      "n_groups": 2175,
      "n_positive": 21136,
      "n_users": 490,
      "ndcg@1": 0.5542354108460487,
      "ndcg@10": 0.5768955062072474,
      "ndcg@3": 0.5607298415385351,
      "ndcg@5": 0.5665470618860461,
      "tie_policy": "average"
    }
  }
}
