{
  "candidate_groups": {
    "test": {
      "groups": 8855,
      "positives_max": 2,
      "positives_mean": 1.9430830039525693,
      "positives_min": 1,
      "rows_max": 20,
      "rows_mean": 19.43083003952569,
      "rows_min": 10,
      "sampled_max": 18,
      "sampled_mean": 17.487747035573122,
      "sampled_min": 9
    },
    "val": {
      "groups": 4698,
      "positives_max": 2,
      "positives_mean": 1.9078331204767986,
      "positives_min": 1,
      "rows_max": 20,
      "rows_mean": 19.078331204767988,
      "rows_min": 10,
      "sampled_max": 18,
      "sampled_mean": 17.17049808429119,
      "sampled_min": 9
    }
  },
  "main_metric": "test.macro_by_user_group_mean.f1",
  "method": "popularity_f1_threshold",
  "stage_times_seconds": {
    "apply_threshold": 0.001,
    "candidate_group_summary": 0.069,
    "compute_metrics": 0.289,
    "fit": 0.688,
    "prepare_xy": 0.307,
    "score_test": 0.024,
    "score_val": 0.015,
    "select_threshold": 0.155,
    "write_predictions": 0.383
  },
  "task": "steam_interaction_cap20_eval_users1000_m9_seed1",
  "test": {
    "macro_by_group": {
      "accuracy": 0.9214285714285714,
      "f1": 0.6320454036207848,
      "n": 172060,
      "n_groups": 8855,
      "n_positive": 17206,
      "n_predicted_positive": 21014,
      "precision": 0.6131309546216378,
      "recall": 0.7194240542066629
    },
    "macro_by_user_group_mean": {
      "accuracy": 0.927468724651974,
      "f1": 0.6914742220188275,
      "n": 172060,
      "n_groups": 8855,
      "n_positive": 17206,
      "n_predicted_positive": 21014,
      "n_users": 1000,
      "precision": 0.6470917540429935,
      "recall": 0.81064237836884
    },
    "micro": {
      "accuracy": 0.9211437870510287,
      "f1": 0.6450026164311878,
      "n": 172060,
      "n_positive": 17206,
      "n_predicted_positive": 21014,
      "precision": 0.5865613400590083,
      "recall": 0.7163780076717424
    }
  },
  "threshold": 1070.0,
  "threshold_metric": "macro_by_user_group_mean_f1",
  "val": {
    "macro_by_group": {
      "accuracy": 0.9210195828011921,
      "f1": 0.6304168916557168,
      "n": 89630,
      "n_groups": 4698,
      "n_positive": 8963,
      "n_predicted_positive": 10947,
      "precision": 0.6108816990681615,
      "recall": 0.7203065134099617
    },
    "macro_by_user_group_mean": {
      "accuracy": 0.925919309122886,
      "f1": 0.6864301233717636,
      "n": 89630,
      "n_groups": 4698,
      "n_positive": 8963,
      "n_predicted_positive": 10947,
      "n_users": 1000,
      "precision": 0.6443670946869778,
      "recall": 0.805450650163083
    },
    "micro": {
      "accuracy": 0.9212317304473948,
      "f1": 0.6454043194374686,
      "n": 89630,
      "n_positive": 8963,
      "n_predicted_positive": 10947,
      "precision": 0.58691879053622,
      "recall": 0.7168358808434676
    }
  }
}
