{
  "candidate_groups": {
    "test": {
      "groups": 4488,
      "positives_max": 10,
      "positives_mean": 9.699420677361854,
      "positives_min": 1,
      "rows_max": 20,
      "rows_mean": 19.398841354723707,
      "rows_min": 2,
      "sampled_max": 10,
      "sampled_mean": 9.699420677361854,
      "sampled_min": 1
    },
    "val": {
      "groups": 2706,
      "positives_max": 10,
      "positives_mean": 9.698078344419807,
      "positives_min": 1,
      "rows_max": 20,
      "rows_mean": 19.396156688839614,
      "rows_min": 2,
      "sampled_max": 10,
      "sampled_mean": 9.698078344419807,
      "sampled_min": 1
    }
  },
  "main_metric": "test.macro_by_user_group_mean.ndcg@5",
  "method": "popularity_ranking",
  "protocol": "ranking",
  "ranking_evaluation": {
    "ks": [
      1,
      3,
      5,
      10
    ],
    "tie_policy": "average"
  },
  "stage_times_seconds": {
    "candidate_group_summary": 0.031,
    "compute_ranking_metrics": 2.334,
    "fit": 0.093,
    "prepare_xy": 0.017,
    "score_test": 0.014,
    "score_val": 0.01,
    "write_predictions": 0.09
  },
  "task": "ml-1m_cold_start_k5_cap20_eval_users1000_cg5_m1_seed0",
  "test": {
    "macro_by_group": {
      "groups_with_score_ties": 1533,
      "groups_with_score_ties_fraction": 0.34157754010695185,
      "groups_with_size_lte@1": 0,
      "groups_with_size_lte@10": 149,
      "groups_with_size_lte@3": 22,
      "groups_with_size_lte@5": 46,
      "groups_without_positive": 0,
      "hit_rate@1": 0.9244652406417112,
      "hit_rate@10": 1.0,
      "hit_rate@3": 0.9959893048128342,
      "hit_rate@5": 0.999777183600713,
      "n": 87062,
      "n_groups": 4488,
      "n_positive": 43531,
      "ndcg@1": 0.9244652406417112,
      "ndcg@10": 0.8459295343338941,
      "ndcg@3": 0.912033527884276,
      "ndcg@5": 0.8970500307528976,
      "tie_policy": "average"
    },
    "macro_by_user_group_mean": {
      "groups_with_score_ties": 1533,
      "groups_with_score_ties_fraction": 0.34157754010695185,
      "groups_with_size_lte@1": 0,
      "groups_with_size_lte@10": 149,
      "groups_with_size_lte@3": 22,
      "groups_with_size_lte@5": 46,
      "groups_without_positive": 0,
      "hit_rate@1": 0.9239166666666667,
      "hit_rate@10": 1.0,
      "hit_rate@3": 0.9961166666666665,
      "hit_rate@5": 0.9997999999999999,
      "n": 87062,
      "n_groups": 4488,
      "n_positive": 43531,
      "n_users": 1000,
      "ndcg@1": 0.9239166666666667,
      "ndcg@10": 0.847639705756164,
      "ndcg@3": 0.9100865774378236,
      "ndcg@5": 0.8952100244956045,
      "tie_policy": "average"
    }
  },
  "val": {
    "macro_by_group": {
      "groups_with_score_ties": 936,
      "groups_with_score_ties_fraction": 0.3458980044345898,
      "groups_with_size_lte@1": 0,
      "groups_with_size_lte@10": 85,
      "groups_with_size_lte@3": 15,
      "groups_with_size_lte@5": 36,
      "groups_without_positive": 0,
      "hit_rate@1": 0.9235033259423503,
      "hit_rate@10": 1.0,
      "hit_rate@3": 0.9974131559497413,
      "hit_rate@5": 0.999630450849963,
      "n": 52486,
      "n_groups": 2706,
      "n_positive": 26243,
      "ndcg@1": 0.9235033259423503,
      "ndcg@10": 0.8498524943062683,
      "ndcg@3": 0.9156188414369671,
      "ndcg@5": 0.9025072568769316,
      "tie_policy": "average"
    },
    "macro_by_user_group_mean": {
      "groups_with_score_ties": 936,
      "groups_with_score_ties_fraction": 0.3458980044345898,
      "groups_with_size_lte@1": 0,
      "groups_with_size_lte@10": 85,
      "groups_with_size_lte@3": 15,
      "groups_with_size_lte@5": 36,
      "groups_without_positive": 0,
      "hit_rate@1": 0.9230960264900662,
      "hit_rate@10": 1.0,
      "hit_rate@3": 0.997075055187638,
      "hit_rate@5": 0.9995860927152318,
      "n": 52486,
      "n_groups": 2706,
      "n_positive": 26243,
      "n_users": 604,
      "ndcg@1": 0.9230960264900662,
      "ndcg@10": 0.8512460241156248,
      "ndcg@3": 0.913977277788423,
      "ndcg@5": 0.9004024986619281,
      "tie_policy": "average"
    }
  }
}
