{
  "candidate_groups": {
    "test": {
      "groups": 17641,
      "positives_max": 1,
      "positives_mean": 1.0,
      "positives_min": 1,
      "rows_max": 20,
      "rows_mean": 20.0,
      "rows_min": 20,
      "sampled_max": 19,
      "sampled_mean": 19.0,
      "sampled_min": 19
    },
    "val": {
      "groups": 9184,
      "positives_max": 1,
      "positives_mean": 1.0,
      "positives_min": 1,
      "rows_max": 20,
      "rows_mean": 20.0,
      "rows_min": 20,
      "sampled_max": 19,
      "sampled_mean": 19.0,
      "sampled_min": 19
    }
  },
  "main_metric": "test.macro_by_user_group_mean.f1",
  "method": "popularity_f1_threshold",
  "stage_times_seconds": {
    "apply_threshold": 0.001,
    "candidate_group_summary": 0.168,
    "compute_metrics": 0.628,
    "fit": 0.872,
    "prepare_xy": 0.437,
    "score_test": 0.058,
    "score_val": 0.039,
    "select_threshold": 0.241,
    "write_predictions": 0.791
  },
  "task": "steam_interaction_cap20_eval_users1000_m19_seed0",
  "test": {
    "macro_by_group": {
      "accuracy": 0.9448500651890483,
      "f1": 0.5059809264672934,
      "n": 352820,
      "n_groups": 17641,
      "n_positive": 17641,
      "n_predicted_positive": 24597,
      "precision": 0.44779976839667335,
      "recall": 0.6456550082194887
    },
    "macro_by_user_group_mean": {
      "accuracy": 0.9462272561513659,
      "f1": 0.5789629727134106,
      "n": 352820,
      "n_groups": 17641,
      "n_positive": 17641,
      "n_predicted_positive": 24597,
      "n_users": 1000,
      "precision": 0.5071132836338869,
      "recall": 0.7537030710021924
    },
    "micro": {
      "accuracy": 0.9448500651890482,
      "f1": 0.539324778635352,
      "n": 352820,
      "n_positive": 17641,
      "n_predicted_positive": 24597,
      "precision": 0.46306460137415134,
      "recall": 0.6456550082194887
    }
  },
  "threshold": 1465.0,
  "threshold_metric": "macro_by_user_group_mean_f1",
  "val": {
    "macro_by_group": {
      "accuracy": 0.9447844076655052,
      "f1": 0.5096801372988219,
      "n": 183680,
      "n_groups": 9184,
      "n_positive": 9184,
      "n_predicted_positive": 12932,
      "precision": 0.45075778787124604,
      "recall": 0.6518945993031359
    },
    "macro_by_user_group_mean": {
      "accuracy": 0.94641565530476,
      "f1": 0.5859102461016125,
      "n": 183680,
      "n_groups": 9184,
      "n_positive": 9184,
      "n_predicted_positive": 12932,
      "n_users": 1000,
      "precision": 0.5137671848118834,
      "recall": 0.7623284768701231
    },
    "micro": {
      "accuracy": 0.9447844076655052,
      "f1": 0.5414179779345271,
      "n": 183680,
      "n_positive": 9184,
      "n_predicted_positive": 12932,
      "precision": 0.4629600989792762,
      "recall": 0.6518945993031359
    }
  }
}
