{
  "candidate_groups": {
    "test": {
      "groups": 3967,
      "positives_max": 5,
      "positives_mean": 4.513738341315856,
      "positives_min": 1,
      "rows_max": 20,
      "rows_mean": 18.054953365263422,
      "rows_min": 4,
      "sampled_max": 15,
      "sampled_mean": 13.541215023947567,
      "sampled_min": 3
    },
    "val": {
      "groups": 2267,
      "positives_max": 5,
      "positives_mean": 4.107631230701368,
      "positives_min": 1,
      "rows_max": 20,
      "rows_mean": 16.43052492280547,
      "rows_min": 4,
      "sampled_max": 15,
      "sampled_mean": 12.322893692104103,
      "sampled_min": 3
    }
  },
  "main_metric": "test.macro_by_user_group_mean.f1",
  "method": "popularity_f1_threshold",
  "stage_times_seconds": {
    "apply_threshold": 0.0,
    "candidate_group_summary": 0.034,
    "compute_metrics": 0.138,
    "fit": 0.676,
    "prepare_xy": 0.296,
    "score_test": 0.01,
    "score_val": 0.008,
    "select_threshold": 0.117,
    "write_predictions": 0.195
  },
  "task": "steam_interaction_cap20_eval_users1000_m3_seed2",
  "test": {
    "macro_by_group": {
      "accuracy": 0.8814007226283505,
      "f1": 0.7507037363667058,
      "n": 71624,
      "n_groups": 3967,
      "n_positive": 17906,
      "n_predicted_positive": 18428,
      "precision": 0.7647047921688708,
      "recall": 0.7825518863961012
    },
    "macro_by_user_group_mean": {
      "accuracy": 0.8969368627513863,
      "f1": 0.8042210004216481,
      "n": 71624,
      "n_groups": 3967,
      "n_positive": 17906,
      "n_predicted_positive": 18428,
      "n_users": 1000,
      "precision": 0.7783894741909246,
      "recall": 0.8647900292825598
    },
    "micro": {
      "accuracy": 0.8804032167988384,
      "f1": 0.7642428579292123,
      "n": 71624,
      "n_positive": 17906,
      "n_predicted_positive": 18428,
      "precision": 0.7534187106576948,
      "recall": 0.775382553334078
    }
  },
  "threshold": 665.0,
  "threshold_metric": "macro_by_user_group_mean_f1",
  "val": {
    "macro_by_group": {
      "accuracy": 0.886783193647993,
      "f1": 0.7634778371655302,
      "n": 37248,
      "n_groups": 2267,
      "n_positive": 9312,
      "n_predicted_positive": 9588,
      "precision": 0.7757670440621477,
      "recall": 0.7975077194530216
    },
    "macro_by_user_group_mean": {
      "accuracy": 0.8997314191538685,
      "f1": 0.8095900159325844,
      "n": 37248,
      "n_groups": 2267,
      "n_positive": 9312,
      "n_predicted_positive": 9588,
      "n_users": 1000,
      "precision": 0.7898505566859276,
      "recall": 0.867534379063015
    },
    "micro": {
      "accuracy": 0.884020618556701,
      "f1": 0.7714285714285715,
      "n": 37248,
      "n_positive": 9312,
      "n_predicted_positive": 9588,
      "precision": 0.7603254067584481,
      "recall": 0.782860824742268
    }
  }
}
