{
  "candidate_groups": {
    "requested": {
      "groups": 4306,
      "positives_max": 2,
      "positives_mean": 1.9888527635856943,
      "positives_min": 1,
      "rows_max": 20,
      "rows_mean": 19.888527635856942,
      "rows_min": 10,
      "sampled_max": 18,
      "sampled_mean": 17.899674872271248,
      "sampled_min": 9
    },
    "scored": {
      "groups": 4306,
      "positives_max": 2,
      "positives_mean": 1.9888527635856943,
      "positives_min": 1,
      "rows_max": 20,
      "rows_mean": 19.888527635856942,
      "rows_min": 10,
      "sampled_max": 18,
      "sampled_mean": 17.899674872271248,
      "sampled_min": 9
    }
  },
  "llm_errors": 0,
  "main_metric": "test.macro_by_user_group_mean.ndcg@5",
  "max_candidate_groups": null,
  "max_workers": 128,
  "method": "llm_yes_no_vllm_qwen36_27b_full",
  "protocol": "ranking",
  "ranking_evaluation": {
    "ks": [
      1,
      3,
      5,
      10
    ],
    "tie_policy": "average"
  },
  "requested_rows": 85640,
  "scored_rows": 85640,
  "scoring": "batch",
  "task": "ml-1m_cold_start_k5_cap20_eval_users1000_cg5_m9_seed2",
  "test": {
    "macro_by_group": {
      "groups_with_score_ties": 4306,
      "groups_with_score_ties_fraction": 1.0,
      "groups_with_size_lte@1": 0,
      "groups_with_size_lte@10": 48,
      "groups_with_size_lte@3": 0,
      "groups_with_size_lte@5": 0,
      "groups_without_positive": 0,
      "hit_rate@1": 0.19536602298114603,
      "hit_rate@10": 0.8830870441625073,
      "hit_rate@3": 0.4825719487341203,
      "hit_rate@5": 0.6639830104099038,
      "n": 85640,
      "n_groups": 4306,
      "n_positive": 8564,
      "ndcg@1": 0.19536602298114603,
      "ndcg@10": 0.4357833847352162,
      "ndcg@3": 0.2513293968763947,
      "ndcg@5": 0.331972598516532,
      "tie_policy": "average"
    },
    "macro_by_user_group_mean": {
      "groups_with_score_ties": 4306,
      "groups_with_score_ties_fraction": 1.0,
      "groups_with_size_lte@1": 0,
      "groups_with_size_lte@10": 48,
      "groups_with_size_lte@3": 0,
      "groups_with_size_lte@5": 0,
      "groups_without_positive": 0,
      "hit_rate@1": 0.19373162001169456,
      "hit_rate@10": 0.8847706285151978,
      "hit_rate@3": 0.48010384551118856,
      "hit_rate@5": 0.6631334838187678,
      "n": 85640,
      "n_groups": 4306,
      "n_positive": 8564,
      "n_users": 905,
      "ndcg@1": 0.19373162001169456,
      "ndcg@10": 0.43605332227285715,
      "ndcg@3": 0.25110538292585394,
      "ndcg@5": 0.3321283371352193,
      "tie_policy": "average"
    }
  }
}
