{
  "candidate_groups": {
    "requested": {
      "groups": 4641,
      "positives_max": 2,
      "positives_mean": 1.9691876750700281,
      "positives_min": 1,
      "rows_max": 20,
      "rows_mean": 19.69187675070028,
      "rows_min": 10,
      "sampled_max": 18,
      "sampled_mean": 17.722689075630253,
      "sampled_min": 9
    },
    "scored": {
      "groups": 4638,
      "positives_max": 2,
      "positives_mean": 1.9691677447175506,
      "positives_min": 1,
      "rows_max": 20,
      "rows_mean": 19.691677447175508,
      "rows_min": 10,
      "sampled_max": 18,
      "sampled_mean": 17.722509702457955,
      "sampled_min": 9
    }
  },
  "coverage": {
    "failed_fraction": 0.000656526972316446,
    "failed_rows": 60,
    "requested_rows": 91390,
    "scored_fraction": 0.9993434730276836,
    "scored_rows": 91330
  },
  "llm_errors": 3,
  "main_metric": "test.macro_by_user_group_mean.ndcg@5",
  "max_candidate_groups": null,
  "max_workers": 32,
  "method": "agent4rec_yes_no_vllm_qwen3_8b_traits_full",
  "protocol": "ranking",
  "ranking_evaluation": {
    "ks": [
      1,
      3,
      5,
      10
    ],
    "tie_policy": "average"
  },
  "requested_rows": 91390,
  "scored_rows": 91330,
  "task": "ml-1m_item_stats_cap20_eval_users1000_cg5_m9_seed0",
  "test": {
    "macro_by_group": {
      "groups_with_score_ties": 4638,
      "groups_with_score_ties_fraction": 1.0,
      "groups_with_size_lte@1": 0,
      "groups_with_size_lte@10": 143,
      "groups_with_size_lte@3": 0,
      "groups_with_size_lte@5": 0,
      "groups_without_positive": 0,
      "hit_rate@1": 0.1162495239791989,
      "hit_rate@10": 0.7932351189913901,
      "hit_rate@3": 0.3166323971975429,
      "hit_rate@5": 0.48425011873679963,
      "n": 91330,
      "n_groups": 4638,
      "n_positive": 9133,
      "ndcg@1": 0.1162495239791989,
      "ndcg@10": 0.30748055224811227,
      "ndcg@3": 0.15157709547401077,
      "ndcg@5": 0.20654741143702277,
      "tie_policy": "average"
    },
    "macro_by_user_group_mean": {
      "groups_with_score_ties": 4638,
      "groups_with_score_ties_fraction": 1.0,
      "groups_with_size_lte@1": 0,
      "groups_with_size_lte@10": 143,
      "groups_with_size_lte@3": 0,
      "groups_with_size_lte@5": 0,
      "groups_without_positive": 0,
      "hit_rate@1": 0.11563176545368689,
      "hit_rate@10": 0.7938198080428345,
      "hit_rate@3": 0.3151147261692985,
      "hit_rate@5": 0.4826752447898249,
      "n": 91330,
      "n_groups": 4638,
      "n_positive": 9133,
      "n_users": 1000,
      "ndcg@1": 0.1156317654536869,
      "ndcg@10": 0.307742914339516,
      "ndcg@3": 0.15145353538412185,
      "ndcg@5": 0.2064283990550047,
      "tie_policy": "average"
    }
  },
  "test_failure_as_zero_group": {
    "macro_by_group": {
      "failed_groups": 3,
      "failed_groups_fraction": 0.0006464124111182935,
      "failure_policy": "failed_group_zero",
      "groups_with_score_ties": 4638,
      "groups_with_score_ties_fraction": 0.9993535875888817,
      "groups_with_size_lte@1": 0,
      "groups_with_size_lte@10": 143,
      "groups_with_size_lte@3": 0,
      "groups_with_size_lte@5": 0,
      "groups_without_positive": 0,
      "hit_rate@1": 0.11617437884411212,
      "hit_rate@10": 0.7927223619655392,
      "hit_rate@3": 0.3164277220862322,
      "hit_rate@5": 0.48393709344996266,
      "n": 91390,
      "n_groups": 4641,
      "n_positive": 9139,
      "ndcg@1": 0.11617437884411215,
      "ndcg@10": 0.3072817930029616,
      "ndcg@3": 0.1514791141582551,
      "ndcg@5": 0.20641389662678553,
      "scored_groups": 4638,
      "tie_policy": "average"
    },
    "macro_by_user_group_mean": {
      "failed_groups": 3,
      "failed_groups_fraction": 0.0006464124111182935,
      "failure_policy": "failed_group_zero",
      "groups_with_score_ties": 4638,
      "groups_with_score_ties_fraction": 0.9993535875888817,
      "groups_with_size_lte@1": 0,
      "groups_with_size_lte@10": 143,
      "groups_with_size_lte@3": 0,
      "groups_with_size_lte@5": 0,
      "groups_without_positive": 0,
      "hit_rate@1": 0.11553102140606784,
      "hit_rate@10": 0.793283992261179,
      "hit_rate@3": 0.3148535917573998,
      "hit_rate@5": 0.48230018365492433,
      "n": 91390,
      "n_groups": 4641,
      "n_positive": 9139,
      "n_users": 1000,
      "ndcg@1": 0.11553102140606784,
      "ndcg@10": 0.3075045425122172,
      "ndcg@3": 0.15132190587151004,
      "ndcg@5": 0.20625219993602667,
      "scored_groups": 4638,
      "tie_policy": "average"
    }
  }
}
