{
  "candidate_groups": {
    "requested": {
      "groups": 2479,
      "positives_max": 3,
      "positives_mean": 2.8398547801532876,
      "positives_min": 1,
      "rows_max": 9,
      "rows_mean": 8.519564340459862,
      "rows_min": 3,
      "sampled_max": 0,
      "sampled_mean": 0.0,
      "sampled_min": 0
    },
    "scored": {
      "groups": 2479,
      "positives_max": 3,
      "positives_mean": 2.8398547801532876,
      "positives_min": 1,
      "rows_max": 9,
      "rows_mean": 8.519564340459862,
      "rows_min": 3,
      "sampled_max": 0,
      "sampled_mean": 0.0,
      "sampled_min": 0
    }
  },
  "coverage": {
    "failed_fraction": 0.0,
    "failed_rows": 0,
    "requested_rows": 21120,
    "scored_fraction": 1.0,
    "scored_rows": 21120
  },
  "llm_errors": 0,
  "main_metric": "test.macro_by_user_group_mean.f1",
  "max_candidate_groups": null,
  "max_workers": 64,
  "method": "agent4rec_preference_yes_no_litellm_qwen36_27b_traits_taste_gpt4o_mini_candidate_summary_full",
  "requested_rows": 21120,
  "scored_rows": 21120,
  "task": "ml-1m_preference_cap10_eval_users1000_cg5_m2_seed1",
  "test": {
    "macro_by_group": {
      "accuracy": 0.572340997714132,
      "f1": 0.4913751704796481,
      "n": 21120,
      "n_groups": 2479,
      "n_positive": 7040,
      "n_predicted_positive": 11174,
      "precision": 0.4205449586046601,
      "recall": 0.6438079870915692
    },
    "macro_by_user_group_mean": {
      "accuracy": 0.5777301507256122,
      "f1": 0.47669487541650934,
      "n": 21120,
      "n_groups": 2479,
      "n_positive": 7040,
      "n_predicted_positive": 11174,
      "n_users": 661,
      "precision": 0.412190974473501,
      "recall": 0.6176332156664985
    },
    "micro": {
      "accuracy": 0.5714015151515152,
      "f1": 0.5030196552102778,
      "n": 21120,
      "n_positive": 7040,
      "n_predicted_positive": 11174,
      "precision": 0.4099695722212279,
      "recall": 0.6507102272727273
    }
  },
  "test_failure_as_negative": {
    "macro_by_group": {
      "accuracy": 0.572340997714132,
      "f1": 0.4913751704796481,
      "n": 21120,
      "n_groups": 2479,
      "n_positive": 7040,
      "n_predicted_positive": 11174,
      "precision": 0.4205449586046601,
      "recall": 0.6438079870915692
    },
    "macro_by_user_group_mean": {
      "accuracy": 0.5777301507256122,
      "f1": 0.47669487541650934,
      "n": 21120,
      "n_groups": 2479,
      "n_positive": 7040,
      "n_predicted_positive": 11174,
      "n_users": 661,
      "precision": 0.412190974473501,
      "recall": 0.6176332156664985
    },
    "micro": {
      "accuracy": 0.5714015151515152,
      "f1": 0.5030196552102778,
      "n": 21120,
      "n_positive": 7040,
      "n_predicted_positive": 11174,
      "precision": 0.4099695722212279,
      "recall": 0.6507102272727273
    }
  }
}
