{
  "candidate_groups": {
    "requested": {
      "groups": 3672,
      "positives_max": 5,
      "positives_mean": 4.703703703703703,
      "positives_min": 1,
      "rows_max": 20,
      "rows_mean": 18.814814814814813,
      "rows_min": 4,
      "sampled_max": 15,
      "sampled_mean": 14.11111111111111,
      "sampled_min": 3
    },
    "scored": {
      "groups": 3671,
      "positives_max": 5,
      "positives_mean": 4.703622991010624,
      "positives_min": 1,
      "rows_max": 20,
      "rows_mean": 18.814491964042496,
      "rows_min": 4,
      "sampled_max": 15,
      "sampled_mean": 14.110868973031872,
      "sampled_min": 3
    }
  },
  "coverage": {
    "failed_fraction": 0.00028948587308939323,
    "failed_rows": 20,
    "requested_rows": 69088,
    "scored_fraction": 0.9997105141269106,
    "scored_rows": 69068
  },
  "llm_errors": 1,
  "main_metric": "test.macro_by_user_group_mean.ndcg@5",
  "max_candidate_groups": null,
  "max_workers": 8,
  "method": "agent4rec_yes_no_vllm_qwen36_27b_traits_taste_gpt4o_mini_full",
  "protocol": "ranking",
  "ranking_evaluation": {
    "ks": [
      1,
      3,
      5,
      10
    ],
    "tie_policy": "average"
  },
  "requested_rows": 69088,
  "scored_rows": 69068,
  "task": "ml-1m_item_stats_cap20_eval_users1000_cg5_m3_seed2",
  "test": {
    "macro_by_group": {
      "groups_with_score_ties": 3671,
      "groups_with_score_ties_fraction": 1.0,
      "groups_with_size_lte@1": 0,
      "groups_with_size_lte@10": 215,
      "groups_with_size_lte@3": 0,
      "groups_with_size_lte@5": 116,
      "groups_without_positive": 0,
      "hit_rate@1": 0.4592033942937561,
      "hit_rate@10": 0.996156388762165,
      "hit_rate@3": 0.8256887204923461,
      "hit_rate@5": 0.9418972943280692,
      "n": 69068,
      "n_groups": 3671,
      "n_positive": 17267,
      "ndcg@1": 0.4592033942937561,
      "ndcg@10": 0.5828887676636326,
      "ndcg@3": 0.4564788839607792,
      "ndcg@5": 0.4507120108839039,
      "tie_policy": "average"
    },
    "macro_by_user_group_mean": {
      "groups_with_score_ties": 3671,
      "groups_with_score_ties_fraction": 1.0,
      "groups_with_size_lte@1": 0,
      "groups_with_size_lte@10": 215,
      "groups_with_size_lte@3": 0,
      "groups_with_size_lte@5": 116,
      "groups_without_positive": 0,
      "hit_rate@1": 0.47187847639432007,
      "hit_rate@10": 0.9962052523371021,
      "hit_rate@3": 0.8306625935754418,
      "hit_rate@5": 0.9425759013221184,
      "n": 69068,
      "n_groups": 3671,
      "n_positive": 17267,
      "n_users": 1000,
      "ndcg@1": 0.47187847639432007,
      "ndcg@10": 0.5916815546045688,
      "ndcg@3": 0.46882124973348416,
      "ndcg@5": 0.4647806128004696,
      "tie_policy": "average"
    }
  },
  "test_failure_as_zero_group": {
    "macro_by_group": {
      "failed_groups": 1,
      "failed_groups_fraction": 0.0002723311546840959,
      "failure_policy": "failed_group_zero",
      "groups_with_score_ties": 3671,
      "groups_with_score_ties_fraction": 0.9997276688453159,
      "groups_with_size_lte@1": 0,
      "groups_with_size_lte@10": 215,
      "groups_with_size_lte@3": 0,
      "groups_with_size_lte@5": 116,
      "groups_without_positive": 0,
      "hit_rate@1": 0.4590783389031532,
      "hit_rate@10": 0.9958851043425675,
      "hit_rate@3": 0.8254638597296848,
      "hit_rate@5": 0.941640786350311,
      "n": 69088,
      "n_groups": 3672,
      "n_positive": 17272,
      "ndcg@1": 0.4590783389031532,
      "ndcg@10": 0.5827300288924824,
      "ndcg@3": 0.45635457053922124,
      "ndcg@5": 0.4505892679615499,
      "scored_groups": 3671,
      "tie_policy": "average"
    },
    "macro_by_user_group_mean": {
      "failed_groups": 1,
      "failed_groups_fraction": 0.0002723311546840959,
      "failure_policy": "failed_group_zero",
      "groups_with_score_ties": 3671,
      "groups_with_score_ties_fraction": 0.9997276688453159,
      "groups_with_size_lte@1": 0,
      "groups_with_size_lte@10": 215,
      "groups_with_size_lte@3": 0,
      "groups_with_size_lte@5": 116,
      "groups_without_positive": 0,
      "hit_rate@1": 0.47180359544193906,
      "hit_rate@10": 0.9960052523371021,
      "hit_rate@3": 0.8304950935754418,
      "hit_rate@5": 0.9423759013221185,
      "n": 69088,
      "n_groups": 3672,
      "n_positive": 17272,
      "n_users": 1000,
      "ndcg@1": 0.47180359544193906,
      "ndcg@10": 0.591579340191687,
      "ndcg@3": 0.4687463687811032,
      "ndcg@5": 0.46470709103155605,
      "scored_groups": 3671,
      "tie_policy": "average"
    }
  }
}
