{
  "candidate_groups": {
    "requested": {
      "groups": 3672,
      "positives_max": 5,
      "positives_mean": 4.703703703703703,
      "positives_min": 1,
      "rows_max": 20,
      "rows_mean": 18.814814814814813,
      "rows_min": 4,
      "sampled_max": 15,
      "sampled_mean": 14.11111111111111,
      "sampled_min": 3
    },
    "scored": {
      "groups": 3626,
      "positives_max": 5,
      "positives_mean": 4.701047986762273,
      "positives_min": 1,
      "rows_max": 20,
      "rows_mean": 18.80419194704909,
      "rows_min": 4,
      "sampled_max": 15,
      "sampled_mean": 14.103143960286818,
      "sampled_min": 3
    }
  },
  "coverage": {
    "failed_fraction": 0.013084761463640574,
    "failed_rows": 904,
    "requested_rows": 69088,
    "scored_fraction": 0.9869152385363594,
    "scored_rows": 68184
  },
  "llm_errors": 46,
  "main_metric": "test.macro_by_user_group_mean.ndcg@5",
  "max_candidate_groups": null,
  "max_workers": 32,
  "method": "agent4rec_yes_no_litellm_qwen36_27b_traits_taste_gpt4o_mini_candidate_summary_full",
  "protocol": "ranking",
  "ranking_evaluation": {
    "ks": [
      1,
      3,
      5,
      10
    ],
    "tie_policy": "average"
  },
  "requested_rows": 69088,
  "scored_rows": 68184,
  "task": "ml-1m_item_stats_cap20_eval_users1000_cg5_m3_seed2",
  "test": {
    "macro_by_group": {
      "groups_with_score_ties": 3626,
      "groups_with_score_ties_fraction": 1.0,
      "groups_with_size_lte@1": 0,
      "groups_with_size_lte@10": 214,
      "groups_with_size_lte@3": 0,
      "groups_with_size_lte@5": 115,
      "groups_without_positive": 0,
      "hit_rate@1": 0.44779744973401386,
      "hit_rate@10": 0.9963811774206985,
      "hit_rate@3": 0.8149945016853622,
      "hit_rate@5": 0.9387107876236422,
      "n": 68184,
      "n_groups": 3626,
      "n_positive": 17046,
      "ndcg@1": 0.4477974497340138,
      "ndcg@10": 0.5785439148285257,
      "ndcg@3": 0.44719554440262854,
      "ndcg@5": 0.44365467262266917,
      "tie_policy": "average"
    },
    "macro_by_user_group_mean": {
      "groups_with_score_ties": 3626,
      "groups_with_score_ties_fraction": 1.0,
      "groups_with_size_lte@1": 0,
      "groups_with_size_lte@10": 214,
      "groups_with_size_lte@3": 0,
      "groups_with_size_lte@5": 115,
      "groups_without_positive": 0,
      "hit_rate@1": 0.46128035853719557,
      "hit_rate@10": 0.9965463214431223,
      "hit_rate@3": 0.8216659759150585,
      "hit_rate@5": 0.9396795926032109,
      "n": 68184,
      "n_groups": 3626,
      "n_positive": 17046,
      "n_users": 999,
      "ndcg@1": 0.46128035853719546,
      "ndcg@10": 0.5871409742899841,
      "ndcg@3": 0.46049576247013685,
      "ndcg@5": 0.4578102621324475,
      "tie_policy": "average"
    }
  },
  "test_failure_as_zero_group": {
    "macro_by_group": {
      "failed_groups": 46,
      "failed_groups_fraction": 0.01252723311546841,
      "failure_policy": "failed_group_zero",
      "groups_with_score_ties": 3626,
      "groups_with_score_ties_fraction": 0.9874727668845316,
      "groups_with_size_lte@1": 0,
      "groups_with_size_lte@10": 215,
      "groups_with_size_lte@3": 0,
      "groups_with_size_lte@5": 116,
      "groups_without_positive": 0,
      "hit_rate@1": 0.44218778669268355,
      "hit_rate@10": 0.9838992781392847,
      "hit_rate@3": 0.8047848755749247,
      "hit_rate@5": 0.926951338759076,
      "n": 69088,
      "n_groups": 3672,
      "n_positive": 17272,
      "ndcg@1": 0.44218778669268355,
      "ndcg@10": 0.5712963603399331,
      "ndcg@3": 0.44159342156969794,
      "ndcg@5": 0.43809690711595817,
      "scored_groups": 3626,
      "tie_policy": "average"
    },
    "macro_by_user_group_mean": {
      "failed_groups": 46,
      "failed_groups_fraction": 0.01252723311546841,
      "failure_policy": "failed_group_zero",
      "groups_with_score_ties": 3626,
      "groups_with_score_ties_fraction": 0.9874727668845316,
      "groups_with_size_lte@1": 0,
      "groups_with_size_lte@10": 215,
      "groups_with_size_lte@3": 0,
      "groups_with_size_lte@5": 116,
      "groups_without_positive": 0,
      "hit_rate@1": 0.455080789736436,
      "hit_rate@10": 0.9841291142165368,
      "hit_rate@3": 0.8109994772915708,
      "hit_rate@5": 0.927817952593001,
      "n": 69088,
      "n_groups": 3672,
      "n_positive": 17272,
      "n_users": 1000,
      "ndcg@1": 0.455080789736436,
      "ndcg@10": 0.5798237623769265,
      "ndcg@3": 0.4544873492557648,
      "ndcg@5": 0.45207169309132567,
      "scored_groups": 3626,
      "tie_policy": "average"
    }
  }
}
