{
  "candidate_groups": {
    "requested": {
      "groups": 3672,
      "positives_max": 5,
      "positives_mean": 4.703703703703703,
      "positives_min": 1,
      "rows_max": 20,
      "rows_mean": 18.814814814814813,
      "rows_min": 4,
      "sampled_max": 15,
      "sampled_mean": 14.11111111111111,
      "sampled_min": 3
    },
    "scored": {
      "groups": 3626,
      "positives_max": 5,
      "positives_mean": 4.701047986762273,
      "positives_min": 1,
      "rows_max": 20,
      "rows_mean": 18.80419194704909,
      "rows_min": 4,
      "sampled_max": 15,
      "sampled_mean": 14.103143960286818,
      "sampled_min": 3
    }
  },
  "coverage": {
    "failed_fraction": 0.013084761463640574,
    "failed_rows": 904,
    "requested_rows": 69088,
    "scored_fraction": 0.9869152385363594,
    "scored_rows": 68184
  },
  "llm_errors": 46,
  "main_metric": "test.macro_by_user_group_mean.f1",
  "max_candidate_groups": null,
  "max_workers": 32,
  "method": "agent4rec_yes_no_litellm_qwen36_27b_traits_taste_gpt4o_mini_candidate_summary_full",
  "requested_rows": 69088,
  "scored_rows": 68184,
  "task": "ml-1m_item_stats_cap20_eval_users1000_cg5_m3_seed2",
  "test": {
    "macro_by_group": {
      "accuracy": 0.6940625574554146,
      "f1": 0.46502641067099576,
      "n": 68184,
      "n_groups": 3626,
      "n_positive": 17046,
      "n_predicted_positive": 23720,
      "precision": 0.43524918718575123,
      "recall": 0.5659772016914875
    },
    "macro_by_user_group_mean": {
      "accuracy": 0.7093079885440996,
      "f1": 0.458524304033906,
      "n": 68184,
      "n_groups": 3626,
      "n_positive": 17046,
      "n_predicted_positive": 23720,
      "n_users": 999,
      "precision": 0.4444885667454037,
      "recall": 0.5379626849071294
    },
    "micro": {
      "accuracy": 0.6887832922679807,
      "f1": 0.4794681842712064,
      "n": 68184,
      "n_positive": 17046,
      "n_predicted_positive": 23720,
      "precision": 0.4120151770657673,
      "recall": 0.5733309867417576
    }
  },
  "test_failure_as_negative": {
    "macro_by_group": {
      "accuracy": 0.6947632988380538,
      "f1": 0.45920091641967065,
      "n": 69088,
      "n_groups": 3672,
      "n_positive": 17272,
      "n_predicted_positive": 23720,
      "precision": 0.4297967191545572,
      "recall": 0.5588870733478576
    },
    "macro_by_user_group_mean": {
      "accuracy": 0.7099435416666667,
      "f1": 0.45248912685645837,
      "n": 69088,
      "n_groups": 3672,
      "n_positive": 17272,
      "n_predicted_positive": 23720,
      "n_users": 1000,
      "precision": 0.438318289736436,
      "recall": 0.5309747222222222
    },
    "micro": {
      "accuracy": 0.6895842982862437,
      "f1": 0.4768247462919594,
      "n": 69088,
      "n_positive": 17272,
      "n_predicted_positive": 23720,
      "precision": 0.4120151770657673,
      "recall": 0.5658290875405281
    }
  }
}
