{
  "candidate_groups": {
    "test": {
      "groups": 34520,
      "positives_max": 1,
      "positives_mean": 1.0,
      "positives_min": 1,
      "rows_max": 20,
      "rows_mean": 20.0,
      "rows_min": 20,
      "sampled_max": 19,
      "sampled_mean": 19.0,
      "sampled_min": 19
    },
    "val": {
      "groups": 17629,
      "positives_max": 1,
      "positives_mean": 1.0,
      "positives_min": 1,
      "rows_max": 20,
      "rows_mean": 20.0,
      "rows_min": 20,
      "sampled_max": 19,
      "sampled_mean": 19.0,
      "sampled_min": 19
    }
  },
  "main_metric": "test.macro_by_user_group_mean.f1",
  "method": "popularity_f1_threshold",
  "stage_times_seconds": {
    "apply_threshold": 0.001,
    "candidate_group_summary": 0.211,
    "compute_metrics": 1.202,
    "fit": 0.122,
    "prepare_xy": 0.127,
    "score_test": 0.145,
    "score_val": 0.084,
    "select_threshold": 0.319,
    "write_predictions": 0.881
  },
  "task": "ml-1m_interaction_cap20_eval_users1000_m19_seed0",
  "test": {
    "macro_by_group": {
      "accuracy": 0.8961312282734647,
      "f1": 0.32127073792050614,
      "n": 690400,
      "n_groups": 34520,
      "n_positive": 34520,
      "n_predicted_positive": 72997,
      "precision": 0.25494530430944107,
      "recall": 0.5186268829663963
    },
    "macro_by_user_group_mean": {
      "accuracy": 0.8809583721966134,
      "f1": 0.33088360627948643,
      "n": 690400,
      "n_groups": 34520,
      "n_positive": 34520,
      "n_predicted_positive": 72997,
      "n_users": 1000,
      "precision": 0.2510637222678575,
      "recall": 0.5840120141829491
    },
    "micro": {
      "accuracy": 0.8961312282734647,
      "f1": 0.3330264051266311,
      "n": 690400,
      "n_positive": 34520,
      "n_predicted_positive": 72997,
      "precision": 0.24525665438305683,
      "recall": 0.5186268829663963
    }
  },
  "threshold": 432.0,
  "threshold_metric": "macro_by_user_group_mean_f1",
  "val": {
    "macro_by_group": {
      "accuracy": 0.8955641272902605,
      "f1": 0.3194604079906706,
      "n": 352580,
      "n_groups": 17629,
      "n_positive": 17629,
      "n_predicted_positive": 37565,
      "precision": 0.2522635412249117,
      "recall": 0.5210732316070111
    },
    "macro_by_user_group_mean": {
      "accuracy": 0.881837880825525,
      "f1": 0.33208165755758823,
      "n": 352580,
      "n_groups": 17629,
      "n_positive": 17629,
      "n_predicted_positive": 37565,
      "n_users": 1000,
      "precision": 0.251195704441818,
      "recall": 0.5896554200001437
    },
    "micro": {
      "accuracy": 0.8955641272902604,
      "f1": 0.3328622676377867,
      "n": 352580,
      "n_positive": 17629,
      "n_predicted_positive": 37565,
      "precision": 0.24453613736190602,
      "recall": 0.5210732316070111
    }
  }
}
