{
  "candidate_groups": {
    "requested": {
      "groups": 2491,
      "positives_max": 5,
      "positives_mean": 4.544359694901646,
      "positives_min": 1,
      "rows_max": 10,
      "rows_mean": 9.088719389803291,
      "rows_min": 2,
      "sampled_max": 0,
      "sampled_mean": 0.0,
      "sampled_min": 0
    },
    "scored": {
      "groups": 2491,
      "positives_max": 5,
      "positives_mean": 4.544359694901646,
      "positives_min": 1,
      "rows_max": 10,
      "rows_mean": 9.088719389803291,
      "rows_min": 2,
      "sampled_max": 0,
      "sampled_mean": 0.0,
      "sampled_min": 0
    }
  },
  "coverage": {
    "failed_fraction": 0.0,
    "failed_rows": 0,
    "requested_rows": 22640,
    "scored_fraction": 1.0,
    "scored_rows": 22640
  },
  "llm_errors": 0,
  "main_metric": "test.macro_by_user_group_mean.f1",
  "max_candidate_groups": null,
  "max_workers": 64,
  "method": "llm_preference_yes_no_litellm_qwen36_27b_full",
  "requested_rows": 22640,
  "scored_rows": 22640,
  "task": "ml-1m_preference_cap10_eval_users1000_cg5_m1_seed0",
  "test": {
    "macro_by_group": {
      "accuracy": 0.6015589455372674,
      "f1": 0.5976813609691972,
      "n": 22640,
      "n_groups": 2491,
      "n_positive": 11320,
      "n_predicted_positive": 12501,
      "precision": 0.59662451492038,
      "recall": 0.6539007092198582
    },
    "macro_by_user_group_mean": {
      "accuracy": 0.6019246801782377,
      "f1": 0.5957546564402968,
      "n": 22640,
      "n_groups": 2491,
      "n_positive": 11320,
      "n_predicted_positive": 12501,
      "n_users": 773,
      "precision": 0.5917231958904016,
      "recall": 0.655238608595659
    },
    "micro": {
      "accuracy": 0.6001325088339222,
      "f1": 0.619957180638932,
      "n": 22640,
      "n_positive": 11320,
      "n_predicted_positive": 12501,
      "precision": 0.5906727461803056,
      "recall": 0.6522968197879858
    }
  },
  "test_failure_as_negative": {
    "macro_by_group": {
      "accuracy": 0.6015589455372674,
      "f1": 0.5976813609691972,
      "n": 22640,
      "n_groups": 2491,
      "n_positive": 11320,
      "n_predicted_positive": 12501,
      "precision": 0.59662451492038,
      "recall": 0.6539007092198582
    },
    "macro_by_user_group_mean": {
      "accuracy": 0.6019246801782377,
      "f1": 0.5957546564402968,
      "n": 22640,
      "n_groups": 2491,
      "n_positive": 11320,
      "n_predicted_positive": 12501,
      "n_users": 773,
      "precision": 0.5917231958904016,
      "recall": 0.655238608595659
    },
    "micro": {
      "accuracy": 0.6001325088339222,
      "f1": 0.619957180638932,
      "n": 22640,
      "n_positive": 11320,
      "n_predicted_positive": 12501,
      "precision": 0.5906727461803056,
      "recall": 0.6522968197879858
    }
  }
}
