{
  "candidate_groups": {
    "requested": {
      "groups": 3672,
      "positives_max": 5,
      "positives_mean": 4.703703703703703,
      "positives_min": 1,
      "rows_max": 20,
      "rows_mean": 18.814814814814813,
      "rows_min": 4,
      "sampled_max": 15,
      "sampled_mean": 14.11111111111111,
      "sampled_min": 3
    },
    "scored": {
      "groups": 3662,
      "positives_max": 5,
      "positives_mean": 4.702894593118515,
      "positives_min": 1,
      "rows_max": 20,
      "rows_mean": 18.81157837247406,
      "rows_min": 4,
      "sampled_max": 15,
      "sampled_mean": 14.108683779355543,
      "sampled_min": 3
    }
  },
  "coverage": {
    "failed_fraction": 0.0028948587308939323,
    "failed_rows": 200,
    "requested_rows": 69088,
    "scored_fraction": 0.9971051412691061,
    "scored_rows": 68888
  },
  "llm_errors": 10,
  "main_metric": "test.macro_by_user_group_mean.ndcg@5",
  "max_candidate_groups": null,
  "max_workers": 32,
  "method": "agent4rec_yes_no_vllm_qwen3_8b_traits_taste_gpt4o_mini_full",
  "protocol": "ranking",
  "ranking_evaluation": {
    "ks": [
      1,
      3,
      5,
      10
    ],
    "tie_policy": "average"
  },
  "requested_rows": 69088,
  "scored_rows": 68888,
  "task": "ml-1m_item_stats_cap20_eval_users1000_cg5_m3_seed2",
  "test": {
    "macro_by_group": {
      "groups_with_score_ties": 3662,
      "groups_with_score_ties_fraction": 1.0,
      "groups_with_size_lte@1": 0,
      "groups_with_size_lte@10": 215,
      "groups_with_size_lte@3": 0,
      "groups_with_size_lte@5": 116,
      "groups_without_positive": 0,
      "hit_rate@1": 0.4529121586723994,
      "hit_rate@10": 0.9945476730691758,
      "hit_rate@3": 0.8037006945525084,
      "hit_rate@5": 0.9242913920760663,
      "n": 68888,
      "n_groups": 3662,
      "n_positive": 17222,
      "ndcg@1": 0.4529121586723994,
      "ndcg@10": 0.558154229704324,
      "ndcg@3": 0.4454876900841898,
      "ndcg@5": 0.43375696591108454,
      "tie_policy": "average"
    },
    "macro_by_user_group_mean": {
      "groups_with_score_ties": 3662,
      "groups_with_score_ties_fraction": 1.0,
      "groups_with_size_lte@1": 0,
      "groups_with_size_lte@10": 215,
      "groups_with_size_lte@3": 0,
      "groups_with_size_lte@5": 116,
      "groups_without_positive": 0,
      "hit_rate@1": 0.45401276941281976,
      "hit_rate@10": 0.9947613660290519,
      "hit_rate@3": 0.8016000240427213,
      "hit_rate@5": 0.9235131657812288,
      "n": 68888,
      "n_groups": 3662,
      "n_positive": 17222,
      "n_users": 1000,
      "ndcg@1": 0.45401276941281976,
      "ndcg@10": 0.5638144942861846,
      "ndcg@3": 0.4486307738352872,
      "ndcg@5": 0.44123603021866986,
      "tie_policy": "average"
    }
  },
  "test_failure_as_zero_group": {
    "macro_by_group": {
      "failed_groups": 10,
      "failed_groups_fraction": 0.0027233115468409588,
      "failure_policy": "failed_group_zero",
      "groups_with_score_ties": 3662,
      "groups_with_score_ties_fraction": 0.9972766884531591,
      "groups_with_size_lte@1": 0,
      "groups_with_size_lte@10": 215,
      "groups_with_size_lte@3": 0,
      "groups_with_size_lte@5": 116,
      "groups_without_positive": 0,
      "hit_rate@1": 0.4516787377609822,
      "hit_rate@10": 0.9918392099072227,
      "hit_rate@3": 0.8015119671708293,
      "hit_rate@5": 0.9217742586553798,
      "n": 69088,
      "n_groups": 3672,
      "n_positive": 17272,
      "ndcg@1": 0.4516787377609822,
      "ndcg@10": 0.5566342018456522,
      "ndcg@3": 0.44427448831380806,
      "ndcg@5": 0.43257571055729616,
      "scored_groups": 3662,
      "tie_policy": "average"
    },
    "macro_by_user_group_mean": {
      "failed_groups": 10,
      "failed_groups_fraction": 0.0027233115468409588,
      "failure_policy": "failed_group_zero",
      "groups_with_score_ties": 3662,
      "groups_with_score_ties_fraction": 0.9972766884531591,
      "groups_with_size_lte@1": 0,
      "groups_with_size_lte@10": 215,
      "groups_with_size_lte@3": 0,
      "groups_with_size_lte@5": 116,
      "groups_without_positive": 0,
      "hit_rate@1": 0.45302913846043885,
      "hit_rate@10": 0.9923255688154295,
      "hit_rate@3": 0.7997157257971074,
      "hit_rate@5": 0.9212479910490554,
      "n": 69088,
      "n_groups": 3672,
      "n_positive": 17272,
      "n_users": 1000,
      "ndcg@1": 0.4530291384604388,
      "ndcg@10": 0.5625045669174642,
      "ndcg@3": 0.44764400019350387,
      "ndcg@5": 0.44022562639029283,
      "scored_groups": 3662,
      "tie_policy": "average"
    }
  }
}
