{
  "candidate_groups": {
    "requested": {
      "groups": 2568,
      "positives_max": 2,
      "positives_mean": 1.945872274143302,
      "positives_min": 1,
      "rows_max": 8,
      "rows_mean": 7.783489096573208,
      "rows_min": 4,
      "sampled_max": 0,
      "sampled_mean": 0.0,
      "sampled_min": 0
    },
    "scored": {
      "groups": 2568,
      "positives_max": 2,
      "positives_mean": 1.945872274143302,
      "positives_min": 1,
      "rows_max": 8,
      "rows_mean": 7.783489096573208,
      "rows_min": 4,
      "sampled_max": 0,
      "sampled_mean": 0.0,
      "sampled_min": 0
    }
  },
  "coverage": {
    "failed_fraction": 0.0,
    "failed_rows": 0,
    "requested_rows": 19988,
    "scored_fraction": 1.0,
    "scored_rows": 19988
  },
  "llm_errors": 0,
  "main_metric": "test.macro_by_user_group_mean.f1",
  "max_candidate_groups": null,
  "max_workers": 64,
  "method": "llm_preference_yes_no_litellm_qwen36_27b_full",
  "requested_rows": 19988,
  "scored_rows": 19988,
  "task": "ml-1m_preference_cap10_eval_users1000_cg5_m3_seed1",
  "test": {
    "macro_by_group": {
      "accuracy": 0.564982476635514,
      "f1": 0.40949537655145135,
      "n": 19988,
      "n_groups": 2568,
      "n_positive": 4997,
      "n_predicted_positive": 10092,
      "precision": 0.32370846313603324,
      "recall": 0.6403816199376947
    },
    "macro_by_user_group_mean": {
      "accuracy": 0.5648674242424242,
      "f1": 0.41248533377997665,
      "n": 19988,
      "n_groups": 2568,
      "n_positive": 4997,
      "n_predicted_positive": 10092,
      "n_users": 616,
      "precision": 0.32618274582560297,
      "recall": 0.64316829004329
    },
    "micro": {
      "accuracy": 0.5649889933960376,
      "f1": 0.42375240241235335,
      "n": 19988,
      "n_positive": 4997,
      "n_predicted_positive": 10092,
      "precision": 0.31678557273087593,
      "recall": 0.6397838703221933
    }
  },
  "test_failure_as_negative": {
    "macro_by_group": {
      "accuracy": 0.564982476635514,
      "f1": 0.40949537655145135,
      "n": 19988,
      "n_groups": 2568,
      "n_positive": 4997,
      "n_predicted_positive": 10092,
      "precision": 0.32370846313603324,
      "recall": 0.6403816199376947
    },
    "macro_by_user_group_mean": {
      "accuracy": 0.5648674242424242,
      "f1": 0.41248533377997665,
      "n": 19988,
      "n_groups": 2568,
      "n_positive": 4997,
      "n_predicted_positive": 10092,
      "n_users": 616,
      "precision": 0.32618274582560297,
      "recall": 0.64316829004329
    },
    "micro": {
      "accuracy": 0.5649889933960376,
      "f1": 0.42375240241235335,
      "n": 19988,
      "n_positive": 4997,
      "n_predicted_positive": 10092,
      "precision": 0.31678557273087593,
      "recall": 0.6397838703221933
    }
  }
}
