{
  "mean_recall@1": 0.00025157181755941396,
  "mean_ndcg@1": 0.01009933774834437,
  "mean_hit_rate@1": 0.01009933774834437,
  "mean_recall@5": 0.0013302776856116679,
  "mean_ndcg@5": 0.010072260067112001,
  "mean_hit_rate@5": 0.048013245033112585,
  "mean_recall@10": 0.0025485821496525713,
  "mean_ndcg@10": 0.009739544888544678,
  "mean_hit_rate@10": 0.0859271523178808,
  "n_users": 6040,
  "n_users_scored": 6040,
  "n_users_with_recs": 6040
}
