{
  "candidate_groups": {
    "requested": {
      "groups": 4551,
      "positives_max": 10,
      "positives_mean": 9.70533948582729,
      "positives_min": 1,
      "rows_max": 20,
      "rows_mean": 19.41067897165458,
      "rows_min": 2,
      "sampled_max": 10,
      "sampled_mean": 9.70533948582729,
      "sampled_min": 1
    },
    "scored": {
      "groups": 4551,
      "positives_max": 10,
      "positives_mean": 9.70533948582729,
      "positives_min": 1,
      "rows_max": 20,
      "rows_mean": 19.41067897165458,
      "rows_min": 2,
      "sampled_max": 10,
      "sampled_mean": 9.70533948582729,
      "sampled_min": 1
    }
  },
  "llm_errors": 0,
  "main_metric": "test.macro_by_user_group_mean.f1",
  "max_candidate_groups": null,
  "max_workers": 128,
  "method": "llm_yes_no_vllm_qwen36_27b_full",
  "requested_rows": 88338,
  "scored_rows": 88338,
  "task": "ml-1m_cold_start_k3_cap20_eval_users1000_cg5_m1_seed0",
  "test": {
    "macro_by_group": {
      "accuracy": 0.635013585013585,
      "f1": 0.5539907900617542,
      "n": 88338,
      "n_groups": 4551,
      "n_positive": 44169,
      "n_predicted_positive": 35615,
      "precision": 0.6309205976416955,
      "recall": 0.5382473065399894
    },
    "macro_by_user_group_mean": {
      "accuracy": 0.6332343253968254,
      "f1": 0.5515450533728057,
      "n": 88338,
      "n_groups": 4551,
      "n_positive": 44169,
      "n_predicted_positive": 35615,
      "n_users": 1000,
      "precision": 0.6290764468829388,
      "recall": 0.5354214748677248
    },
    "micro": {
      "accuracy": 0.6353777536281102,
      "f1": 0.596284969417427,
      "n": 88338,
      "n_positive": 44169,
      "n_predicted_positive": 35615,
      "precision": 0.6678927418222659,
      "recall": 0.5385451334646472
    }
  }
}
