{
  "candidate_groups": {
    "requested": {
      "groups": 4551,
      "positives_max": 10,
      "positives_mean": 9.70533948582729,
      "positives_min": 1,
      "rows_max": 20,
      "rows_mean": 19.41067897165458,
      "rows_min": 2,
      "sampled_max": 10,
      "sampled_mean": 9.70533948582729,
      "sampled_min": 1
    },
    "scored": {
      "groups": 4551,
      "positives_max": 10,
      "positives_mean": 9.70533948582729,
      "positives_min": 1,
      "rows_max": 20,
      "rows_mean": 19.41067897165458,
      "rows_min": 2,
      "sampled_max": 10,
      "sampled_mean": 9.70533948582729,
      "sampled_min": 1
    }
  },
  "llm_errors": 0,
  "main_metric": "test.macro_by_user_group_mean.ndcg@5",
  "max_candidate_groups": null,
  "max_workers": 128,
  "method": "llm_yes_no_vllm_qwen36_27b_full",
  "protocol": "ranking",
  "ranking_evaluation": {
    "ks": [
      1,
      3,
      5,
      10
    ],
    "tie_policy": "average"
  },
  "requested_rows": 88338,
  "scored_rows": 88338,
  "task": "ml-1m_cold_start_k3_cap20_eval_users1000_cg5_m1_seed0",
  "test": {
    "macro_by_group": {
      "groups_with_score_ties": 4532,
      "groups_with_score_ties_fraction": 0.995825093386069,
      "groups_with_size_lte@1": 0,
      "groups_with_size_lte@10": 141,
      "groups_with_size_lte@3": 33,
      "groups_with_size_lte@5": 63,
      "groups_without_positive": 0,
      "hit_rate@1": 0.6460821006080766,
      "hit_rate@10": 0.9999698952541963,
      "hit_rate@3": 0.9382771011518275,
      "hit_rate@5": 0.9869970967324286,
      "n": 88338,
      "n_groups": 4551,
      "n_positive": 44169,
      "ndcg@1": 0.6460821006080766,
      "ndcg@10": 0.6337428103289084,
      "ndcg@3": 0.6487272415519963,
      "ndcg@5": 0.6485936067756655,
      "tie_policy": "average"
    },
    "macro_by_user_group_mean": {
      "groups_with_score_ties": 4532,
      "groups_with_score_ties_fraction": 0.995825093386069,
      "groups_with_size_lte@1": 0,
      "groups_with_size_lte@10": 141,
      "groups_with_size_lte@3": 33,
      "groups_with_size_lte@5": 63,
      "groups_without_positive": 0,
      "hit_rate@1": 0.6443847802162721,
      "hit_rate@10": 0.9999724953530874,
      "hit_rate@3": 0.9387074725215302,
      "hit_rate@5": 0.9874513116599747,
      "n": 88338,
      "n_groups": 4551,
      "n_positive": 44169,
      "n_users": 1000,
      "ndcg@1": 0.644384780216272,
      "ndcg@10": 0.635108240830928,
      "ndcg@3": 0.6476953070466982,
      "ndcg@5": 0.6478272597735923,
      "tie_policy": "average"
    }
  }
}
