{
  "candidate_groups": {
    "requested": {
      "groups": 2175,
      "positives_max": 1,
      "positives_mean": 1.0,
      "positives_min": 1,
      "rows_max": 10,
      "rows_mean": 10.0,
      "rows_min": 10,
      "sampled_max": 0,
      "sampled_mean": 0.0,
      "sampled_min": 0
    },
    "scored": {
      "groups": 2175,
      "positives_max": 1,
      "positives_mean": 1.0,
      "positives_min": 1,
      "rows_max": 10,
      "rows_mean": 10.0,
      "rows_min": 10,
      "sampled_max": 0,
      "sampled_mean": 0.0,
      "sampled_min": 0
    }
  },
  "coverage": {
    "failed_fraction": 0.0,
    "failed_rows": 0,
    "requested_rows": 21750,
    "scored_fraction": 1.0,
    "scored_rows": 21750
  },
  "llm_errors": 0,
  "main_metric": "test.macro_by_user_group_mean.f1",
  "max_candidate_groups": null,
  "max_workers": 128,
  "method": "llm_preference_yes_no_litellm_qwen3_8b_full",
  "requested_rows": 21750,
  "scored_rows": 21750,
  "task": "ml-1m_preference_cap10_eval_users1000_cg5_m9_seed0",
  "test": {
    "macro_by_group": {
      "accuracy": 0.7625287356321839,
      "f1": 0.09378673433845847,
      "n": 21750,
      "n_groups": 2175,
      "n_positive": 2175,
      "n_predicted_positive": 3912,
      "precision": 0.0678195584747309,
      "recall": 0.21195402298850574
    },
    "macro_by_user_group_mean": {
      "accuracy": 0.7636969696969698,
      "f1": 0.09342804670077398,
      "n": 21750,
      "n_groups": 2175,
      "n_positive": 2175,
      "n_predicted_positive": 3912,
      "n_users": 440,
      "precision": 0.06771554834054834,
      "recall": 0.21045454545454548
    },
    "micro": {
      "accuracy": 0.7625287356321839,
      "f1": 0.15147034664038114,
      "n": 21750,
      "n_positive": 2175,
      "n_predicted_positive": 3912,
      "precision": 0.11784253578732107,
      "recall": 0.21195402298850574
    }
  },
  "test_failure_as_negative": {
    "macro_by_group": {
      "accuracy": 0.7625287356321839,
      "f1": 0.09378673433845847,
      "n": 21750,
      "n_groups": 2175,
      "n_positive": 2175,
      "n_predicted_positive": 3912,
      "precision": 0.0678195584747309,
      "recall": 0.21195402298850574
    },
    "macro_by_user_group_mean": {
      "accuracy": 0.7636969696969698,
      "f1": 0.09342804670077398,
      "n": 21750,
      "n_groups": 2175,
      "n_positive": 2175,
      "n_predicted_positive": 3912,
      "n_users": 440,
      "precision": 0.06771554834054834,
      "recall": 0.21045454545454548
    },
    "micro": {
      "accuracy": 0.7625287356321839,
      "f1": 0.15147034664038114,
      "n": 21750,
      "n_positive": 2175,
      "n_predicted_positive": 3912,
      "precision": 0.11784253578732107,
      "recall": 0.21195402298850574
    }
  }
}
