{
  "candidate_groups": {
    "requested": {
      "groups": 4641,
      "positives_max": 2,
      "positives_mean": 1.9691876750700281,
      "positives_min": 1,
      "rows_max": 20,
      "rows_mean": 19.69187675070028,
      "rows_min": 10,
      "sampled_max": 18,
      "sampled_mean": 17.722689075630253,
      "sampled_min": 9
    },
    "scored": {
      "groups": 4635,
      "positives_max": 2,
      "positives_mean": 1.9691477885652644,
      "positives_min": 1,
      "rows_max": 20,
      "rows_mean": 19.691477885652642,
      "rows_min": 10,
      "sampled_max": 18,
      "sampled_mean": 17.72233009708738,
      "sampled_min": 9
    }
  },
  "coverage": {
    "failed_fraction": 0.001313053944632892,
    "failed_rows": 120,
    "requested_rows": 91390,
    "scored_fraction": 0.9986869460553671,
    "scored_rows": 91270
  },
  "llm_errors": 6,
  "main_metric": "test.macro_by_user_group_mean.ndcg@5",
  "max_candidate_groups": null,
  "max_workers": 16,
  "method": "agent4rec_yes_no_vllm_qwen36_27b_taste_gpt4o_mini_full",
  "protocol": "ranking",
  "ranking_evaluation": {
    "ks": [
      1,
      3,
      5,
      10
    ],
    "tie_policy": "average"
  },
  "requested_rows": 91390,
  "scored_rows": 91270,
  "task": "ml-1m_item_stats_cap20_eval_users1000_cg5_m9_seed0",
  "test": {
    "macro_by_group": {
      "groups_with_score_ties": 4635,
      "groups_with_score_ties_fraction": 1.0,
      "groups_with_size_lte@1": 0,
      "groups_with_size_lte@10": 143,
      "groups_with_size_lte@3": 0,
      "groups_with_size_lte@5": 0,
      "groups_without_positive": 0,
      "hit_rate@1": 0.2173659906765801,
      "hit_rate@10": 0.9384103710826786,
      "hit_rate@3": 0.543140087241503,
      "hit_rate@5": 0.7455219788625762,
      "n": 91270,
      "n_groups": 4635,
      "n_positive": 9127,
      "ndcg@1": 0.2173659906765801,
      "ndcg@10": 0.475316425166277,
      "ndcg@3": 0.2830364764067144,
      "ndcg@5": 0.37345630682763575,
      "tie_policy": "average"
    },
    "macro_by_user_group_mean": {
      "groups_with_score_ties": 4635,
      "groups_with_score_ties_fraction": 1.0,
      "groups_with_size_lte@1": 0,
      "groups_with_size_lte@10": 143,
      "groups_with_size_lte@3": 0,
      "groups_with_size_lte@5": 0,
      "groups_without_positive": 0,
      "hit_rate@1": 0.21684519756101026,
      "hit_rate@10": 0.9382374466348924,
      "hit_rate@3": 0.5420792511397271,
      "hit_rate@5": 0.7440573956236689,
      "n": 91270,
      "n_groups": 4635,
      "n_positive": 9127,
      "n_users": 1000,
      "ndcg@1": 0.21684519756101026,
      "ndcg@10": 0.4754851961228981,
      "ndcg@3": 0.2836108811325391,
      "ndcg@5": 0.3737094917361516,
      "tie_policy": "average"
    }
  },
  "test_failure_as_zero_group": {
    "macro_by_group": {
      "failed_groups": 6,
      "failed_groups_fraction": 0.001292824822236587,
      "failure_policy": "failed_group_zero",
      "groups_with_score_ties": 4635,
      "groups_with_score_ties_fraction": 0.9987071751777634,
      "groups_with_size_lte@1": 0,
      "groups_with_size_lte@10": 143,
      "groups_with_size_lte@3": 0,
      "groups_with_size_lte@5": 0,
      "groups_without_positive": 0,
      "hit_rate@1": 0.2170849745283234,
      "hit_rate@10": 0.9371971708614988,
      "hit_rate@3": 0.5424379022547654,
      "hit_rate@5": 0.7445581495427798,
      "n": 91390,
      "n_groups": 4641,
      "n_positive": 9139,
      "ndcg@1": 0.2170849745283234,
      "ndcg@10": 0.47470192429340524,
      "ndcg@3": 0.28267055982441747,
      "ndcg@5": 0.3729734932441482,
      "scored_groups": 4635,
      "tie_policy": "average"
    },
    "macro_by_user_group_mean": {
      "failed_groups": 6,
      "failed_groups_fraction": 0.001292824822236587,
      "failure_policy": "failed_group_zero",
      "groups_with_score_ties": 4635,
      "groups_with_score_ties_fraction": 0.9987071751777634,
      "groups_with_size_lte@1": 0,
      "groups_with_size_lte@10": 143,
      "groups_with_size_lte@3": 0,
      "groups_with_size_lte@5": 0,
      "groups_without_positive": 0,
      "hit_rate@1": 0.21658551502132772,
      "hit_rate@10": 0.9371333965183424,
      "hit_rate@3": 0.5414361667241429,
      "hit_rate@5": 0.7431746936034669,
      "n": 91390,
      "n_groups": 4641,
      "n_positive": 9139,
      "n_users": 1000,
      "ndcg@1": 0.21658551502132772,
      "ndcg@10": 0.47491912214648624,
      "ndcg@3": 0.28327839952933465,
      "ndcg@5": 0.37326687430278366,
      "scored_groups": 4635,
      "tie_policy": "average"
    }
  }
}
