{
  "candidate_groups": {
    "requested": {
      "groups": 5000,
      "positives_max": 1,
      "positives_mean": 1.0,
      "positives_min": 1,
      "rows_max": 20,
      "rows_mean": 20.0,
      "rows_min": 20,
      "sampled_max": 19,
      "sampled_mean": 19.0,
      "sampled_min": 19
    },
    "scored": {
      "groups": 5000,
      "positives_max": 1,
      "positives_mean": 1.0,
      "positives_min": 1,
      "rows_max": 20,
      "rows_mean": 20.0,
      "rows_min": 20,
      "sampled_max": 19,
      "sampled_mean": 19.0,
      "sampled_min": 19
    }
  },
  "llm_errors": 0,
  "main_metric": "test.macro_by_user_group_mean.f1",
  "max_candidate_groups": null,
  "max_workers": 128,
  "method": "llm_yes_no_vllm_qwen36_27b_full",
  "requested_rows": 100000,
  "scored_rows": 100000,
  "task": "ml-1m_cold_start_k1_cap20_eval_users1000_cg5_m19_seed1",
  "test": {
    "macro_by_group": {
      "accuracy": 0.7575799999999999,
      "f1": 0.11517171344994874,
      "n": 100000,
      "n_groups": 5000,
      "n_positive": 5000,
      "n_predicted_positive": 22540,
      "precision": 0.07701882423132424,
      "recall": 0.3298
    },
    "macro_by_user_group_mean": {
      "accuracy": 0.7575799999999999,
      "f1": 0.11517171344994874,
      "n": 100000,
      "n_groups": 5000,
      "n_positive": 5000,
      "n_predicted_positive": 22540,
      "n_users": 1000,
      "precision": 0.07701882423132424,
      "recall": 0.3298000000000001
    },
    "micro": {
      "accuracy": 0.75758,
      "f1": 0.11975308641975309,
      "n": 100000,
      "n_positive": 5000,
      "n_predicted_positive": 22540,
      "precision": 0.07315882874889086,
      "recall": 0.3298
    }
  }
}
