{
  "candidate_groups": {
    "requested": {
      "groups": 2175,
      "positives_max": 1,
      "positives_mean": 1.0,
      "positives_min": 1,
      "rows_max": 10,
      "rows_mean": 10.0,
      "rows_min": 10,
      "sampled_max": 0,
      "sampled_mean": 0.0,
      "sampled_min": 0
    },
    "scored": {
      "groups": 2173,
      "positives_max": 1,
      "positives_mean": 1.0,
      "positives_min": 1,
      "rows_max": 10,
      "rows_mean": 10.0,
      "rows_min": 10,
      "sampled_max": 0,
      "sampled_mean": 0.0,
      "sampled_min": 0
    }
  },
  "coverage": {
    "failed_fraction": 0.0009195402298850574,
    "failed_rows": 20,
    "requested_rows": 21750,
    "scored_fraction": 0.999080459770115,
    "scored_rows": 21730
  },
  "llm_errors": 2,
  "main_metric": "test.macro_by_user_group_mean.f1",
  "max_candidate_groups": null,
  "max_workers": 64,
  "method": "agent4rec_preference_yes_no_litellm_qwen36_27b_traits_taste_gpt4o_mini_no_summary_control_full",
  "requested_rows": 21750,
  "scored_rows": 21730,
  "task": "ml-1m_preference_cap10_eval_users1000_cg5_m9_seed0",
  "test": {
    "macro_by_group": {
      "accuracy": 0.5246203405430281,
      "f1": 0.21974873314035762,
      "n": 21730,
      "n_groups": 2173,
      "n_positive": 2173,
      "n_predicted_positive": 11001,
      "precision": 0.13740239154413106,
      "recall": 0.6543948458352508
    },
    "macro_by_user_group_mean": {
      "accuracy": 0.5249393939393939,
      "f1": 0.21934967641785824,
      "n": 21730,
      "n_groups": 2173,
      "n_positive": 2173,
      "n_predicted_positive": 11001,
      "n_users": 440,
      "precision": 0.1372682178932179,
      "recall": 0.652159090909091
    },
    "micro": {
      "accuracy": 0.5246203405430281,
      "f1": 0.21587976316988006,
      "n": 21730,
      "n_positive": 2173,
      "n_predicted_positive": 11001,
      "precision": 0.12926097627488412,
      "recall": 0.6543948458352508
    }
  },
  "test_failure_as_negative": {
    "macro_by_group": {
      "accuracy": 0.5249655172413794,
      "f1": 0.2195466653397688,
      "n": 21750,
      "n_groups": 2175,
      "n_positive": 2175,
      "n_predicted_positive": 11001,
      "precision": 0.13727604451742384,
      "recall": 0.6537931034482759
    },
    "macro_by_user_group_mean": {
      "accuracy": 0.5253030303030303,
      "f1": 0.2191297088853907,
      "n": 21750,
      "n_groups": 2175,
      "n_positive": 2175,
      "n_predicted_positive": 11001,
      "n_users": 440,
      "precision": 0.1371364538239538,
      "recall": 0.6514772727272726
    },
    "micro": {
      "accuracy": 0.5249655172413793,
      "f1": 0.21584699453551912,
      "n": 21750,
      "n_positive": 2175,
      "n_predicted_positive": 11001,
      "precision": 0.12926097627488412,
      "recall": 0.6537931034482759
    }
  }
}
