{
  "candidate_groups": {
    "requested": {
      "groups": 2967,
      "positives_max": 6,
      "positives_mean": 5.903606336366701,
      "positives_min": 1,
      "rows_max": 18,
      "rows_mean": 17.710819009100103,
      "rows_min": 3,
      "sampled_max": 12,
      "sampled_mean": 11.807212672733401,
      "sampled_min": 2
    },
    "scored": {
      "groups": 2967,
      "positives_max": 6,
      "positives_mean": 5.903606336366701,
      "positives_min": 1,
      "rows_max": 18,
      "rows_mean": 17.710819009100103,
      "rows_min": 3,
      "sampled_max": 12,
      "sampled_mean": 11.807212672733401,
      "sampled_min": 2
    }
  },
  "llm_errors": 0,
  "main_metric": "test.macro_by_user_group_mean.ndcg@5",
  "max_candidate_groups": null,
  "max_workers": 128,
  "method": "llm_yes_no_vllm_qwen36_27b_full",
  "protocol": "ranking",
  "ranking_evaluation": {
    "ks": [
      1,
      3,
      5,
      10
    ],
    "tie_policy": "average"
  },
  "requested_rows": 52548,
  "scored_rows": 52548,
  "scoring": "batch",
  "task": "ml-1m_cold_start_k5_cap20_eval_users1000_cg5_m2_seed2",
  "test": {
    "macro_by_group": {
      "groups_with_score_ties": 2967,
      "groups_with_score_ties_fraction": 1.0,
      "groups_with_size_lte@1": 0,
      "groups_with_size_lte@10": 62,
      "groups_with_size_lte@3": 22,
      "groups_with_size_lte@5": 22,
      "groups_without_positive": 0,
      "hit_rate@1": 0.510116013568699,
      "hit_rate@10": 0.9983327346602787,
      "hit_rate@3": 0.8599049667924943,
      "hit_rate@5": 0.9495607285427662,
      "n": 52548,
      "n_groups": 2967,
      "n_positive": 17516,
      "ndcg@1": 0.510116013568699,
      "ndcg@10": 0.6364648002386262,
      "ndcg@3": 0.511940555177288,
      "ndcg@5": 0.5094717969466681,
      "tie_policy": "average"
    },
    "macro_by_user_group_mean": {
      "groups_with_score_ties": 2967,
      "groups_with_score_ties_fraction": 1.0,
      "groups_with_size_lte@1": 0,
      "groups_with_size_lte@10": 62,
      "groups_with_size_lte@3": 22,
      "groups_with_size_lte@5": 22,
      "groups_without_positive": 0,
      "hit_rate@1": 0.5083527068691766,
      "hit_rate@10": 0.9984013225794424,
      "hit_rate@3": 0.8631815189676653,
      "hit_rate@5": 0.9508562368740809,
      "n": 52548,
      "n_groups": 2967,
      "n_positive": 17516,
      "n_users": 642,
      "ndcg@1": 0.5083527068691766,
      "ndcg@10": 0.6400611193158158,
      "ndcg@3": 0.515559402981994,
      "ndcg@5": 0.5150646769564959,
      "tie_policy": "average"
    }
  }
}
