{
  "candidate_groups": {
    "requested": {
      "groups": 3982,
      "positives_max": 5,
      "positives_mean": 4.896785534907082,
      "positives_min": 1,
      "rows_max": 20,
      "rows_mean": 19.587142139628327,
      "rows_min": 4,
      "sampled_max": 15,
      "sampled_mean": 14.690356604721245,
      "sampled_min": 3
    },
    "scored": {
      "groups": 3970,
      "positives_max": 5,
      "positives_mean": 4.896473551637279,
      "positives_min": 1,
      "rows_max": 20,
      "rows_mean": 19.585894206549117,
      "rows_min": 4,
      "sampled_max": 15,
      "sampled_mean": 14.689420654911839,
      "sampled_min": 3
    }
  },
  "llm_errors": 12,
  "main_metric": "test.macro_by_user_group_mean.f1",
  "max_candidate_groups": null,
  "max_workers": 128,
  "method": "agent4rec_yes_no_vllm_qwen36_27b_traits_taste_gpt4o_mini_full",
  "requested_rows": 77996,
  "scored_rows": 77756,
  "task": "ml-1m_cold_start_k3_cap20_eval_users1000_cg5_m3_seed1",
  "test": {
    "macro_by_group": {
      "accuracy": 0.6114242233417296,
      "f1": 0.3765126592523269,
      "n": 77756,
      "n_groups": 3970,
      "n_positive": 19439,
      "n_predicted_positive": 30773,
      "precision": 0.3223817059777943,
      "recall": 0.5133081444164568
    },
    "macro_by_user_group_mean": {
      "accuracy": 0.6107137172284645,
      "f1": 0.37582463085105405,
      "n": 77756,
      "n_groups": 3970,
      "n_positive": 19439,
      "n_predicted_positive": 30773,
      "n_users": 890,
      "precision": 0.3223922374640733,
      "recall": 0.5108495630461923
    },
    "micro": {
      "accuracy": 0.611374041874582,
      "f1": 0.3981916673305186,
      "n": 77756,
      "n_positive": 19439,
      "n_predicted_positive": 30773,
      "precision": 0.32486270431872094,
      "recall": 0.5142754256906219
    }
  }
}
