{
  "candidate_groups": {
    "requested": {
      "groups": 3982,
      "positives_max": 5,
      "positives_mean": 4.896785534907082,
      "positives_min": 1,
      "rows_max": 20,
      "rows_mean": 19.587142139628327,
      "rows_min": 4,
      "sampled_max": 15,
      "sampled_mean": 14.690356604721245,
      "sampled_min": 3
    },
    "scored": {
      "groups": 3970,
      "positives_max": 5,
      "positives_mean": 4.896473551637279,
      "positives_min": 1,
      "rows_max": 20,
      "rows_mean": 19.585894206549117,
      "rows_min": 4,
      "sampled_max": 15,
      "sampled_mean": 14.689420654911839,
      "sampled_min": 3
    }
  },
  "llm_errors": 12,
  "main_metric": "test.macro_by_user_group_mean.ndcg@5",
  "max_candidate_groups": null,
  "max_workers": 128,
  "method": "agent4rec_yes_no_vllm_qwen36_27b_traits_taste_gpt4o_mini_full",
  "protocol": "ranking",
  "ranking_evaluation": {
    "ks": [
      1,
      3,
      5,
      10
    ],
    "tie_policy": "average"
  },
  "requested_rows": 77996,
  "scored_rows": 77756,
  "task": "ml-1m_cold_start_k3_cap20_eval_users1000_cg5_m3_seed1",
  "test": {
    "macro_by_group": {
      "groups_with_score_ties": 3970,
      "groups_with_score_ties_fraction": 1.0,
      "groups_with_size_lte@1": 0,
      "groups_with_size_lte@10": 83,
      "groups_with_size_lte@3": 0,
      "groups_with_size_lte@5": 41,
      "groups_without_positive": 0,
      "hit_rate@1": 0.32477465308106884,
      "hit_rate@10": 0.9813855228949863,
      "hit_rate@3": 0.6754633532853502,
      "hit_rate@5": 0.8395576625320992,
      "n": 77756,
      "n_groups": 3970,
      "n_positive": 19439,
      "ndcg@1": 0.32477465308106884,
      "ndcg@10": 0.4777856864689163,
      "ndcg@3": 0.3269080936180902,
      "ndcg@5": 0.328922183078693,
      "tie_policy": "average"
    },
    "macro_by_user_group_mean": {
      "groups_with_score_ties": 3970,
      "groups_with_score_ties_fraction": 1.0,
      "groups_with_size_lte@1": 0,
      "groups_with_size_lte@10": 83,
      "groups_with_size_lte@3": 0,
      "groups_with_size_lte@5": 41,
      "groups_without_positive": 0,
      "hit_rate@1": 0.32507014008579604,
      "hit_rate@10": 0.982472372534792,
      "hit_rate@3": 0.6788952838737098,
      "hit_rate@5": 0.8439328707353415,
      "n": 77756,
      "n_groups": 3970,
      "n_positive": 19439,
      "n_users": 890,
      "ndcg@1": 0.32507014008579604,
      "ndcg@10": 0.4843732297801759,
      "ndcg@3": 0.33226665022497737,
      "ndcg@5": 0.3383686888459699,
      "tie_policy": "average"
    }
  }
}
