{
  "candidate_groups": {
    "test": {
      "groups": 2763,
      "positives_max": 10,
      "positives_mean": 8.776692001447701,
      "positives_min": 1,
      "rows_max": 20,
      "rows_mean": 17.553384002895402,
      "rows_min": 2,
      "sampled_max": 10,
      "sampled_mean": 8.776692001447701,
      "sampled_min": 1
    },
    "val": {
      "groups": 1989,
      "positives_max": 10,
      "positives_mean": 7.700854700854701,
      "positives_min": 1,
      "rows_max": 20,
      "rows_mean": 15.401709401709402,
      "rows_min": 2,
      "sampled_max": 10,
      "sampled_mean": 7.700854700854701,
      "sampled_min": 1
    }
  },
  "main_metric": "test.macro_by_user_group_mean.ndcg@5",
  "method": "popularity_ranking",
  "protocol": "ranking",
  "ranking_evaluation": {
    "ks": [
      1,
      3,
      5,
      10
    ],
    "tie_policy": "average"
  },
  "stage_times_seconds": {
    "candidate_group_summary": 0.012,
    "compute_ranking_metrics": 0.702,
    "fit": 0.057,
    "prepare_xy": 0.017,
    "score_test": 0.005,
    "score_val": 0.004,
    "write_predictions": 0.033
  },
  "task": "ml-1m_cap20_eval_users1000_cg5_m1_seed2",
  "test": {
    "macro_by_group": {
      "groups_with_score_ties": 869,
      "groups_with_score_ties_fraction": 0.31451321027868256,
      "groups_with_size_lte@1": 0,
      "groups_with_size_lte@10": 373,
      "groups_with_size_lte@3": 65,
      "groups_with_size_lte@5": 117,
      "groups_without_positive": 0,
      "hit_rate@1": 0.9359391965255157,
      "hit_rate@10": 1.0,
      "hit_rate@3": 0.998914223669924,
      "hit_rate@5": 1.0,
      "n": 48500,
      "n_groups": 2763,
      "n_positive": 24250,
      "ndcg@1": 0.9359391965255157,
      "ndcg@10": 0.8480061909580558,
      "ndcg@3": 0.9096915377371398,
      "ndcg@5": 0.8868970668135451,
      "tie_policy": "average"
    },
    "macro_by_user_group_mean": {
      "groups_with_score_ties": 869,
      "groups_with_score_ties_fraction": 0.31451321027868256,
      "groups_with_size_lte@1": 0,
      "groups_with_size_lte@10": 373,
      "groups_with_size_lte@3": 65,
      "groups_with_size_lte@5": 117,
      "groups_without_positive": 0,
      "hit_rate@1": 0.9381333333333334,
      "hit_rate@10": 1.0,
      "hit_rate@3": 0.9986,
      "hit_rate@5": 1.0,
      "n": 48500,
      "n_groups": 2763,
      "n_positive": 24250,
      "n_users": 1000,
      "ndcg@1": 0.9381333333333334,
      "ndcg@10": 0.8679191166640403,
      "ndcg@3": 0.9091376054231093,
      "ndcg@5": 0.8848962354832124,
      "tie_policy": "average"
    }
  },
  "val": {
    "macro_by_group": {
      "groups_with_score_ties": 557,
      "groups_with_score_ties_fraction": 0.2800402212166918,
      "groups_with_size_lte@1": 0,
      "groups_with_size_lte@10": 555,
      "groups_with_size_lte@3": 74,
      "groups_with_size_lte@5": 130,
      "groups_without_positive": 0,
      "hit_rate@1": 0.9150326797385621,
      "hit_rate@10": 1.0,
      "hit_rate@3": 0.9979889391654098,
      "hit_rate@5": 1.0,
      "n": 30634,
      "n_groups": 1989,
      "n_positive": 15317,
      "ndcg@1": 0.9150326797385621,
      "ndcg@10": 0.8626368105780559,
      "ndcg@3": 0.8902759622158171,
      "ndcg@5": 0.8808350133452377,
      "tie_policy": "average"
    },
    "macro_by_user_group_mean": {
      "groups_with_score_ties": 557,
      "groups_with_score_ties_fraction": 0.2800402212166918,
      "groups_with_size_lte@1": 0,
      "groups_with_size_lte@10": 555,
      "groups_with_size_lte@3": 74,
      "groups_with_size_lte@5": 130,
      "groups_without_positive": 0,
      "hit_rate@1": 0.90485,
      "hit_rate@10": 1.0,
      "hit_rate@3": 0.9979166666666667,
      "hit_rate@5": 1.0,
      "n": 30634,
      "n_groups": 1989,
      "n_positive": 15317,
      "n_users": 1000,
      "ndcg@1": 0.90485,
      "ndcg@10": 0.8833729177859525,
      "ndcg@3": 0.8766700266157954,
      "ndcg@5": 0.8784492610184386,
      "tie_policy": "average"
    }
  }
}
