{
  "candidate_groups": {
    "requested": {
      "groups": 3672,
      "positives_max": 5,
      "positives_mean": 4.703703703703703,
      "positives_min": 1,
      "rows_max": 20,
      "rows_mean": 18.814814814814813,
      "rows_min": 4,
      "sampled_max": 15,
      "sampled_mean": 14.11111111111111,
      "sampled_min": 3
    },
    "scored": {
      "groups": 3669,
      "positives_max": 5,
      "positives_mean": 4.703461433633143,
      "positives_min": 1,
      "rows_max": 20,
      "rows_mean": 18.81384573453257,
      "rows_min": 4,
      "sampled_max": 15,
      "sampled_mean": 14.110384300899428,
      "sampled_min": 3
    }
  },
  "coverage": {
    "failed_fraction": 0.0008684576192681797,
    "failed_rows": 60,
    "requested_rows": 69088,
    "scored_fraction": 0.9991315423807319,
    "scored_rows": 69028
  },
  "llm_errors": 3,
  "main_metric": "test.macro_by_user_group_mean.f1",
  "max_candidate_groups": null,
  "max_workers": 64,
  "method": "agent4rec_yes_no_litellm_qwen3_8b_traits_taste_gpt4o_mini_no_summary_control_full",
  "requested_rows": 69088,
  "scored_rows": 69028,
  "task": "ml-1m_item_stats_cap20_eval_users1000_cg5_m3_seed2",
  "test": {
    "macro_by_group": {
      "accuracy": 0.7267466157899518,
      "f1": 0.3908667401416035,
      "n": 69028,
      "n_groups": 3669,
      "n_positive": 17257,
      "n_predicted_positive": 16742,
      "precision": 0.4056031269529202,
      "recall": 0.43483692195875356
    },
    "macro_by_user_group_mean": {
      "accuracy": 0.7334606944444445,
      "f1": 0.38365568054122234,
      "n": 69028,
      "n_groups": 3669,
      "n_positive": 17257,
      "n_predicted_positive": 16742,
      "n_users": 1000,
      "precision": 0.40059058489956323,
      "recall": 0.42244972222222227
    },
    "micro": {
      "accuracy": 0.7241264414440517,
      "f1": 0.4398952910379717,
      "n": 69028,
      "n_positive": 17257,
      "n_predicted_positive": 16742,
      "precision": 0.4466610918647712,
      "recall": 0.4333314017500145
    }
  },
  "test_failure_as_negative": {
    "macro_by_group": {
      "accuracy": 0.7267656136528686,
      "f1": 0.3905474045695924,
      "n": 69088,
      "n_groups": 3672,
      "n_positive": 17272,
      "n_predicted_positive": 16742,
      "precision": 0.40527175184920056,
      "recall": 0.43448166303558455
    },
    "macro_by_user_group_mean": {
      "accuracy": 0.7335165277777778,
      "f1": 0.38345313449249985,
      "n": 69088,
      "n_groups": 3672,
      "n_positive": 17272,
      "n_predicted_positive": 16742,
      "n_users": 1000,
      "precision": 0.40040391823289656,
      "recall": 0.4222197222222222
    },
    "micro": {
      "accuracy": 0.7241489115331172,
      "f1": 0.4397012994649262,
      "n": 69088,
      "n_positive": 17272,
      "n_predicted_positive": 16742,
      "precision": 0.4466610918647712,
      "recall": 0.43295507179249654
    }
  }
}
