dataset,negative_ratio,seeds,popularity_f1_mean,popularity_f1_sample_sd,qwen3_8b_f1_mean,qwen3_8b_f1_sample_sd,qwen36_27b_f1_mean,qwen36_27b_f1_sample_sd,qwen36_27b_coverage_min,qwen36_27b_error_groups
ml-1m,1,3,0.679413,0.006154,0.280401,0.006476,0.595869,0.001003,1.000000,0
ml-1m,2,3,0.538276,0.002573,0.230501,0.009995,0.491398,0.003695,1.000000,0
ml-1m,3,3,0.453241,0.004473,0.181705,0.006319,0.415506,0.002372,1.000000,0
ml-1m,9,3,0.255308,0.002677,0.093269,0.001556,0.227566,0.005996,1.000000,0
steam,1,3,0.718855,0.007037,0.071653,0.003103,0.631637,0.005006,1.000000,0
steam,2,3,0.594629,0.010659,0.066495,0.000998,0.549780,0.005868,1.000000,0
steam,3,3,0.520832,0.005326,0.046738,0.004430,0.483103,0.007694,1.000000,0
steam,9,3,0.320582,0.008425,0.023964,0.000276,0.288638,0.002519,1.000000,0
