{
  "candidate_groups": {
    "requested": {
      "groups": 2491,
      "positives_max": 5,
      "positives_mean": 4.544359694901646,
      "positives_min": 1,
      "rows_max": 10,
      "rows_mean": 9.088719389803291,
      "rows_min": 2,
      "sampled_max": 0,
      "sampled_mean": 0.0,
      "sampled_min": 0
    },
    "scored": {
      "groups": 2489,
      "positives_max": 5,
      "positives_mean": 4.543993571715548,
      "positives_min": 1,
      "rows_max": 10,
      "rows_mean": 9.087987143431096,
      "rows_min": 2,
      "sampled_max": 0,
      "sampled_mean": 0.0,
      "sampled_min": 0
    }
  },
  "coverage": {
    "failed_fraction": 0.0008833922261484099,
    "failed_rows": 20,
    "requested_rows": 22640,
    "scored_fraction": 0.9991166077738516,
    "scored_rows": 22620
  },
  "llm_errors": 2,
  "main_metric": "test.macro_by_user_group_mean.f1",
  "max_candidate_groups": null,
  "max_workers": 64,
  "method": "agent4rec_preference_yes_no_litellm_qwen36_27b_traits_taste_gpt4o_mini_candidate_summary_full",
  "requested_rows": 22640,
  "scored_rows": 22620,
  "task": "ml-1m_preference_cap10_eval_users1000_cg5_m1_seed0",
  "test": {
    "macro_by_group": {
      "accuracy": 0.583299852685148,
      "f1": 0.5845816274703378,
      "n": 22620,
      "n_groups": 2489,
      "n_positive": 11310,
      "n_predicted_positive": 12510,
      "precision": 0.5771446746637586,
      "recall": 0.6302732020891925
    },
    "macro_by_user_group_mean": {
      "accuracy": 0.5849020770447032,
      "f1": 0.5650053348500955,
      "n": 22620,
      "n_groups": 2489,
      "n_positive": 11310,
      "n_predicted_positive": 12510,
      "n_users": 773,
      "precision": 0.5681829537909745,
      "recall": 0.6018186718413109
    },
    "micro": {
      "accuracy": 0.5824933687002652,
      "f1": 0.6035264483627204,
      "n": 22620,
      "n_positive": 11310,
      "n_predicted_positive": 12510,
      "precision": 0.5745803357314149,
      "recall": 0.6355437665782493
    }
  },
  "test_failure_as_negative": {
    "macro_by_group": {
      "accuracy": 0.5832329720326509,
      "f1": 0.5841122724904338,
      "n": 22640,
      "n_groups": 2491,
      "n_positive": 11320,
      "n_predicted_positive": 12510,
      "precision": 0.5766812907419089,
      "recall": 0.6297671617824167
    },
    "macro_by_user_group_mean": {
      "accuracy": 0.584856798907575,
      "f1": 0.5647156191755157,
      "n": 22640,
      "n_groups": 2491,
      "n_positive": 11320,
      "n_predicted_positive": 12510,
      "n_users": 773,
      "precision": 0.5678498360678179,
      "recall": 0.6015470030185425
    },
    "micro": {
      "accuracy": 0.5824204946996466,
      "f1": 0.6032731850608477,
      "n": 22640,
      "n_positive": 11320,
      "n_predicted_positive": 12510,
      "precision": 0.5745803357314149,
      "recall": 0.6349823321554771
    }
  }
}
