{
  "candidate_groups": {
    "test": {
      "groups": 2202,
      "positives_max": 10,
      "positives_mean": 9.727974568574023,
      "positives_min": 1,
      "rows_max": 20,
      "rows_mean": 19.455949137148046,
      "rows_min": 2,
      "sampled_max": 10,
      "sampled_mean": 9.727974568574023,
      "sampled_min": 1
    },
    "val": {
      "groups": 1277,
      "positives_max": 10,
      "positives_mean": 9.650743931088488,
      "positives_min": 1,
      "rows_max": 20,
      "rows_mean": 19.301487862176977,
      "rows_min": 2,
      "sampled_max": 10,
      "sampled_mean": 9.650743931088488,
      "sampled_min": 1
    }
  },
  "main_metric": "test.macro_by_user_group_mean.f1",
  "method": "popularity_f1_threshold",
  "stage_times_seconds": {
    "apply_threshold": 0.0,
    "candidate_group_summary": 0.019,
    "compute_metrics": 0.143,
    "fit": 0.084,
    "prepare_xy": 0.012,
    "score_test": 0.007,
    "score_val": 0.005,
    "select_threshold": 0.051,
    "write_predictions": 0.048
  },
  "task": "ml-1m_cold_start_k1_cap20_eval_users1000_cg5_m1_seed2",
  "test": {
    "macro_by_group": {
      "accuracy": 0.7577887346279717,
      "f1": 0.7891950304577017,
      "n": 42842,
      "n_groups": 2202,
      "n_positive": 21421,
      "n_predicted_positive": 27986,
      "precision": 0.7040768741825233,
      "recall": 0.9113044778916716
    },
    "macro_by_user_group_mean": {
      "accuracy": 0.7565059244916172,
      "f1": 0.7892691737141374,
      "n": 42842,
      "n_groups": 2202,
      "n_positive": 21421,
      "n_predicted_positive": 27986,
      "n_users": 498,
      "precision": 0.702896498165974,
      "recall": 0.9145295069165552
    },
    "micro": {
      "accuracy": 0.7585780309042528,
      "f1": 0.7906571943246908,
      "n": 42842,
      "n_positive": 21421,
      "n_predicted_positive": 27986,
      "precision": 0.6979203887658115,
      "recall": 0.9118155081462117
    }
  },
  "threshold": 105.0,
  "threshold_metric": "macro_by_user_group_mean_f1",
  "val": {
    "macro_by_group": {
      "accuracy": 0.760247541982076,
      "f1": 0.7922508777710187,
      "n": 24648,
      "n_groups": 1277,
      "n_positive": 12324,
      "n_predicted_positive": 16093,
      "precision": 0.7079560778717204,
      "recall": 0.912632534089073
    },
    "macro_by_user_group_mean": {
      "accuracy": 0.7596663923837838,
      "f1": 0.7913740181507785,
      "n": 24648,
      "n_groups": 1277,
      "n_positive": 12324,
      "n_predicted_positive": 16093,
      "n_users": 299,
      "precision": 0.7107308782455816,
      "recall": 0.9091187114013201
    },
    "micro": {
      "accuracy": 0.7607513794222655,
      "f1": 0.7924833726290601,
      "n": 24648,
      "n_positive": 12324,
      "n_predicted_positive": 16093,
      "precision": 0.6996830920275896,
      "recall": 0.913664394677053
    }
  }
}
