{
  "candidate_groups": {
    "requested": {
      "groups": 2867,
      "positives_max": 10,
      "positives_mean": 8.85699337286362,
      "positives_min": 1,
      "rows_max": 20,
      "rows_mean": 17.71398674572724,
      "rows_min": 2,
      "sampled_max": 10,
      "sampled_mean": 8.85699337286362,
      "sampled_min": 1
    },
    "scored": {
      "groups": 2865,
      "positives_max": 10,
      "positives_mean": 8.85759162303665,
      "positives_min": 1,
      "rows_max": 20,
      "rows_mean": 17.7151832460733,
      "rows_min": 2,
      "sampled_max": 10,
      "sampled_mean": 8.85759162303665,
      "sampled_min": 1
    }
  },
  "coverage": {
    "failed_fraction": 0.0006300949080455244,
    "failed_rows": 32,
    "requested_rows": 50786,
    "scored_fraction": 0.9993699050919544,
    "scored_rows": 50754
  },
  "llm_errors": 2,
  "main_metric": "test.macro_by_user_group_mean.ndcg@5",
  "max_candidate_groups": null,
  "max_workers": 16,
  "method": "agent4rec_yes_no_vllm_qwen36_27b_taste_gpt4o_mini_full",
  "protocol": "ranking",
  "ranking_evaluation": {
    "ks": [
      1,
      3,
      5,
      10
    ],
    "tie_policy": "average"
  },
  "requested_rows": 50786,
  "scored_rows": 50754,
  "task": "ml-1m_item_stats_cap20_eval_users1000_cg5_m1_seed0",
  "test": {
    "macro_by_group": {
      "groups_with_score_ties": 2819,
      "groups_with_score_ties_fraction": 0.9839441535776614,
      "groups_with_size_lte@1": 0,
      "groups_with_size_lte@10": 362,
      "groups_with_size_lte@3": 70,
      "groups_with_size_lte@5": 125,
      "groups_without_positive": 0,
      "hit_rate@1": 0.7009758598967261,
      "hit_rate@10": 0.9999998674864543,
      "hit_rate@3": 0.9751996182433185,
      "hit_rate@5": 0.9981384625294791,
      "n": 50754,
      "n_groups": 2865,
      "n_positive": 25377,
      "ndcg@1": 0.7009758598967261,
      "ndcg@10": 0.698653796452973,
      "ndcg@3": 0.7045892847255653,
      "ndcg@5": 0.7052966720612938,
      "tie_policy": "average"
    },
    "macro_by_user_group_mean": {
      "groups_with_score_ties": 2819,
      "groups_with_score_ties_fraction": 0.9839441535776614,
      "groups_with_size_lte@1": 0,
      "groups_with_size_lte@10": 362,
      "groups_with_size_lte@3": 70,
      "groups_with_size_lte@5": 125,
      "groups_without_positive": 0,
      "hit_rate@1": 0.7128783648890382,
      "hit_rate@10": 0.9999999069300153,
      "hit_rate@3": 0.9780420144625757,
      "hit_rate@5": 0.9984848725334406,
      "n": 50754,
      "n_groups": 2865,
      "n_positive": 25377,
      "n_users": 1000,
      "ndcg@1": 0.7128783648890382,
      "ndcg@10": 0.727926073921767,
      "ndcg@3": 0.7149235063963489,
      "ndcg@5": 0.7138926796485985,
      "tie_policy": "average"
    }
  },
  "test_failure_as_zero_group": {
    "macro_by_group": {
      "failed_groups": 2,
      "failed_groups_fraction": 0.0006975933031042902,
      "failure_policy": "failed_group_zero",
      "groups_with_score_ties": 2819,
      "groups_with_score_ties_fraction": 0.9832577607254971,
      "groups_with_size_lte@1": 0,
      "groups_with_size_lte@10": 362,
      "groups_with_size_lte@3": 70,
      "groups_with_size_lte@5": 125,
      "groups_without_positive": 0,
      "hit_rate@1": 0.7004868638312245,
      "hit_rate@10": 0.9993022742757907,
      "hit_rate@3": 0.9745193255204421,
      "hit_rate@5": 0.9974421678224478,
      "n": 50786,
      "n_groups": 2867,
      "n_positive": 25393,
      "ndcg@1": 0.7004868638312245,
      "ndcg@10": 0.6981664202433789,
      "ndcg@3": 0.7040977679591016,
      "ndcg@5": 0.704804661826162,
      "scored_groups": 2865,
      "tie_policy": "average"
    },
    "macro_by_user_group_mean": {
      "failed_groups": 2,
      "failed_groups_fraction": 0.0006975933031042902,
      "failure_policy": "failed_group_zero",
      "groups_with_score_ties": 2819,
      "groups_with_score_ties_fraction": 0.9832577607254971,
      "groups_with_size_lte@1": 0,
      "groups_with_size_lte@10": 362,
      "groups_with_size_lte@3": 70,
      "groups_with_size_lte@5": 125,
      "groups_without_positive": 0,
      "hit_rate@1": 0.7121616982223715,
      "hit_rate@10": 0.9992499069300153,
      "hit_rate@3": 0.9772920144625757,
      "hit_rate@5": 0.9977348725334407,
      "n": 50786,
      "n_groups": 2867,
      "n_positive": 25393,
      "n_users": 1000,
      "ndcg@1": 0.7121616982223715,
      "ndcg@10": 0.7274092043077061,
      "ndcg@3": 0.7142720173305188,
      "ndcg@5": 0.7133092504262012,
      "scored_groups": 2865,
      "tie_policy": "average"
    }
  }
}
