{
  "candidate_groups": {
    "requested": {
      "groups": 2867,
      "positives_max": 10,
      "positives_mean": 8.85699337286362,
      "positives_min": 1,
      "rows_max": 20,
      "rows_mean": 17.71398674572724,
      "rows_min": 2,
      "sampled_max": 10,
      "sampled_mean": 8.85699337286362,
      "sampled_min": 1
    },
    "scored": {
      "groups": 2854,
      "positives_max": 10,
      "positives_mean": 8.851786965662228,
      "positives_min": 1,
      "rows_max": 20,
      "rows_mean": 17.703573931324456,
      "rows_min": 2,
      "sampled_max": 10,
      "sampled_mean": 8.851786965662228,
      "sampled_min": 1
    }
  },
  "coverage": {
    "failed_fraction": 0.005119521127869886,
    "failed_rows": 260,
    "requested_rows": 50786,
    "scored_fraction": 0.9948804788721302,
    "scored_rows": 50526
  },
  "llm_errors": 13,
  "main_metric": "test.macro_by_user_group_mean.ndcg@5",
  "max_candidate_groups": null,
  "max_workers": 32,
  "method": "agent4rec_yes_no_litellm_qwen36_27b_traits_taste_gpt4o_mini_no_summary_control_full",
  "protocol": "ranking",
  "ranking_evaluation": {
    "ks": [
      1,
      3,
      5,
      10
    ],
    "tie_policy": "average"
  },
  "requested_rows": 50786,
  "scored_rows": 50526,
  "task": "ml-1m_item_stats_cap20_eval_users1000_cg5_m1_seed0",
  "test": {
    "macro_by_group": {
      "groups_with_score_ties": 2821,
      "groups_with_score_ties_fraction": 0.98843728100911,
      "groups_with_size_lte@1": 0,
      "groups_with_size_lte@10": 362,
      "groups_with_size_lte@3": 70,
      "groups_with_size_lte@5": 125,
      "groups_without_positive": 0,
      "hit_rate@1": 0.6905593399348022,
      "hit_rate@10": 0.9999996372762802,
      "hit_rate@3": 0.9663127192262336,
      "hit_rate@5": 0.9961915710492744,
      "n": 50526,
      "n_groups": 2854,
      "n_positive": 25263,
      "ndcg@1": 0.6905593399348022,
      "ndcg@10": 0.674207843888934,
      "ndcg@3": 0.6895229953830232,
      "ndcg@5": 0.6848617892166575,
      "tie_policy": "average"
    },
    "macro_by_user_group_mean": {
      "groups_with_score_ties": 2821,
      "groups_with_score_ties_fraction": 0.98843728100911,
      "groups_with_size_lte@1": 0,
      "groups_with_size_lte@10": 362,
      "groups_with_size_lte@3": 70,
      "groups_with_size_lte@5": 125,
      "groups_without_positive": 0,
      "hit_rate@1": 0.7108497350204548,
      "hit_rate@10": 0.9999996522991684,
      "hit_rate@3": 0.9678539764409424,
      "hit_rate@5": 0.9964876583011645,
      "n": 50526,
      "n_groups": 2854,
      "n_positive": 25263,
      "n_users": 1000,
      "ndcg@1": 0.7108497350204548,
      "ndcg@10": 0.70050165539913,
      "ndcg@3": 0.7019749263837031,
      "ndcg@5": 0.6917617539973266,
      "tie_policy": "average"
    }
  },
  "test_failure_as_zero_group": {
    "macro_by_group": {
      "failed_groups": 13,
      "failed_groups_fraction": 0.004534356470177886,
      "failure_policy": "failed_group_zero",
      "groups_with_score_ties": 2821,
      "groups_with_score_ties_fraction": 0.9839553540286013,
      "groups_with_size_lte@1": 0,
      "groups_with_size_lte@10": 362,
      "groups_with_size_lte@3": 70,
      "groups_with_size_lte@5": 125,
      "groups_without_positive": 0,
      "hit_rate@1": 0.6874280977237273,
      "hit_rate@10": 0.9954652824508209,
      "hit_rate@3": 0.961931112895595,
      "hit_rate@5": 0.9916744833535505,
      "n": 50786,
      "n_groups": 2867,
      "n_positive": 25393,
      "ndcg@1": 0.6874280977237271,
      "ndcg@10": 0.6711507451897515,
      "ndcg@3": 0.6863964523275717,
      "ndcg@5": 0.6817563817315454,
      "scored_groups": 2854,
      "tie_policy": "average"
    },
    "macro_by_user_group_mean": {
      "failed_groups": 13,
      "failed_groups_fraction": 0.004534356470177886,
      "failure_policy": "failed_group_zero",
      "groups_with_score_ties": 2821,
      "groups_with_score_ties_fraction": 0.9839553540286013,
      "groups_with_size_lte@1": 0,
      "groups_with_size_lte@10": 362,
      "groups_with_size_lte@3": 70,
      "groups_with_size_lte@5": 125,
      "groups_without_positive": 0,
      "hit_rate@1": 0.7087541082126221,
      "hit_rate@10": 0.9967163224388844,
      "hit_rate@3": 0.9647449828021422,
      "hit_rate@5": 0.993226391712576,
      "n": 50786,
      "n_groups": 2867,
      "n_positive": 25393,
      "n_users": 1000,
      "ndcg@1": 0.7087541082126221,
      "ndcg@10": 0.6983439553732855,
      "ndcg@3": 0.6998407758867806,
      "ndcg@5": 0.6896189739029128,
      "scored_groups": 2854,
      "tie_policy": "average"
    }
  }
}
