{
  "candidate_groups": {
    "requested": {
      "groups": 2733,
      "positives_max": 10,
      "positives_mean": 8.729967069154775,
      "positives_min": 1,
      "rows_max": 20,
      "rows_mean": 17.45993413830955,
      "rows_min": 2,
      "sampled_max": 10,
      "sampled_mean": 8.729967069154775,
      "sampled_min": 1
    },
    "scored": {
      "groups": 2730,
      "positives_max": 10,
      "positives_mean": 8.728571428571428,
      "positives_min": 1,
      "rows_max": 20,
      "rows_mean": 17.457142857142856,
      "rows_min": 2,
      "sampled_max": 10,
      "sampled_mean": 8.728571428571428,
      "sampled_min": 1
    }
  },
  "coverage": {
    "failed_fraction": 0.001257387149503332,
    "failed_rows": 60,
    "requested_rows": 47718,
    "scored_fraction": 0.9987426128504967,
    "scored_rows": 47658
  },
  "llm_errors": 3,
  "main_metric": "test.macro_by_user_group_mean.ndcg@5",
  "max_candidate_groups": null,
  "max_workers": 16,
  "method": "agent4rec_yes_no_vllm_qwen36_27b_taste_gpt4o_mini_full",
  "protocol": "ranking",
  "ranking_evaluation": {
    "ks": [
      1,
      3,
      5,
      10
    ],
    "tie_policy": "average"
  },
  "requested_rows": 47718,
  "scored_rows": 47658,
  "task": "ml-1m_item_stats_cap20_eval_users1000_cg5_m1_seed1",
  "test": {
    "macro_by_group": {
      "groups_with_score_ties": 2683,
      "groups_with_score_ties_fraction": 0.9827838827838827,
      "groups_with_size_lte@1": 0,
      "groups_with_size_lte@10": 378,
      "groups_with_size_lte@3": 67,
      "groups_with_size_lte@5": 129,
      "groups_without_positive": 0,
      "hit_rate@1": 0.6997099972727248,
      "hit_rate@10": 0.9999998740723574,
      "hit_rate@3": 0.9744006021558074,
      "hit_rate@5": 0.9982038954092248,
      "n": 47658,
      "n_groups": 2730,
      "n_positive": 23829,
      "ndcg@1": 0.6997099972727248,
      "ndcg@10": 0.7024551603394259,
      "ndcg@3": 0.7039091834902668,
      "ndcg@5": 0.7058540148325017,
      "tie_policy": "average"
    },
    "macro_by_user_group_mean": {
      "groups_with_score_ties": 2683,
      "groups_with_score_ties_fraction": 0.9827838827838827,
      "groups_with_size_lte@1": 0,
      "groups_with_size_lte@10": 378,
      "groups_with_size_lte@3": 67,
      "groups_with_size_lte@5": 129,
      "groups_without_positive": 0,
      "hit_rate@1": 0.7070199821149067,
      "hit_rate@10": 0.9999998804300276,
      "hit_rate@3": 0.9753719006082067,
      "hit_rate@5": 0.9982146644731688,
      "n": 47658,
      "n_groups": 2730,
      "n_positive": 23829,
      "n_users": 1000,
      "ndcg@1": 0.7070199821149067,
      "ndcg@10": 0.7311649965875467,
      "ndcg@3": 0.7112875908976636,
      "ndcg@5": 0.7123156852215623,
      "tie_policy": "average"
    }
  },
  "test_failure_as_zero_group": {
    "macro_by_group": {
      "failed_groups": 3,
      "failed_groups_fraction": 0.0010976948408342481,
      "failure_policy": "failed_group_zero",
      "groups_with_score_ties": 2683,
      "groups_with_score_ties_fraction": 0.9817050859860958,
      "groups_with_size_lte@1": 0,
      "groups_with_size_lte@10": 378,
      "groups_with_size_lte@3": 67,
      "groups_with_size_lte@5": 129,
      "groups_without_positive": 0,
      "hit_rate@1": 0.6989419292186384,
      "hit_rate@10": 0.9989021793697532,
      "hit_rate@3": 0.9733310076419153,
      "hit_rate@5": 0.9971081721431336,
      "n": 47718,
      "n_groups": 2733,
      "n_positive": 23859,
      "ndcg@1": 0.6989419292186384,
      "ndcg@10": 0.701684078934004,
      "ndcg@3": 0.7031365060111336,
      "ndcg@5": 0.7050792025220378,
      "scored_groups": 2730,
      "tie_policy": "average"
    },
    "macro_by_user_group_mean": {
      "failed_groups": 3,
      "failed_groups_fraction": 0.0010976948408342481,
      "failure_policy": "failed_group_zero",
      "groups_with_score_ties": 2683,
      "groups_with_score_ties_fraction": 0.9817050859860958,
      "groups_with_size_lte@1": 0,
      "groups_with_size_lte@10": 378,
      "groups_with_size_lte@3": 67,
      "groups_with_size_lte@5": 129,
      "groups_without_positive": 0,
      "hit_rate@1": 0.7065677400514147,
      "hit_rate@10": 0.9993498804300275,
      "hit_rate@3": 0.9747311492762054,
      "hit_rate@5": 0.9975648275045818,
      "n": 47718,
      "n_groups": 2733,
      "n_positive": 23859,
      "n_users": 1000,
      "ndcg@1": 0.7065677400514145,
      "ndcg@10": 0.7307406832354145,
      "ndcg@3": 0.7108353488341715,
      "ndcg@5": 0.7118634431580702,
      "scored_groups": 2730,
      "tie_policy": "average"
    }
  }
}
