{
  "candidate_groups": {
    "requested": {
      "groups": 3672,
      "positives_max": 5,
      "positives_mean": 4.703703703703703,
      "positives_min": 1,
      "rows_max": 20,
      "rows_mean": 18.814814814814813,
      "rows_min": 4,
      "sampled_max": 15,
      "sampled_mean": 14.11111111111111,
      "sampled_min": 3
    },
    "scored": {
      "groups": 2447,
      "positives_max": 5,
      "positives_mean": 4.608908868001635,
      "positives_min": 1,
      "rows_max": 20,
      "rows_mean": 18.43563547200654,
      "rows_min": 4,
      "sampled_max": 15,
      "sampled_mean": 13.826726604004904,
      "sampled_min": 3
    }
  },
  "coverage": {
    "failed_fraction": 0.3470356646595646,
    "failed_rows": 23976,
    "requested_rows": 69088,
    "scored_fraction": 0.6529643353404354,
    "scored_rows": 45112
  },
  "llm_errors": 1225,
  "main_metric": "test.macro_by_user_group_mean.ndcg@5",
  "max_candidate_groups": null,
  "max_workers": 64,
  "method": "agent4rec_yes_no_litellm_qwen3_8b_traits_taste_gpt4o_mini_candidate_summary_full",
  "protocol": "ranking",
  "ranking_evaluation": {
    "ks": [
      1,
      3,
      5,
      10
    ],
    "tie_policy": "average"
  },
  "requested_rows": 69088,
  "scored_rows": 45112,
  "task": "ml-1m_item_stats_cap20_eval_users1000_cg5_m3_seed2",
  "test": {
    "macro_by_group": {
      "groups_with_score_ties": 2447,
      "groups_with_score_ties_fraction": 1.0,
      "groups_with_size_lte@1": 0,
      "groups_with_size_lte@10": 205,
      "groups_with_size_lte@3": 0,
      "groups_with_size_lte@5": 110,
      "groups_without_positive": 0,
      "hit_rate@1": 0.4200178935202298,
      "hit_rate@10": 0.9948038719495144,
      "hit_rate@3": 0.7888710239068643,
      "hit_rate@5": 0.922889671118832,
      "n": 45112,
      "n_groups": 2447,
      "n_positive": 11278,
      "ndcg@1": 0.4200178935202298,
      "ndcg@10": 0.5505742437778423,
      "ndcg@3": 0.42354302383082343,
      "ndcg@5": 0.42156772876288906,
      "tie_policy": "average"
    },
    "macro_by_user_group_mean": {
      "groups_with_score_ties": 2447,
      "groups_with_score_ties_fraction": 1.0,
      "groups_with_size_lte@1": 0,
      "groups_with_size_lte@10": 205,
      "groups_with_size_lte@3": 0,
      "groups_with_size_lte@5": 110,
      "groups_without_positive": 0,
      "hit_rate@1": 0.43442900564855536,
      "hit_rate@10": 0.9955456551291324,
      "hit_rate@3": 0.7973374720956431,
      "hit_rate@5": 0.9276122363139748,
      "n": 45112,
      "n_groups": 2447,
      "n_positive": 11278,
      "n_users": 923,
      "ndcg@1": 0.43442900564855536,
      "ndcg@10": 0.5668258542504415,
      "ndcg@3": 0.441549543836517,
      "ndcg@5": 0.4441746690747731,
      "tie_policy": "average"
    }
  },
  "test_failure_as_zero_group": {
    "macro_by_group": {
      "failed_groups": 1225,
      "failed_groups_fraction": 0.33360566448801743,
      "failure_policy": "failed_group_zero",
      "groups_with_score_ties": 2447,
      "groups_with_score_ties_fraction": 0.6663943355119826,
      "groups_with_size_lte@1": 0,
      "groups_with_size_lte@10": 215,
      "groups_with_size_lte@3": 0,
      "groups_with_size_lte@5": 116,
      "groups_without_positive": 0,
      "hit_rate@1": 0.27989754505555614,
      "hit_rate@10": 0.6629316652125441,
      "hit_rate@3": 0.5256991817810721,
      "hit_rate@5": 0.6150084491361062,
      "n": 69088,
      "n_groups": 3672,
      "n_positive": 17272,
      "ndcg@1": 0.27989754505555614,
      "ndcg@10": 0.36689955733234747,
      "ndcg@3": 0.2822466719264774,
      "ndcg@5": 0.28093034648224113,
      "scored_groups": 2447,
      "tie_policy": "average"
    },
    "macro_by_user_group_mean": {
      "failed_groups": 1225,
      "failed_groups_fraction": 0.33360566448801743,
      "failure_policy": "failed_group_zero",
      "groups_with_score_ties": 2447,
      "groups_with_score_ties_fraction": 0.6663943355119826,
      "groups_with_size_lte@1": 0,
      "groups_with_size_lte@10": 215,
      "groups_with_size_lte@3": 0,
      "groups_with_size_lte@5": 116,
      "groups_without_positive": 0,
      "hit_rate@1": 0.2782460129527622,
      "hit_rate@10": 0.6521070709261498,
      "hit_rate@3": 0.5174586568065863,
      "hit_rate@5": 0.604785811559728,
      "n": 69088,
      "n_groups": 3672,
      "n_positive": 17272,
      "n_users": 1000,
      "ndcg@1": 0.2782460129527622,
      "ndcg@10": 0.36614331594888844,
      "ndcg@3": 0.28181910890199835,
      "ndcg@5": 0.28375486766316876,
      "scored_groups": 2447,
      "tie_policy": "average"
    }
  }
}
