{
  "candidate_groups": {
    "test": {
      "groups": 34008,
      "positives_max": 1,
      "positives_mean": 1.0,
      "positives_min": 1,
      "rows_max": 20,
      "rows_mean": 20.0,
      "rows_min": 20,
      "sampled_max": 19,
      "sampled_mean": 19.0,
      "sampled_min": 19
    },
    "val": {
      "groups": 17388,
      "positives_max": 1,
      "positives_mean": 1.0,
      "positives_min": 1,
      "rows_max": 20,
      "rows_mean": 20.0,
      "rows_min": 20,
      "sampled_max": 19,
      "sampled_mean": 19.0,
      "sampled_min": 19
    }
  },
  "main_metric": "test.macro_by_user_group_mean.f1",
  "method": "popularity_f1_threshold",
  "stage_times_seconds": {
    "apply_threshold": 0.001,
    "candidate_group_summary": 0.244,
    "compute_metrics": 1.19,
    "fit": 0.123,
    "prepare_xy": 0.126,
    "score_test": 0.141,
    "score_val": 0.078,
    "select_threshold": 0.322,
    "write_predictions": 0.909
  },
  "task": "ml-1m_interaction_cap20_eval_users1000_m19_seed3",
  "test": {
    "macro_by_group": {
      "accuracy": 0.908192190072924,
      "f1": 0.3125727886622382,
      "n": 680160,
      "n_groups": 34008,
      "n_positive": 34008,
      "n_predicted_positive": 60112,
      "precision": 0.25722479397938114,
      "recall": 0.4657139496589038
    },
    "macro_by_user_group_mean": {
      "accuracy": 0.8968482518405861,
      "f1": 0.3330248852739044,
      "n": 680160,
      "n_groups": 34008,
      "n_positive": 34008,
      "n_predicted_positive": 60112,
      "n_users": 1000,
      "precision": 0.2637864990347949,
      "recall": 0.5341545053654252
    },
    "micro": {
      "accuracy": 0.9081921900729241,
      "f1": 0.3365490862728432,
      "n": 680160,
      "n_positive": 34008,
      "n_predicted_positive": 60112,
      "precision": 0.2634748469523556,
      "recall": 0.4657139496589038
    }
  },
  "threshold": 483.0,
  "threshold_metric": "macro_by_user_group_mean_f1",
  "val": {
    "macro_by_group": {
      "accuracy": 0.9077007131354958,
      "f1": 0.31149214382478707,
      "n": 347760,
      "n_groups": 17388,
      "n_positive": 17388,
      "n_predicted_positive": 31022,
      "precision": 0.25495853736019364,
      "recall": 0.4690591212330343
    },
    "macro_by_user_group_mean": {
      "accuracy": 0.8961669973495069,
      "f1": 0.3312335131204194,
      "n": 347760,
      "n_groups": 17388,
      "n_positive": 17388,
      "n_predicted_positive": 31022,
      "n_users": 1000,
      "precision": 0.2599661599352885,
      "recall": 0.5396528594628073
    },
    "micro": {
      "accuracy": 0.9077007131354957,
      "f1": 0.33695517455071267,
      "n": 347760,
      "n_positive": 17388,
      "n_predicted_positive": 31022,
      "precision": 0.26291019276642386,
      "recall": 0.4690591212330343
    }
  }
}
