{
  "candidate_groups": {
    "test": {
      "groups": 4964,
      "positives_max": 2,
      "positives_mean": 1.9949637389202257,
      "positives_min": 1,
      "rows_max": 20,
      "rows_mean": 19.949637389202255,
      "rows_min": 10,
      "sampled_max": 18,
      "sampled_mean": 17.954673650282032,
      "sampled_min": 9
    },
    "val": {
      "groups": 3009,
      "positives_max": 2,
      "positives_mean": 1.9956796277833166,
      "positives_min": 1,
      "rows_max": 20,
      "rows_mean": 19.956796277833167,
      "rows_min": 10,
      "sampled_max": 18,
      "sampled_mean": 17.96111665004985,
      "sampled_min": 9
    }
  },
  "main_metric": "test.macro_by_user_group_mean.ndcg@5",
  "method": "item_knn_cold_start_ranking",
  "protocol": "ranking",
  "ranking_evaluation": {
    "ks": [
      1,
      3,
      5,
      10
    ],
    "tie_policy": "average"
  },
  "stage_times_seconds": {
    "candidate_group_summary": 0.029,
    "compute_ranking_metrics": 2.067,
    "fit": 0.615,
    "prepare_xy": 0.018,
    "score_test": 0.326,
    "score_val": 0.197,
    "write_predictions": 0.096
  },
  "task": "ml-1m_cold_start_k3_cap20_eval_users1000_cg5_m9_seed1",
  "test": {
    "macro_by_group": {
      "groups_with_score_ties": 4964,
      "groups_with_score_ties_fraction": 1.0,
      "groups_with_size_lte@1": 0,
      "groups_with_size_lte@10": 25,
      "groups_with_size_lte@3": 0,
      "groups_with_size_lte@5": 0,
      "groups_without_positive": 0,
      "hit_rate@1": 0.2668614020950847,
      "hit_rate@10": 0.8111376368054326,
      "hit_rate@3": 0.42579634773880704,
      "hit_rate@5": 0.5568785659223187,
      "n": 99030,
      "n_groups": 4964,
      "n_positive": 9903,
      "ndcg@1": 0.2668614020950847,
      "ndcg@10": 0.37500038629073534,
      "ndcg@3": 0.2431629403870995,
      "ndcg@5": 0.28787176686352745,
      "tie_policy": "average"
    },
    "macro_by_user_group_mean": {
      "groups_with_score_ties": 4964,
      "groups_with_score_ties_fraction": 1.0,
      "groups_with_size_lte@1": 0,
      "groups_with_size_lte@10": 25,
      "groups_with_size_lte@3": 0,
      "groups_with_size_lte@5": 0,
      "groups_without_positive": 0,
      "hit_rate@1": 0.26650999999999997,
      "hit_rate@10": 0.8112184984520125,
      "hit_rate@3": 0.42550535087719293,
      "hit_rate@5": 0.5566848297213621,
      "n": 99030,
      "n_groups": 4964,
      "n_positive": 9903,
      "n_users": 1000,
      "ndcg@1": 0.26650999999999997,
      "ndcg@10": 0.3748972927546532,
      "ndcg@3": 0.24294306455967427,
      "ndcg@5": 0.2876912099620271,
      "tie_policy": "average"
    }
  },
  "val": {
    "macro_by_group": {
      "groups_with_score_ties": 3009,
      "groups_with_score_ties_fraction": 1.0,
      "groups_with_size_lte@1": 0,
      "groups_with_size_lte@10": 13,
      "groups_with_size_lte@3": 0,
      "groups_with_size_lte@5": 0,
      "groups_without_positive": 0,
      "hit_rate@1": 0.26450648055832504,
      "hit_rate@10": 0.810106188143516,
      "hit_rate@3": 0.4232553800586545,
      "hit_rate@5": 0.5548834947971131,
      "n": 60050,
      "n_groups": 3009,
      "n_positive": 6005,
      "ndcg@1": 0.26450648055832504,
      "ndcg@10": 0.3725480395255047,
      "ndcg@3": 0.24027455073716172,
      "ndcg@5": 0.28509233501798054,
      "tie_policy": "average"
    },
    "macro_by_user_group_mean": {
      "groups_with_score_ties": 3009,
      "groups_with_score_ties_fraction": 1.0,
      "groups_with_size_lte@1": 0,
      "groups_with_size_lte@10": 13,
      "groups_with_size_lte@3": 0,
      "groups_with_size_lte@5": 0,
      "groups_without_positive": 0,
      "hit_rate@1": 0.2642798013245033,
      "hit_rate@10": 0.8101726364997027,
      "hit_rate@3": 0.4231188761085938,
      "hit_rate@5": 0.5547975940695784,
      "n": 60050,
      "n_groups": 3009,
      "n_positive": 6005,
      "n_users": 604,
      "ndcg@1": 0.2642798013245033,
      "ndcg@10": 0.372567886979869,
      "ndcg@3": 0.24024544060032418,
      "ndcg@5": 0.28507982756900885,
      "tie_policy": "average"
    }
  }
}
