{
  "candidate_groups": {
    "requested": {
      "groups": 4629,
      "positives_max": 2,
      "positives_mean": 1.966947504860661,
      "positives_min": 1,
      "rows_max": 20,
      "rows_mean": 19.66947504860661,
      "rows_min": 10,
      "sampled_max": 18,
      "sampled_mean": 17.702527543745948,
      "sampled_min": 9
    },
    "scored": {
      "groups": 4614,
      "positives_max": 2,
      "positives_mean": 1.9668400520156046,
      "positives_min": 1,
      "rows_max": 20,
      "rows_mean": 19.668400520156048,
      "rows_min": 10,
      "sampled_max": 18,
      "sampled_mean": 17.701560468140443,
      "sampled_min": 9
    }
  },
  "coverage": {
    "failed_fraction": 0.0032948929159802307,
    "failed_rows": 300,
    "requested_rows": 91050,
    "scored_fraction": 0.9967051070840197,
    "scored_rows": 90750
  },
  "llm_errors": 15,
  "main_metric": "test.macro_by_user_group_mean.ndcg@5",
  "max_candidate_groups": null,
  "max_workers": 32,
  "method": "agent4rec_yes_no_vllm_qwen3_8b_traits_taste_gpt4o_mini_full",
  "protocol": "ranking",
  "ranking_evaluation": {
    "ks": [
      1,
      3,
      5,
      10
    ],
    "tie_policy": "average"
  },
  "requested_rows": 91050,
  "scored_rows": 90750,
  "task": "ml-1m_item_stats_cap20_eval_users1000_cg5_m9_seed1",
  "test": {
    "macro_by_group": {
      "groups_with_score_ties": 4614,
      "groups_with_score_ties_fraction": 1.0,
      "groups_with_size_lte@1": 0,
      "groups_with_size_lte@10": 153,
      "groups_with_size_lte@3": 0,
      "groups_with_size_lte@5": 0,
      "groups_without_positive": 0,
      "hit_rate@1": 0.22774475917789075,
      "hit_rate@10": 0.8709807391315482,
      "hit_rate@3": 0.49767747635412307,
      "hit_rate@5": 0.6549430392024056,
      "n": 90750,
      "n_groups": 4614,
      "n_positive": 9075,
      "ndcg@1": 0.22774475917789075,
      "ndcg@10": 0.42535655367721337,
      "ndcg@3": 0.2729383455585336,
      "ndcg@5": 0.3388104682619267,
      "tie_policy": "average"
    },
    "macro_by_user_group_mean": {
      "groups_with_score_ties": 4614,
      "groups_with_score_ties_fraction": 1.0,
      "groups_with_size_lte@1": 0,
      "groups_with_size_lte@10": 153,
      "groups_with_size_lte@3": 0,
      "groups_with_size_lte@5": 0,
      "groups_without_positive": 0,
      "hit_rate@1": 0.228423071200815,
      "hit_rate@10": 0.8711910524524495,
      "hit_rate@3": 0.49748660008908074,
      "hit_rate@5": 0.6537064063273041,
      "n": 90750,
      "n_groups": 4614,
      "n_positive": 9075,
      "n_users": 1000,
      "ndcg@1": 0.228423071200815,
      "ndcg@10": 0.42660185570260917,
      "ndcg@3": 0.2744993898860866,
      "ndcg@5": 0.34003738110406057,
      "tie_policy": "average"
    }
  },
  "test_failure_as_zero_group": {
    "macro_by_group": {
      "failed_groups": 15,
      "failed_groups_fraction": 0.0032404406999351912,
      "failure_policy": "failed_group_zero",
      "groups_with_score_ties": 4614,
      "groups_with_score_ties_fraction": 0.9967595593000648,
      "groups_with_size_lte@1": 0,
      "groups_with_size_lte@10": 153,
      "groups_with_size_lte@3": 0,
      "groups_with_size_lte@5": 0,
      "groups_without_positive": 0,
      "hit_rate@1": 0.22700676579105378,
      "hit_rate@10": 0.8681583776956067,
      "hit_rate@3": 0.4960647820043042,
      "hit_rate@5": 0.652820735122035,
      "n": 91050,
      "n_groups": 4629,
      "n_positive": 9105,
      "ndcg@1": 0.22700676579105378,
      "ndcg@10": 0.42397821098869354,
      "ndcg@3": 0.27205390503501276,
      "ndcg@5": 0.3377125730310066,
      "scored_groups": 4614,
      "tie_policy": "average"
    },
    "macro_by_user_group_mean": {
      "failed_groups": 15,
      "failed_groups_fraction": 0.0032404406999351912,
      "failure_policy": "failed_group_zero",
      "groups_with_score_ties": 4614,
      "groups_with_score_ties_fraction": 0.9967595593000648,
      "groups_with_size_lte@1": 0,
      "groups_with_size_lte@10": 153,
      "groups_with_size_lte@3": 0,
      "groups_with_size_lte@5": 0,
      "groups_without_positive": 0,
      "hit_rate@1": 0.22760664262938643,
      "hit_rate@10": 0.8682477439807355,
      "hit_rate@3": 0.4956897983625421,
      "hit_rate@5": 0.6513924744387594,
      "n": 91050,
      "n_groups": 4629,
      "n_positive": 9105,
      "n_users": 1000,
      "ndcg@1": 0.2276066426293864,
      "ndcg@10": 0.42507177841950644,
      "ndcg@3": 0.27346683149562717,
      "ndcg@5": 0.3387575931674336,
      "scored_groups": 4614,
      "tie_policy": "average"
    }
  }
}
