{
  "candidate_groups": {
    "requested": {
      "groups": 4538,
      "positives_max": 2,
      "positives_mean": 1.985235786690172,
      "positives_min": 1,
      "rows_max": 20,
      "rows_mean": 19.85235786690172,
      "rows_min": 10,
      "sampled_max": 18,
      "sampled_mean": 17.867122080211548,
      "sampled_min": 9
    },
    "scored": {
      "groups": 4538,
      "positives_max": 2,
      "positives_mean": 1.985235786690172,
      "positives_min": 1,
      "rows_max": 20,
      "rows_mean": 19.85235786690172,
      "rows_min": 10,
      "sampled_max": 18,
      "sampled_mean": 17.867122080211548,
      "sampled_min": 9
    }
  },
  "llm_errors": 0,
  "main_metric": "test.macro_by_user_group_mean.ndcg@5",
  "max_candidate_groups": null,
  "max_workers": 128,
  "method": "llm_yes_no_vllm_qwen36_27b_full",
  "protocol": "ranking",
  "ranking_evaluation": {
    "ks": [
      1,
      3,
      5,
      10
    ],
    "tie_policy": "average"
  },
  "requested_rows": 90090,
  "scored_rows": 90090,
  "task": "ml-1m_cold_start_k1_cap20_eval_users1000_cg5_m9_seed2",
  "test": {
    "macro_by_group": {
      "groups_with_score_ties": 4538,
      "groups_with_score_ties_fraction": 1.0,
      "groups_with_size_lte@1": 0,
      "groups_with_size_lte@10": 67,
      "groups_with_size_lte@3": 0,
      "groups_with_size_lte@5": 0,
      "groups_without_positive": 0,
      "hit_rate@1": 0.15208497430291174,
      "hit_rate@10": 0.7960353007658221,
      "hit_rate@3": 0.3683091530633341,
      "hit_rate@5": 0.5234156370409299,
      "n": 90090,
      "n_groups": 4538,
      "n_positive": 9009,
      "ndcg@1": 0.15208497430291174,
      "ndcg@10": 0.34529965777306393,
      "ndcg@3": 0.1918217310592477,
      "ndcg@5": 0.2511039004759305,
      "tie_policy": "average"
    },
    "macro_by_user_group_mean": {
      "groups_with_score_ties": 4538,
      "groups_with_score_ties_fraction": 1.0,
      "groups_with_size_lte@1": 0,
      "groups_with_size_lte@10": 67,
      "groups_with_size_lte@3": 0,
      "groups_with_size_lte@5": 0,
      "groups_without_positive": 0,
      "hit_rate@1": 0.1513625201125201,
      "hit_rate@10": 0.7988576841592442,
      "hit_rate@3": 0.3664611969698002,
      "hit_rate@5": 0.5213026503877004,
      "n": 90090,
      "n_groups": 4538,
      "n_positive": 9009,
      "n_users": 962,
      "ndcg@1": 0.1513625201125201,
      "ndcg@10": 0.3469127782541333,
      "ndcg@3": 0.1925781894073257,
      "ndcg@5": 0.25160169303574575,
      "tie_policy": "average"
    }
  }
}
