{
  "mean_recall@1": 0.0019034822308096045,
  "mean_ndcg@1": 0.024834437086092714,
  "mean_hit_rate@1": 0.024834437086092714,
  "mean_recall@5": 0.007255491130879295,
  "mean_ndcg@5": 0.023776587843161376,
  "mean_hit_rate@5": 0.08774834437086093,
  "mean_recall@10": 0.012683460870126825,
  "mean_ndcg@10": 0.02373021033506552,
  "mean_hit_rate@10": 0.1390728476821192,
  "n_users": 6040,
  "n_users_scored": 6040,
  "n_users_with_recs": 6040
}
