{
  "candidate_groups": {
    "test": {
      "groups": 2146,
      "positives_max": 10,
      "positives_mean": 9.739515377446413,
      "positives_min": 1,
      "rows_max": 20,
      "rows_mean": 19.479030754892825,
      "rows_min": 2,
      "sampled_max": 10,
      "sampled_mean": 9.739515377446413,
      "sampled_min": 1
    },
    "val": {
      "groups": 1240,
      "positives_max": 10,
      "positives_mean": 9.656451612903226,
      "positives_min": 1,
      "rows_max": 20,
      "rows_mean": 19.31290322580645,
      "rows_min": 2,
      "sampled_max": 10,
      "sampled_mean": 9.656451612903226,
      "sampled_min": 1
    }
  },
  "main_metric": "test.macro_by_user_group_mean.ndcg@5",
  "method": "popularity_ranking",
  "protocol": "ranking",
  "ranking_evaluation": {
    "ks": [
      1,
      3,
      5,
      10
    ],
    "tie_policy": "average"
  },
  "stage_times_seconds": {
    "candidate_group_summary": 0.021,
    "compute_ranking_metrics": 1.031,
    "fit": 0.092,
    "prepare_xy": 0.012,
    "score_test": 0.007,
    "score_val": 0.005,
    "write_predictions": 0.046
  },
  "task": "ml-1m_cold_start_k5_cap20_eval_users1000_cg5_m1_seed2",
  "test": {
    "macro_by_group": {
      "groups_with_score_ties": 811,
      "groups_with_score_ties_fraction": 0.37791239515377445,
      "groups_with_size_lte@1": 0,
      "groups_with_size_lte@10": 63,
      "groups_with_size_lte@3": 12,
      "groups_with_size_lte@5": 20,
      "groups_without_positive": 0,
      "hit_rate@1": 0.8630009319664492,
      "hit_rate@10": 1.0,
      "hit_rate@3": 0.9897483690587139,
      "hit_rate@5": 0.9995340167753961,
      "n": 41802,
      "n_groups": 2146,
      "n_positive": 20901,
      "ndcg@1": 0.8630009319664492,
      "ndcg@10": 0.816973947024433,
      "ndcg@3": 0.8695684514288612,
      "ndcg@5": 0.8580839739449279,
      "tie_policy": "average"
    },
    "macro_by_user_group_mean": {
      "groups_with_score_ties": 811,
      "groups_with_score_ties_fraction": 0.37791239515377445,
      "groups_with_size_lte@1": 0,
      "groups_with_size_lte@10": 63,
      "groups_with_size_lte@3": 12,
      "groups_with_size_lte@5": 20,
      "groups_without_positive": 0,
      "hit_rate@1": 0.8628178694158075,
      "hit_rate@10": 1.0,
      "hit_rate@3": 0.9903436426116838,
      "hit_rate@5": 0.9995876288659794,
      "n": 41802,
      "n_groups": 2146,
      "n_positive": 20901,
      "n_users": 485,
      "ndcg@1": 0.8628178694158075,
      "ndcg@10": 0.8217777292668648,
      "ndcg@3": 0.8678899911345079,
      "ndcg@5": 0.8588557918027927,
      "tie_policy": "average"
    }
  },
  "val": {
    "macro_by_group": {
      "groups_with_score_ties": 493,
      "groups_with_score_ties_fraction": 0.3975806451612903,
      "groups_with_size_lte@1": 0,
      "groups_with_size_lte@10": 47,
      "groups_with_size_lte@3": 16,
      "groups_with_size_lte@5": 24,
      "groups_without_positive": 0,
      "hit_rate@1": 0.853225806451613,
      "hit_rate@10": 1.0,
      "hit_rate@3": 0.992741935483871,
      "hit_rate@5": 0.9991935483870967,
      "n": 23948,
      "n_groups": 1240,
      "n_positive": 11974,
      "ndcg@1": 0.853225806451613,
      "ndcg@10": 0.8138567650375286,
      "ndcg@3": 0.8626256291937484,
      "ndcg@5": 0.8553920177214419,
      "tie_policy": "average"
    },
    "macro_by_user_group_mean": {
      "groups_with_score_ties": 493,
      "groups_with_score_ties_fraction": 0.3975806451612903,
      "groups_with_size_lte@1": 0,
      "groups_with_size_lte@10": 47,
      "groups_with_size_lte@3": 16,
      "groups_with_size_lte@5": 24,
      "groups_without_positive": 0,
      "hit_rate@1": 0.8460081585081585,
      "hit_rate@10": 1.0,
      "hit_rate@3": 0.9932400932400932,
      "hit_rate@5": 0.9993006993006993,
      "n": 23948,
      "n_groups": 1240,
      "n_positive": 11974,
      "n_users": 286,
      "ndcg@1": 0.8460081585081585,
      "ndcg@10": 0.8187813060200938,
      "ndcg@3": 0.8587929338277379,
      "ndcg@5": 0.8528739650365561,
      "tie_policy": "average"
    }
  }
}
