{
  "candidate_groups": {
    "requested": {
      "groups": 4621,
      "positives_max": 2,
      "positives_mean": 1.9668902834884223,
      "positives_min": 1,
      "rows_max": 20,
      "rows_mean": 19.668902834884225,
      "rows_min": 10,
      "sampled_max": 18,
      "sampled_mean": 17.702012551395804,
      "sampled_min": 9
    },
    "scored": {
      "groups": 4526,
      "positives_max": 2,
      "positives_mean": 1.9661953159522758,
      "positives_min": 1,
      "rows_max": 20,
      "rows_mean": 19.661953159522756,
      "rows_min": 10,
      "sampled_max": 18,
      "sampled_mean": 17.695757843570483,
      "sampled_min": 9
    }
  },
  "coverage": {
    "failed_fraction": 0.020904389921883596,
    "failed_rows": 1900,
    "requested_rows": 90890,
    "scored_fraction": 0.9790956100781164,
    "scored_rows": 88990
  },
  "llm_errors": 95,
  "main_metric": "test.macro_by_user_group_mean.ndcg@5",
  "max_candidate_groups": null,
  "max_workers": 32,
  "method": "agent4rec_yes_no_litellm_qwen36_27b_traits_taste_gpt4o_mini_candidate_summary_full",
  "protocol": "ranking",
  "ranking_evaluation": {
    "ks": [
      1,
      3,
      5,
      10
    ],
    "tie_policy": "average"
  },
  "requested_rows": 90890,
  "scored_rows": 88990,
  "task": "ml-1m_item_stats_cap20_eval_users1000_cg5_m9_seed2",
  "test": {
    "macro_by_group": {
      "groups_with_score_ties": 4526,
      "groups_with_score_ties_fraction": 1.0,
      "groups_with_size_lte@1": 0,
      "groups_with_size_lte@10": 153,
      "groups_with_size_lte@3": 0,
      "groups_with_size_lte@5": 0,
      "groups_without_positive": 0,
      "hit_rate@1": 0.2344895563415255,
      "hit_rate@10": 0.9028661281860547,
      "hit_rate@3": 0.5326937480021519,
      "hit_rate@5": 0.7054444855957855,
      "n": 88990,
      "n_groups": 4526,
      "n_positive": 8899,
      "ndcg@1": 0.2344895563415255,
      "ndcg@10": 0.454383427836029,
      "ndcg@3": 0.2894694549516505,
      "ndcg@5": 0.3649022451972977,
      "tie_policy": "average"
    },
    "macro_by_user_group_mean": {
      "groups_with_score_ties": 4526,
      "groups_with_score_ties_fraction": 1.0,
      "groups_with_size_lte@1": 0,
      "groups_with_size_lte@10": 153,
      "groups_with_size_lte@3": 0,
      "groups_with_size_lte@5": 0,
      "groups_without_positive": 0,
      "hit_rate@1": 0.23665690466811598,
      "hit_rate@10": 0.9035999668073584,
      "hit_rate@3": 0.5354980169762871,
      "hit_rate@5": 0.7065714845905442,
      "n": 88990,
      "n_groups": 4526,
      "n_positive": 8899,
      "n_users": 1000,
      "ndcg@1": 0.23665690466811598,
      "ndcg@10": 0.4565314939771721,
      "ndcg@3": 0.29289480947972113,
      "ndcg@5": 0.36777007377217613,
      "tie_policy": "average"
    }
  },
  "test_failure_as_zero_group": {
    "macro_by_group": {
      "failed_groups": 95,
      "failed_groups_fraction": 0.020558320709803072,
      "failure_policy": "failed_group_zero",
      "groups_with_score_ties": 4526,
      "groups_with_score_ties_fraction": 0.9794416792901969,
      "groups_with_size_lte@1": 0,
      "groups_with_size_lte@10": 153,
      "groups_with_size_lte@3": 0,
      "groups_with_size_lte@5": 0,
      "groups_without_positive": 0,
      "hit_rate@1": 0.22966884483915698,
      "hit_rate@10": 0.8843047167647876,
      "hit_rate@3": 0.5217424590906166,
      "hit_rate@5": 0.6909417316179454,
      "n": 90890,
      "n_groups": 4621,
      "n_positive": 9089,
      "ndcg@1": 0.22966884483915698,
      "ndcg@10": 0.44504206760135634,
      "ndcg@3": 0.28351844906106255,
      "ndcg@5": 0.3574004678128045,
      "scored_groups": 4526,
      "tie_policy": "average"
    },
    "macro_by_user_group_mean": {
      "failed_groups": 95,
      "failed_groups_fraction": 0.020558320709803072,
      "failure_policy": "failed_group_zero",
      "groups_with_score_ties": 4526,
      "groups_with_score_ties_fraction": 0.9794416792901969,
      "groups_with_size_lte@1": 0,
      "groups_with_size_lte@10": 153,
      "groups_with_size_lte@3": 0,
      "groups_with_size_lte@5": 0,
      "groups_without_positive": 0,
      "hit_rate@1": 0.2314333873112898,
      "hit_rate@10": 0.8841724404100371,
      "hit_rate@3": 0.5236246615461708,
      "hit_rate@5": 0.691426874443496,
      "n": 90890,
      "n_groups": 4621,
      "n_positive": 9089,
      "n_users": 1000,
      "ndcg@1": 0.2314333873112898,
      "ndcg@10": 0.44653238043656895,
      "ndcg@3": 0.28620440238380446,
      "ndcg@5": 0.35962540145076105,
      "scored_groups": 4526,
      "tie_policy": "average"
    }
  }
}
