{
  "candidate_groups": {
    "requested": {
      "groups": 2528,
      "positives_max": 2,
      "positives_mean": 1.9529272151898733,
      "positives_min": 1,
      "rows_max": 8,
      "rows_mean": 7.811708860759493,
      "rows_min": 4,
      "sampled_max": 0,
      "sampled_mean": 0.0,
      "sampled_min": 0
    },
    "scored": {
      "groups": 2528,
      "positives_max": 2,
      "positives_mean": 1.9529272151898733,
      "positives_min": 1,
      "rows_max": 8,
      "rows_mean": 7.811708860759493,
      "rows_min": 4,
      "sampled_max": 0,
      "sampled_mean": 0.0,
      "sampled_min": 0
    }
  },
  "coverage": {
    "failed_fraction": 0.0,
    "failed_rows": 0,
    "requested_rows": 19748,
    "scored_fraction": 1.0,
    "scored_rows": 19748
  },
  "llm_errors": 0,
  "main_metric": "test.macro_by_user_group_mean.f1",
  "max_candidate_groups": null,
  "max_workers": 64,
  "method": "llm_preference_yes_no_litellm_qwen36_27b_full",
  "requested_rows": 19748,
  "scored_rows": 19748,
  "task": "ml-1m_preference_cap10_eval_users1000_cg5_m3_seed2",
  "test": {
    "macro_by_group": {
      "accuracy": 0.5724386867088608,
      "f1": 0.418020393811533,
      "n": 19748,
      "n_groups": 2528,
      "n_positive": 4937,
      "n_predicted_positive": 9860,
      "precision": 0.33592713984327904,
      "recall": 0.6441851265822784
    },
    "macro_by_user_group_mean": {
      "accuracy": 0.565719696969697,
      "f1": 0.414907140184918,
      "n": 19748,
      "n_groups": 2528,
      "n_positive": 4937,
      "n_predicted_positive": 9860,
      "n_users": 594,
      "precision": 0.332437670354337,
      "recall": 0.6430836139169472
    },
    "micro": {
      "accuracy": 0.5731719667814462,
      "f1": 0.4303575048996418,
      "n": 19748,
      "n_positive": 4937,
      "n_predicted_positive": 9860,
      "precision": 0.322920892494929,
      "recall": 0.6449260684626291
    }
  },
  "test_failure_as_negative": {
    "macro_by_group": {
      "accuracy": 0.5724386867088608,
      "f1": 0.418020393811533,
      "n": 19748,
      "n_groups": 2528,
      "n_positive": 4937,
      "n_predicted_positive": 9860,
      "precision": 0.33592713984327904,
      "recall": 0.6441851265822784
    },
    "macro_by_user_group_mean": {
      "accuracy": 0.565719696969697,
      "f1": 0.414907140184918,
      "n": 19748,
      "n_groups": 2528,
      "n_positive": 4937,
      "n_predicted_positive": 9860,
      "n_users": 594,
      "precision": 0.332437670354337,
      "recall": 0.6430836139169472
    },
    "micro": {
      "accuracy": 0.5731719667814462,
      "f1": 0.4303575048996418,
      "n": 19748,
      "n_positive": 4937,
      "n_predicted_positive": 9860,
      "precision": 0.322920892494929,
      "recall": 0.6449260684626291
    }
  }
}
