{
  "candidate_groups": {
    "requested": {
      "groups": 4641,
      "positives_max": 2,
      "positives_mean": 1.9691876750700281,
      "positives_min": 1,
      "rows_max": 20,
      "rows_mean": 19.69187675070028,
      "rows_min": 10,
      "sampled_max": 18,
      "sampled_mean": 17.722689075630253,
      "sampled_min": 9
    },
    "scored": {
      "groups": 4625,
      "positives_max": 2,
      "positives_mean": 1.969081081081081,
      "positives_min": 1,
      "rows_max": 20,
      "rows_mean": 19.69081081081081,
      "rows_min": 10,
      "sampled_max": 18,
      "sampled_mean": 17.72172972972973,
      "sampled_min": 9
    }
  },
  "coverage": {
    "failed_fraction": 0.003501477185687712,
    "failed_rows": 320,
    "requested_rows": 91390,
    "scored_fraction": 0.9964985228143123,
    "scored_rows": 91070
  },
  "llm_errors": 16,
  "main_metric": "test.macro_by_user_group_mean.f1",
  "max_candidate_groups": null,
  "max_workers": 32,
  "method": "agent4rec_yes_no_vllm_qwen3_8b_traits_taste_gpt4o_mini_full",
  "requested_rows": 91390,
  "scored_rows": 91070,
  "task": "ml-1m_item_stats_cap20_eval_users1000_cg5_m9_seed0",
  "test": {
    "macro_by_group": {
      "accuracy": 0.7914162162162163,
      "f1": 0.2517203105339328,
      "n": 91070,
      "n_groups": 4625,
      "n_positive": 9107,
      "n_predicted_positive": 17607,
      "precision": 0.20744776737129678,
      "recall": 0.42205405405405405
    },
    "macro_by_user_group_mean": {
      "accuracy": 0.7933108333333333,
      "f1": 0.2503823149199156,
      "n": 91070,
      "n_groups": 4625,
      "n_positive": 9107,
      "n_predicted_positive": 17607,
      "n_users": 1000,
      "precision": 0.20674154888956361,
      "recall": 0.41775
    },
    "micro": {
      "accuracy": 0.7910618205775777,
      "f1": 0.2877143071048888,
      "n": 91070,
      "n_positive": 9107,
      "n_predicted_positive": 17607,
      "precision": 0.21826546260010224,
      "recall": 0.42198308993082245
    }
  },
  "test_failure_as_negative": {
    "macro_by_group": {
      "accuracy": 0.7917905623787977,
      "f1": 0.25085249649201447,
      "n": 91390,
      "n_groups": 4641,
      "n_positive": 9139,
      "n_predicted_positive": 17607,
      "precision": 0.20673258437669634,
      "recall": 0.42059900883430296
    },
    "macro_by_user_group_mean": {
      "accuracy": 0.7935208333333333,
      "f1": 0.24937318932328997,
      "n": 91390,
      "n_groups": 4641,
      "n_positive": 9139,
      "n_predicted_positive": 17607,
      "n_users": 1000,
      "precision": 0.2058113071868219,
      "recall": 0.41632500000000006
    },
    "micro": {
      "accuracy": 0.7914432651274756,
      "f1": 0.28737007402976145,
      "n": 91390,
      "n_positive": 9139,
      "n_predicted_positive": 17607,
      "precision": 0.21826546260010224,
      "recall": 0.42050552576868366
    }
  }
}
