{
  "candidate_groups": {
    "requested": {
      "groups": 4641,
      "positives_max": 2,
      "positives_mean": 1.9691876750700281,
      "positives_min": 1,
      "rows_max": 20,
      "rows_mean": 19.69187675070028,
      "rows_min": 10,
      "sampled_max": 18,
      "sampled_mean": 17.722689075630253,
      "sampled_min": 9
    },
    "scored": {
      "groups": 4625,
      "positives_max": 2,
      "positives_mean": 1.969081081081081,
      "positives_min": 1,
      "rows_max": 20,
      "rows_mean": 19.69081081081081,
      "rows_min": 10,
      "sampled_max": 18,
      "sampled_mean": 17.72172972972973,
      "sampled_min": 9
    }
  },
  "coverage": {
    "failed_fraction": 0.003501477185687712,
    "failed_rows": 320,
    "requested_rows": 91390,
    "scored_fraction": 0.9964985228143123,
    "scored_rows": 91070
  },
  "llm_errors": 16,
  "main_metric": "test.macro_by_user_group_mean.ndcg@5",
  "max_candidate_groups": null,
  "max_workers": 32,
  "method": "agent4rec_yes_no_vllm_qwen3_8b_traits_taste_gpt4o_mini_full",
  "protocol": "ranking",
  "ranking_evaluation": {
    "ks": [
      1,
      3,
      5,
      10
    ],
    "tie_policy": "average"
  },
  "requested_rows": 91390,
  "scored_rows": 91070,
  "task": "ml-1m_item_stats_cap20_eval_users1000_cg5_m9_seed0",
  "test": {
    "macro_by_group": {
      "groups_with_score_ties": 4625,
      "groups_with_score_ties_fraction": 1.0,
      "groups_with_size_lte@1": 0,
      "groups_with_size_lte@10": 143,
      "groups_with_size_lte@3": 0,
      "groups_with_size_lte@5": 0,
      "groups_without_positive": 0,
      "hit_rate@1": 0.23430182142535086,
      "hit_rate@10": 0.8789892430480666,
      "hit_rate@3": 0.51365555474379,
      "hit_rate@5": 0.672977570124629,
      "n": 91070,
      "n_groups": 4625,
      "n_positive": 9107,
      "ndcg@1": 0.23430182142535086,
      "ndcg@10": 0.43162665845875225,
      "ndcg@3": 0.2788603709810323,
      "ndcg@5": 0.34517894908045305,
      "tie_policy": "average"
    },
    "macro_by_user_group_mean": {
      "groups_with_score_ties": 4625,
      "groups_with_score_ties_fraction": 1.0,
      "groups_with_size_lte@1": 0,
      "groups_with_size_lte@10": 143,
      "groups_with_size_lte@3": 0,
      "groups_with_size_lte@5": 0,
      "groups_without_positive": 0,
      "hit_rate@1": 0.23417321555623025,
      "hit_rate@10": 0.8796212486408501,
      "hit_rate@3": 0.5130071543649563,
      "hit_rate@5": 0.671987066450205,
      "n": 91070,
      "n_groups": 4625,
      "n_positive": 9107,
      "n_users": 1000,
      "ndcg@1": 0.23417321555623025,
      "ndcg@10": 0.43209256167917603,
      "ndcg@3": 0.27940892132956646,
      "ndcg@5": 0.34548846992218935,
      "tie_policy": "average"
    }
  },
  "test_failure_as_zero_group": {
    "macro_by_group": {
      "failed_groups": 16,
      "failed_groups_fraction": 0.003447532859297565,
      "failure_policy": "failed_group_zero",
      "groups_with_score_ties": 4625,
      "groups_with_score_ties_fraction": 0.9965524671407024,
      "groups_with_size_lte@1": 0,
      "groups_with_size_lte@10": 143,
      "groups_with_size_lte@3": 0,
      "groups_with_size_lte@5": 0,
      "groups_without_positive": 0,
      "hit_rate@1": 0.23349405819699368,
      "hit_rate@10": 0.8759588987496892,
      "hit_rate@3": 0.5118847103404501,
      "hit_rate@5": 0.6706574578380541,
      "n": 91390,
      "n_groups": 4641,
      "n_positive": 9139,
      "ndcg@1": 0.23349405819699368,
      "ndcg@10": 0.4301386113707669,
      "ndcg@3": 0.2778989906889193,
      "ndcg@5": 0.3439889333111603,
      "scored_groups": 4625,
      "tie_policy": "average"
    },
    "macro_by_user_group_mean": {
      "failed_groups": 16,
      "failed_groups_fraction": 0.003447532859297565,
      "failure_policy": "failed_group_zero",
      "groups_with_score_ties": 4625,
      "groups_with_score_ties_fraction": 0.9965524671407024,
      "groups_with_size_lte@1": 0,
      "groups_with_size_lte@10": 143,
      "groups_with_size_lte@3": 0,
      "groups_with_size_lte@5": 0,
      "groups_without_positive": 0,
      "hit_rate@1": 0.23313630718682188,
      "hit_rate@10": 0.8764232452188336,
      "hit_rate@3": 0.5108927140343317,
      "hit_rate@5": 0.6694382115161527,
      "n": 91390,
      "n_groups": 4641,
      "n_positive": 9139,
      "n_users": 1000,
      "ndcg@1": 0.23313630718682188,
      "ndcg@10": 0.43041684961173393,
      "ndcg@3": 0.27822843048879475,
      "ndcg@5": 0.344100329628636,
      "scored_groups": 4625,
      "tie_policy": "average"
    }
  }
}
