{
  "candidate_groups": {
    "requested": {
      "groups": 2763,
      "positives_max": 10,
      "positives_mean": 8.776692001447701,
      "positives_min": 1,
      "rows_max": 20,
      "rows_mean": 17.553384002895402,
      "rows_min": 2,
      "sampled_max": 10,
      "sampled_mean": 8.776692001447701,
      "sampled_min": 1
    },
    "scored": {
      "groups": 2760,
      "positives_max": 10,
      "positives_mean": 8.77572463768116,
      "positives_min": 1,
      "rows_max": 20,
      "rows_mean": 17.55144927536232,
      "rows_min": 2,
      "sampled_max": 10,
      "sampled_mean": 8.77572463768116,
      "sampled_min": 1
    }
  },
  "coverage": {
    "failed_fraction": 0.0011958762886597938,
    "failed_rows": 58,
    "requested_rows": 48500,
    "scored_fraction": 0.9988041237113402,
    "scored_rows": 48442
  },
  "llm_errors": 3,
  "main_metric": "test.macro_by_user_group_mean.ndcg@5",
  "max_candidate_groups": null,
  "max_workers": 64,
  "method": "agent4rec_yes_no_litellm_qwen3_8b_traits_taste_gpt4o_mini_no_summary_control_full",
  "protocol": "ranking",
  "ranking_evaluation": {
    "ks": [
      1,
      3,
      5,
      10
    ],
    "tie_policy": "average"
  },
  "requested_rows": 48500,
  "scored_rows": 48442,
  "task": "ml-1m_item_stats_cap20_eval_users1000_cg5_m1_seed2",
  "test": {
    "macro_by_group": {
      "groups_with_score_ties": 2727,
      "groups_with_score_ties_fraction": 0.9880434782608696,
      "groups_with_size_lte@1": 0,
      "groups_with_size_lte@10": 373,
      "groups_with_size_lte@3": 65,
      "groups_with_size_lte@5": 117,
      "groups_without_positive": 0,
      "hit_rate@1": 0.7010161590190868,
      "hit_rate@10": 0.999999292319507,
      "hit_rate@3": 0.9664411251239474,
      "hit_rate@5": 0.9965466707302335,
      "n": 48442,
      "n_groups": 2760,
      "n_positive": 24221,
      "ndcg@1": 0.7010161590190868,
      "ndcg@10": 0.6696068779804905,
      "ndcg@3": 0.694751548478825,
      "ndcg@5": 0.686614142644694,
      "tie_policy": "average"
    },
    "macro_by_user_group_mean": {
      "groups_with_score_ties": 2727,
      "groups_with_score_ties_fraction": 0.9880434782608696,
      "groups_with_size_lte@1": 0,
      "groups_with_size_lte@10": 373,
      "groups_with_size_lte@3": 65,
      "groups_with_size_lte@5": 117,
      "groups_without_positive": 0,
      "hit_rate@1": 0.7099712216525877,
      "hit_rate@10": 0.9999993830458613,
      "hit_rate@3": 0.9670856844833587,
      "hit_rate@5": 0.9966662399212127,
      "n": 48442,
      "n_groups": 2760,
      "n_positive": 24221,
      "n_users": 1000,
      "ndcg@1": 0.7099712216525877,
      "ndcg@10": 0.6977694032747901,
      "ndcg@3": 0.701319581599154,
      "ndcg@5": 0.6901487095011619,
      "tie_policy": "average"
    }
  },
  "test_failure_as_zero_group": {
    "macro_by_group": {
      "failed_groups": 3,
      "failed_groups_fraction": 0.0010857763300760044,
      "failure_policy": "failed_group_zero",
      "groups_with_score_ties": 2727,
      "groups_with_score_ties_fraction": 0.9869706840390879,
      "groups_with_size_lte@1": 0,
      "groups_with_size_lte@10": 373,
      "groups_with_size_lte@3": 65,
      "groups_with_size_lte@5": 117,
      "groups_without_positive": 0,
      "hit_rate@1": 0.700255012266623,
      "hit_rate@10": 0.9989135167578137,
      "hit_rate@3": 0.9653917862258758,
      "hit_rate@5": 0.9954646439433386,
      "n": 48500,
      "n_groups": 2763,
      "n_positive": 24250,
      "ndcg@1": 0.7002550122666229,
      "ndcg@10": 0.6688798346819231,
      "ndcg@3": 0.6939972036922031,
      "ndcg@5": 0.6858686332607151,
      "scored_groups": 2760,
      "tie_policy": "average"
    },
    "macro_by_user_group_mean": {
      "failed_groups": 3,
      "failed_groups_fraction": 0.0010857763300760044,
      "failure_policy": "failed_group_zero",
      "groups_with_score_ties": 2727,
      "groups_with_score_ties_fraction": 0.9869706840390879,
      "groups_with_size_lte@1": 0,
      "groups_with_size_lte@10": 373,
      "groups_with_size_lte@3": 65,
      "groups_with_size_lte@5": 117,
      "groups_without_positive": 0,
      "hit_rate@1": 0.7091413407002068,
      "hit_rate@10": 0.9987993830458614,
      "hit_rate@3": 0.9658856844833587,
      "hit_rate@5": 0.9954662399212129,
      "n": 48500,
      "n_groups": 2763,
      "n_positive": 24250,
      "n_users": 1000,
      "ndcg@1": 0.7091413407002068,
      "ndcg@10": 0.6970393730569733,
      "ndcg@3": 0.7004962184068567,
      "ndcg@5": 0.6893332912261724,
      "scored_groups": 2760,
      "tie_policy": "average"
    }
  }
}
