{
  "candidate_groups": {
    "requested": {
      "groups": 1845,
      "positives_max": 3,
      "positives_mean": 2.584823848238482,
      "positives_min": 1,
      "rows_max": 9,
      "rows_mean": 7.7544715447154475,
      "rows_min": 3,
      "sampled_max": 0,
      "sampled_mean": 0.0,
      "sampled_min": 0
    },
    "scored": {
      "groups": 1845,
      "positives_max": 3,
      "positives_mean": 2.584823848238482,
      "positives_min": 1,
      "rows_max": 9,
      "rows_mean": 7.7544715447154475,
      "rows_min": 3,
      "sampled_max": 0,
      "sampled_mean": 0.0,
      "sampled_min": 0
    }
  },
  "coverage": {
    "failed_fraction": 0.0,
    "failed_rows": 0,
    "requested_rows": 14307,
    "scored_fraction": 1.0,
    "scored_rows": 14307
  },
  "llm_errors": 0,
  "main_metric": "test.macro_by_user_group_mean.f1",
  "max_candidate_groups": null,
  "max_workers": 64,
  "method": "llm_preference_yes_no_litellm_qwen36_27b_full",
  "requested_rows": 14307,
  "scored_rows": 14307,
  "task": "steam_preference_cap10_eval_users1000_cg5_m2_seed0",
  "test": {
    "macro_by_group": {
      "accuracy": 0.676242095754291,
      "f1": 0.5458523289417598,
      "n": 14307,
      "n_groups": 1845,
      "n_positive": 4769,
      "n_predicted_positive": 5709,
      "precision": 0.5332700993676605,
      "recall": 0.6206865401987354
    },
    "macro_by_user_group_mean": {
      "accuracy": 0.682973464474156,
      "f1": 0.5563736888079903,
      "n": 14307,
      "n_groups": 1845,
      "n_positive": 4769,
      "n_predicted_positive": 5709,
      "n_users": 723,
      "precision": 0.5375275253024215,
      "recall": 0.63891578300292
    },
    "micro": {
      "accuracy": 0.6740057314601244,
      "f1": 0.5548768849016988,
      "n": 14307,
      "n_positive": 4769,
      "n_predicted_positive": 5709,
      "precision": 0.509196006305833,
      "recall": 0.6095617529880478
    }
  },
  "test_failure_as_negative": {
    "macro_by_group": {
      "accuracy": 0.676242095754291,
      "f1": 0.5458523289417598,
      "n": 14307,
      "n_groups": 1845,
      "n_positive": 4769,
      "n_predicted_positive": 5709,
      "precision": 0.5332700993676605,
      "recall": 0.6206865401987354
    },
    "macro_by_user_group_mean": {
      "accuracy": 0.682973464474156,
      "f1": 0.5563736888079903,
      "n": 14307,
      "n_groups": 1845,
      "n_positive": 4769,
      "n_predicted_positive": 5709,
      "n_users": 723,
      "precision": 0.5375275253024215,
      "recall": 0.63891578300292
    },
    "micro": {
      "accuracy": 0.6740057314601244,
      "f1": 0.5548768849016988,
      "n": 14307,
      "n_positive": 4769,
      "n_predicted_positive": 5709,
      "precision": 0.509196006305833,
      "recall": 0.6095617529880478
    }
  }
}
