{
  "mean_recall@1": 0.0009011264820749395,
  "mean_ndcg@1": 0.023178807947019868,
  "mean_hit_rate@1": 0.023178807947019868,
  "mean_recall@5": 0.003480232017685218,
  "mean_ndcg@5": 0.026188385440030142,
  "mean_hit_rate@5": 0.0912251655629139,
  "mean_recall@10": 0.00946747175767171,
  "mean_ndcg@10": 0.029936417586473446,
  "mean_hit_rate@10": 0.18096026490066225,
  "n_users": 6040,
  "n_users_scored": 6040,
  "n_users_with_recs": 6040
}
