{
  "candidate_groups": {
    "test": {
      "groups": 6877,
      "positives_max": 5,
      "positives_mean": 4.714992002326596,
      "positives_min": 1,
      "rows_max": 20,
      "rows_mean": 18.859968009306385,
      "rows_min": 4,
      "sampled_max": 15,
      "sampled_mean": 14.144976006979787,
      "sampled_min": 3
    },
    "val": {
      "groups": 3704,
      "positives_max": 5,
      "positives_mean": 4.474622030237581,
      "positives_min": 1,
      "rows_max": 20,
      "rows_mean": 17.898488120950326,
      "rows_min": 4,
      "sampled_max": 15,
      "sampled_mean": 13.423866090712743,
      "sampled_min": 3
    }
  },
  "main_metric": "test.macro_by_user_group_mean.f1",
  "method": "popularity_f1_threshold",
  "stage_times_seconds": {
    "apply_threshold": 0.001,
    "candidate_group_summary": 0.082,
    "compute_metrics": 0.39,
    "fit": 0.125,
    "prepare_xy": 0.06,
    "score_test": 0.028,
    "score_val": 0.017,
    "select_threshold": 0.099,
    "write_predictions": 0.307
  },
  "task": "ml-1m_interaction_cap20_eval_users1000_m3_seed1",
  "test": {
    "macro_by_group": {
      "accuracy": 0.7880040957781977,
      "f1": 0.6307502318350386,
      "n": 129700,
      "n_groups": 6877,
      "n_positive": 32425,
      "n_predicted_positive": 42365,
      "precision": 0.580936808332475,
      "recall": 0.7330400853085163
    },
    "macro_by_user_group_mean": {
      "accuracy": 0.7813213050051506,
      "f1": 0.6408878051876741,
      "n": 129700,
      "n_groups": 6877,
      "n_positive": 32425,
      "n_predicted_positive": 42365,
      "n_users": 1000,
      "precision": 0.5664987033801581,
      "recall": 0.7807813179443254
    },
    "micro": {
      "accuracy": 0.7882960678488821,
      "f1": 0.6328653563310603,
      "n": 129700,
      "n_positive": 32425,
      "n_predicted_positive": 42365,
      "precision": 0.5586215035996696,
      "recall": 0.7298689282960679
    }
  },
  "threshold": 243.0,
  "threshold_metric": "macro_by_user_group_mean_f1",
  "val": {
    "macro_by_group": {
      "accuracy": 0.7869667926565875,
      "f1": 0.6287941575218237,
      "n": 66296,
      "n_groups": 3704,
      "n_positive": 16574,
      "n_predicted_positive": 21756,
      "precision": 0.5782906483365448,
      "recall": 0.7331353491720662
    },
    "macro_by_user_group_mean": {
      "accuracy": 0.7803638411043077,
      "f1": 0.63568232858613,
      "n": 66296,
      "n_groups": 3704,
      "n_positive": 16574,
      "n_predicted_positive": 21756,
      "n_users": 1000,
      "precision": 0.5638309970434286,
      "recall": 0.7734665923926434
    },
    "micro": {
      "accuracy": 0.7876794980089297,
      "f1": 0.6327680667884164,
      "n": 66296,
      "n_positive": 16574,
      "n_predicted_positive": 21756,
      "precision": 0.5574094502665932,
      "recall": 0.7316881863159165
    }
  }
}
