{
  "candidate_groups": {
    "requested": {
      "groups": 5000,
      "positives_max": 2,
      "positives_mean": 2.0,
      "positives_min": 2,
      "rows_max": 20,
      "rows_mean": 20.0,
      "rows_min": 20,
      "sampled_max": 18,
      "sampled_mean": 18.0,
      "sampled_min": 18
    },
    "scored": {
      "groups": 4991,
      "positives_max": 2,
      "positives_mean": 2.0,
      "positives_min": 2,
      "rows_max": 20,
      "rows_mean": 20.0,
      "rows_min": 20,
      "sampled_max": 18,
      "sampled_mean": 18.0,
      "sampled_min": 18
    }
  },
  "llm_errors": 9,
  "main_metric": "test.macro_by_user_group_mean.f1",
  "max_candidate_groups": null,
  "max_workers": 128,
  "method": "agent4rec_yes_no_vllm_qwen36_27b_traits_taste_gpt4o_mini_full",
  "requested_rows": 100000,
  "scored_rows": 99820,
  "task": "ml-1m_cold_start_k3_cap20_eval_users1000_cg5_m9_seed0",
  "test": {
    "macro_by_group": {
      "accuracy": 0.6252254057303146,
      "f1": 0.21745978422747383,
      "n": 99820,
      "n_groups": 4991,
      "n_positive": 9982,
      "n_predicted_positive": 37780,
      "precision": 0.14668883284955683,
      "recall": 0.5185333600480866
    },
    "macro_by_user_group_mean": {
      "accuracy": 0.6253500000000001,
      "f1": 0.2175766124243833,
      "n": 99820,
      "n_groups": 4991,
      "n_positive": 9982,
      "n_predicted_positive": 37780,
      "n_users": 1000,
      "precision": 0.14677710748230097,
      "recall": 0.5186499999999999
    },
    "micro": {
      "accuracy": 0.6252254057303146,
      "f1": 0.21674134248984547,
      "n": 99820,
      "n_positive": 9982,
      "n_predicted_positive": 37780,
      "precision": 0.13700370566437267,
      "recall": 0.5185333600480866
    }
  }
}
