{
  "candidate_groups": {
    "requested": {
      "groups": 4488,
      "positives_max": 10,
      "positives_mean": 9.699420677361854,
      "positives_min": 1,
      "rows_max": 20,
      "rows_mean": 19.398841354723707,
      "rows_min": 2,
      "sampled_max": 10,
      "sampled_mean": 9.699420677361854,
      "sampled_min": 1
    },
    "scored": {
      "groups": 4488,
      "positives_max": 10,
      "positives_mean": 9.699420677361854,
      "positives_min": 1,
      "rows_max": 20,
      "rows_mean": 19.398841354723707,
      "rows_min": 2,
      "sampled_max": 10,
      "sampled_mean": 9.699420677361854,
      "sampled_min": 1
    }
  },
  "llm_errors": 0,
  "main_metric": "test.macro_by_user_group_mean.ndcg@5",
  "max_candidate_groups": null,
  "max_workers": 128,
  "method": "llm_yes_no_vllm_qwen36_27b_full",
  "protocol": "ranking",
  "ranking_evaluation": {
    "ks": [
      1,
      3,
      5,
      10
    ],
    "tie_policy": "average"
  },
  "requested_rows": 87062,
  "scored_rows": 87062,
  "task": "ml-1m_cold_start_k5_cap20_eval_users1000_cg5_m1_seed0",
  "test": {
    "macro_by_group": {
      "groups_with_score_ties": 4471,
      "groups_with_score_ties_fraction": 0.9962121212121212,
      "groups_with_size_lte@1": 0,
      "groups_with_size_lte@10": 149,
      "groups_with_size_lte@3": 22,
      "groups_with_size_lte@5": 46,
      "groups_without_positive": 0,
      "hit_rate@1": 0.6690803434171197,
      "hit_rate@10": 0.9999609481488919,
      "hit_rate@3": 0.9489541234629013,
      "hit_rate@5": 0.9884319068528301,
      "n": 87062,
      "n_groups": 4488,
      "n_positive": 43531,
      "ndcg@1": 0.6690803434171199,
      "ndcg@10": 0.6586229724088117,
      "ndcg@3": 0.6710045706489232,
      "ndcg@5": 0.6711914241545344,
      "tie_policy": "average"
    },
    "macro_by_user_group_mean": {
      "groups_with_score_ties": 4471,
      "groups_with_score_ties_fraction": 0.9962121212121212,
      "groups_with_size_lte@1": 0,
      "groups_with_size_lte@10": 149,
      "groups_with_size_lte@3": 22,
      "groups_with_size_lte@5": 46,
      "groups_without_positive": 0,
      "hit_rate@1": 0.6676059012316946,
      "hit_rate@10": 0.9999598656181281,
      "hit_rate@3": 0.9486127243340595,
      "hit_rate@5": 0.9885267103603599,
      "n": 87062,
      "n_groups": 4488,
      "n_positive": 43531,
      "n_users": 1000,
      "ndcg@1": 0.6676059012316946,
      "ndcg@10": 0.6614535493925113,
      "ndcg@3": 0.6698540623846353,
      "ndcg@5": 0.6704160680898115,
      "tie_policy": "average"
    }
  }
}
