{
  "candidate_groups": {
    "test": {
      "groups": 3624,
      "positives_max": 5,
      "positives_mean": 4.673565121412803,
      "positives_min": 1,
      "rows_max": 20,
      "rows_mean": 18.694260485651213,
      "rows_min": 4,
      "sampled_max": 15,
      "sampled_mean": 14.02069536423841,
      "sampled_min": 3
    },
    "val": {
      "groups": 2751,
      "positives_max": 5,
      "positives_mean": 4.443475099963649,
      "positives_min": 1,
      "rows_max": 20,
      "rows_mean": 17.773900399854597,
      "rows_min": 4,
      "sampled_max": 15,
      "sampled_mean": 13.33042529989095,
      "sampled_min": 3
    }
  },
  "main_metric": "test.macro_by_user_group_mean.ndcg@5",
  "method": "popularity_ranking",
  "protocol": "ranking",
  "ranking_evaluation": {
    "ks": [
      1,
      3,
      5,
      10
    ],
    "tie_policy": "average"
  },
  "stage_times_seconds": {
    "candidate_group_summary": 0.016,
    "compute_ranking_metrics": 1.012,
    "fit": 0.058,
    "prepare_xy": 0.018,
    "score_test": 0.007,
    "score_val": 0.006,
    "write_predictions": 0.051
  },
  "task": "ml-1m_cap20_eval_users1000_cg5_m3_seed1",
  "test": {
    "macro_by_group": {
      "groups_with_score_ties": 1881,
      "groups_with_score_ties_fraction": 0.5190397350993378,
      "groups_with_size_lte@1": 0,
      "groups_with_size_lte@10": 239,
      "groups_with_size_lte@3": 0,
      "groups_with_size_lte@5": 133,
      "groups_without_positive": 0,
      "hit_rate@1": 0.8107064017660044,
      "hit_rate@10": 1.0,
      "hit_rate@3": 0.9815121412803532,
      "hit_rate@5": 0.9977924944812362,
      "n": 67748,
      "n_groups": 3624,
      "n_positive": 16937,
      "ndcg@1": 0.8107064017660044,
      "ndcg@10": 0.8344203955363781,
      "ndcg@3": 0.7500999543002576,
      "ndcg@5": 0.6998615982556976,
      "tie_policy": "average"
    },
    "macro_by_user_group_mean": {
      "groups_with_score_ties": 1881,
      "groups_with_score_ties_fraction": 0.5190397350993378,
      "groups_with_size_lte@1": 0,
      "groups_with_size_lte@10": 239,
      "groups_with_size_lte@3": 0,
      "groups_with_size_lte@5": 133,
      "groups_without_positive": 0,
      "hit_rate@1": 0.8178666666666666,
      "hit_rate@10": 1.0,
      "hit_rate@3": 0.98105,
      "hit_rate@5": 0.9979666666666667,
      "n": 67748,
      "n_groups": 3624,
      "n_positive": 16937,
      "n_users": 1000,
      "ndcg@1": 0.8178666666666666,
      "ndcg@10": 0.8389271939921039,
      "ndcg@3": 0.7551285586289905,
      "ndcg@5": 0.7096113295737692,
      "tie_policy": "average"
    }
  },
  "val": {
    "macro_by_group": {
      "groups_with_score_ties": 1410,
      "groups_with_score_ties_fraction": 0.5125408942202835,
      "groups_with_size_lte@1": 0,
      "groups_with_size_lte@10": 251,
      "groups_with_size_lte@3": 0,
      "groups_with_size_lte@5": 133,
      "groups_without_positive": 0,
      "hit_rate@1": 0.7935296255906943,
      "hit_rate@10": 1.0,
      "hit_rate@3": 0.9803707742639041,
      "hit_rate@5": 0.9967284623773174,
      "n": 48896,
      "n_groups": 2751,
      "n_positive": 12224,
      "ndcg@1": 0.7935296255906943,
      "ndcg@10": 0.82980563107693,
      "ndcg@3": 0.7352768699200948,
      "ndcg@5": 0.7022395872491742,
      "tie_policy": "average"
    },
    "macro_by_user_group_mean": {
      "groups_with_score_ties": 1410,
      "groups_with_score_ties_fraction": 0.5125408942202835,
      "groups_with_size_lte@1": 0,
      "groups_with_size_lte@10": 251,
      "groups_with_size_lte@3": 0,
      "groups_with_size_lte@5": 133,
      "groups_without_positive": 0,
      "hit_rate@1": 0.7998999999999999,
      "hit_rate@10": 1.0,
      "hit_rate@3": 0.9790500000000001,
      "hit_rate@5": 0.99585,
      "n": 48896,
      "n_groups": 2751,
      "n_positive": 12224,
      "n_users": 1000,
      "ndcg@1": 0.7998999999999999,
      "ndcg@10": 0.8391355277569678,
      "ndcg@3": 0.737080458826516,
      "ndcg@5": 0.7222965387044367,
      "tie_policy": "average"
    }
  }
}
