{
  "candidate_groups": {
    "test": {
      "groups": 5000,
      "positives_max": 1,
      "positives_mean": 1.0,
      "positives_min": 1,
      "rows_max": 20,
      "rows_mean": 20.0,
      "rows_min": 20,
      "sampled_max": 19,
      "sampled_mean": 19.0,
      "sampled_min": 19
    },
    "val": {
      "groups": 3020,
      "positives_max": 1,
      "positives_mean": 1.0,
      "positives_min": 1,
      "rows_max": 20,
      "rows_mean": 20.0,
      "rows_min": 20,
      "sampled_max": 19,
      "sampled_mean": 19.0,
      "sampled_min": 19
    }
  },
  "main_metric": "test.macro_by_user_group_mean.f1",
  "method": "item_knn_cold_start",
  "stage_times_seconds": {
    "apply_threshold": 0.0,
    "candidate_group_summary": 0.031,
    "compute_metrics": 0.267,
    "fit": 0.641,
    "prepare_xy": 0.024,
    "score_test": 0.331,
    "score_val": 0.201,
    "select_threshold": 0.13,
    "write_predictions": 0.102
  },
  "task": "ml-1m_cold_start_k3_cap20_eval_users1000_cg5_m19_seed1",
  "test": {
    "macro_by_group": {
      "accuracy": 0.9466599999999998,
      "f1": 0.12756666666666666,
      "n": 100000,
      "n_groups": 5000,
      "n_positive": 5000,
      "n_predicted_positive": 1686,
      "precision": 0.124,
      "recall": 0.1352
    },
    "macro_by_user_group_mean": {
      "accuracy": 0.9466599999999998,
      "f1": 0.12756666666666666,
      "n": 100000,
      "n_groups": 5000,
      "n_positive": 5000,
      "n_predicted_positive": 1686,
      "n_users": 1000,
      "precision": 0.124,
      "recall": 0.13520000000000001
    },
    "micro": {
      "accuracy": 0.94666,
      "f1": 0.20221358061621297,
      "n": 100000,
      "n_positive": 5000,
      "n_predicted_positive": 1686,
      "precision": 0.40094899169632264,
      "recall": 0.1352
    }
  },
  "threshold": 0.07978558540344238,
  "threshold_metric": "macro_by_user_group_mean_f1",
  "val": {
    "macro_by_group": {
      "accuracy": 0.9455463576158939,
      "f1": 0.12080573951434878,
      "n": 60400,
      "n_groups": 3020,
      "n_positive": 3020,
      "n_predicted_positive": 1051,
      "precision": 0.11666666666666665,
      "recall": 0.1294701986754967
    },
    "macro_by_user_group_mean": {
      "accuracy": 0.9455463576158941,
      "f1": 0.1208057395143488,
      "n": 60400,
      "n_groups": 3020,
      "n_positive": 3020,
      "n_predicted_positive": 1051,
      "n_users": 604,
      "precision": 0.11666666666666667,
      "recall": 0.12947019867549667
    },
    "micro": {
      "accuracy": 0.945546357615894,
      "f1": 0.192090395480226,
      "n": 60400,
      "n_positive": 3020,
      "n_predicted_positive": 1051,
      "precision": 0.3720266412940057,
      "recall": 0.1294701986754967
    }
  }
}
