{
  "candidate_groups": {
    "test": {
      "groups": 34407,
      "positives_max": 1,
      "positives_mean": 1.0,
      "positives_min": 1,
      "rows_max": 20,
      "rows_mean": 20.0,
      "rows_min": 20,
      "sampled_max": 19,
      "sampled_mean": 19.0,
      "sampled_min": 19
    },
    "val": {
      "groups": 17564,
      "positives_max": 1,
      "positives_mean": 1.0,
      "positives_min": 1,
      "rows_max": 20,
      "rows_mean": 20.0,
      "rows_min": 20,
      "sampled_max": 19,
      "sampled_mean": 19.0,
      "sampled_min": 19
    }
  },
  "main_metric": "test.macro_by_user_group_mean.f1",
  "method": "popularity_f1_threshold",
  "stage_times_seconds": {
    "apply_threshold": 0.001,
    "candidate_group_summary": 0.236,
    "compute_metrics": 1.179,
    "fit": 0.122,
    "prepare_xy": 0.137,
    "score_test": 0.138,
    "score_val": 0.079,
    "select_threshold": 0.338,
    "write_predictions": 0.886
  },
  "task": "ml-1m_interaction_cap20_eval_users1000_m19_seed4",
  "test": {
    "macro_by_group": {
      "accuracy": 0.9057706280698695,
      "f1": 0.3138070833685098,
      "n": 688140,
      "n_groups": 34407,
      "n_positive": 34407,
      "n_predicted_positive": 63244,
      "precision": 0.25611854084693914,
      "recall": 0.47676344929810793
    },
    "macro_by_user_group_mean": {
      "accuracy": 0.8930824822854966,
      "f1": 0.3321431844412276,
      "n": 688140,
      "n_groups": 34407,
      "n_positive": 34407,
      "n_predicted_positive": 63244,
      "n_users": 1000,
      "precision": 0.2610716593956072,
      "recall": 0.5441322648460349
    },
    "micro": {
      "accuracy": 0.9057706280698695,
      "f1": 0.33597198185374444,
      "n": 688140,
      "n_positive": 34407,
      "n_predicted_positive": 63244,
      "precision": 0.2593763835304535,
      "recall": 0.47676344929810793
    }
  },
  "threshold": 477.0,
  "threshold_metric": "macro_by_user_group_mean_f1",
  "val": {
    "macro_by_group": {
      "accuracy": 0.9064079936233205,
      "f1": 0.31981822486832734,
      "n": 351280,
      "n_groups": 17564,
      "n_positive": 17564,
      "n_predicted_positive": 32369,
      "precision": 0.26072885827070524,
      "recall": 0.4855386016852653
    },
    "macro_by_user_group_mean": {
      "accuracy": 0.8931923267675991,
      "f1": 0.3380243988172273,
      "n": 351280,
      "n_groups": 17564,
      "n_positive": 17564,
      "n_predicted_positive": 32369,
      "n_users": 1000,
      "precision": 0.2651182353760048,
      "recall": 0.5541324084124609
    },
    "micro": {
      "accuracy": 0.9064079936233205,
      "f1": 0.3415777141369435,
      "n": 351280,
      "n_positive": 17564,
      "n_predicted_positive": 32369,
      "precision": 0.2634619543390281,
      "recall": 0.4855386016852653
    }
  }
}
