{
  "candidate_groups": {
    "requested": {
      "groups": 1754,
      "positives_max": 1,
      "positives_mean": 1.0,
      "positives_min": 1,
      "rows_max": 10,
      "rows_mean": 10.0,
      "rows_min": 10,
      "sampled_max": 0,
      "sampled_mean": 0.0,
      "sampled_min": 0
    },
    "scored": {
      "groups": 1754,
      "positives_max": 1,
      "positives_mean": 1.0,
      "positives_min": 1,
      "rows_max": 10,
      "rows_mean": 10.0,
      "rows_min": 10,
      "sampled_max": 0,
      "sampled_mean": 0.0,
      "sampled_min": 0
    }
  },
  "coverage": {
    "failed_fraction": 0.0,
    "failed_rows": 0,
    "requested_rows": 17540,
    "scored_fraction": 1.0,
    "scored_rows": 17540
  },
  "llm_errors": 0,
  "main_metric": "test.macro_by_user_group_mean.f1",
  "max_candidate_groups": null,
  "max_workers": 64,
  "method": "llm_preference_yes_no_litellm_qwen36_27b_full",
  "requested_rows": 17540,
  "scored_rows": 17540,
  "task": "steam_preference_cap10_eval_users1000_cg5_m9_seed1",
  "test": {
    "macro_by_group": {
      "accuracy": 0.6883694412770809,
      "f1": 0.2939842717778864,
      "n": 17540,
      "n_groups": 1754,
      "n_positive": 1754,
      "n_predicted_positive": 5902,
      "precision": 0.20921340790211942,
      "recall": 0.6242873432155074
    },
    "macro_by_user_group_mean": {
      "accuracy": 0.6879730902777778,
      "f1": 0.2906747754078483,
      "n": 17540,
      "n_groups": 1754,
      "n_positive": 1754,
      "n_predicted_positive": 5902,
      "n_users": 384,
      "precision": 0.20675981040564376,
      "recall": 0.6170138888888889
    },
    "micro": {
      "accuracy": 0.688369441277081,
      "f1": 0.28605015673981193,
      "n": 17540,
      "n_positive": 1754,
      "n_predicted_positive": 5902,
      "precision": 0.18553032870213487,
      "recall": 0.6242873432155074
    }
  },
  "test_failure_as_negative": {
    "macro_by_group": {
      "accuracy": 0.6883694412770809,
      "f1": 0.2939842717778864,
      "n": 17540,
      "n_groups": 1754,
      "n_positive": 1754,
      "n_predicted_positive": 5902,
      "precision": 0.20921340790211942,
      "recall": 0.6242873432155074
    },
    "macro_by_user_group_mean": {
      "accuracy": 0.6879730902777778,
      "f1": 0.2906747754078483,
      "n": 17540,
      "n_groups": 1754,
      "n_positive": 1754,
      "n_predicted_positive": 5902,
      "n_users": 384,
      "precision": 0.20675981040564376,
      "recall": 0.6170138888888889
    },
    "micro": {
      "accuracy": 0.688369441277081,
      "f1": 0.28605015673981193,
      "n": 17540,
      "n_positive": 1754,
      "n_predicted_positive": 5902,
      "precision": 0.18553032870213487,
      "recall": 0.6242873432155074
    }
  }
}
