{
  "candidate_groups": {
    "requested": {
      "groups": 3672,
      "positives_max": 5,
      "positives_mean": 4.703703703703703,
      "positives_min": 1,
      "rows_max": 20,
      "rows_mean": 18.814814814814813,
      "rows_min": 4,
      "sampled_max": 15,
      "sampled_mean": 14.11111111111111,
      "sampled_min": 3
    },
    "scored": {
      "groups": 3643,
      "positives_max": 5,
      "positives_mean": 4.701345045292341,
      "positives_min": 1,
      "rows_max": 20,
      "rows_mean": 18.805380181169365,
      "rows_min": 4,
      "sampled_max": 15,
      "sampled_mean": 14.104035135877025,
      "sampled_min": 3
    }
  },
  "coverage": {
    "failed_fraction": 0.008395090319592404,
    "failed_rows": 580,
    "requested_rows": 69088,
    "scored_fraction": 0.9916049096804076,
    "scored_rows": 68508
  },
  "llm_errors": 29,
  "main_metric": "test.macro_by_user_group_mean.f1",
  "max_candidate_groups": null,
  "max_workers": 32,
  "method": "agent4rec_yes_no_litellm_qwen36_27b_traits_taste_gpt4o_mini_no_summary_control_full",
  "requested_rows": 69088,
  "scored_rows": 68508,
  "task": "ml-1m_item_stats_cap20_eval_users1000_cg5_m3_seed2",
  "test": {
    "macro_by_group": {
      "accuracy": 0.7010774087290694,
      "f1": 0.4640787427907973,
      "n": 68508,
      "n_groups": 3643,
      "n_positive": 17127,
      "n_predicted_positive": 22922,
      "precision": 0.44338398401282686,
      "recall": 0.5555128557050051
    },
    "macro_by_user_group_mean": {
      "accuracy": 0.7156791666666668,
      "f1": 0.4571342460718328,
      "n": 68508,
      "n_groups": 3643,
      "n_positive": 17127,
      "n_predicted_positive": 22922,
      "n_users": 1000,
      "precision": 0.45069850945193435,
      "recall": 0.5285627777777777
    },
    "micro": {
      "accuracy": 0.6964296140596719,
      "f1": 0.48071112886713774,
      "n": 68508,
      "n_positive": 17127,
      "n_predicted_positive": 22922,
      "precision": 0.4199459034988221,
      "recall": 0.5620365504758569
    }
  },
  "test_failure_as_negative": {
    "macro_by_group": {
      "accuracy": 0.7014637799564271,
      "f1": 0.46041363289402903,
      "n": 69088,
      "n_groups": 3672,
      "n_positive": 17272,
      "n_predicted_positive": 22922,
      "precision": 0.4398823131151221,
      "recall": 0.551125635439361
    },
    "macro_by_user_group_mean": {
      "accuracy": 0.7159569444444444,
      "f1": 0.45350700789076714,
      "n": 69088,
      "n_groups": 3672,
      "n_positive": 17272,
      "n_predicted_positive": 22922,
      "n_users": 1000,
      "precision": 0.4472662485184235,
      "recall": 0.5243711111111111
    },
    "micro": {
      "accuracy": 0.6968793422880963,
      "f1": 0.4789769617355824,
      "n": 69088,
      "n_positive": 17272,
      "n_predicted_positive": 22922,
      "precision": 0.4199459034988221,
      "recall": 0.5573182028716999
    }
  }
}
