{
  "candidate_groups": {
    "test": {
      "groups": 2882,
      "positives_max": 10,
      "positives_mean": 9.683553088133241,
      "positives_min": 1,
      "rows_max": 20,
      "rows_mean": 19.367106176266482,
      "rows_min": 2,
      "sampled_max": 10,
      "sampled_mean": 9.683553088133241,
      "sampled_min": 1
    },
    "val": {
      "groups": 1697,
      "positives_max": 10,
      "positives_mean": 9.626988803771361,
      "positives_min": 1,
      "rows_max": 20,
      "rows_mean": 19.253977607542723,
      "rows_min": 2,
      "sampled_max": 10,
      "sampled_mean": 9.626988803771361,
      "sampled_min": 1
    }
  },
  "main_metric": "test.macro_by_user_group_mean.ndcg@5",
  "method": "item_knn_cold_start_ranking",
  "protocol": "ranking",
  "ranking_evaluation": {
    "ks": [
      1,
      3,
      5,
      10
    ],
    "tie_policy": "average"
  },
  "stage_times_seconds": {
    "candidate_group_summary": 0.022,
    "compute_ranking_metrics": 1.13,
    "fit": 0.646,
    "prepare_xy": 0.014,
    "score_test": 0.226,
    "score_val": 0.138,
    "write_predictions": 0.06
  },
  "task": "ml-1m_cold_start_k5_cap20_eval_users1000_cg5_m1_seed1",
  "test": {
    "macro_by_group": {
      "groups_with_score_ties": 2879,
      "groups_with_score_ties_fraction": 0.9989590562109646,
      "groups_with_size_lte@1": 0,
      "groups_with_size_lte@10": 101,
      "groups_with_size_lte@3": 20,
      "groups_with_size_lte@5": 44,
      "groups_without_positive": 0,
      "hit_rate@1": 0.7539902845246357,
      "hit_rate@10": 0.9999977820213057,
      "hit_rate@3": 0.9539553337735931,
      "hit_rate@5": 0.9931264488804296,
      "n": 55816,
      "n_groups": 2882,
      "n_positive": 27908,
      "ndcg@1": 0.7539902845246357,
      "ndcg@10": 0.5894029947529318,
      "ndcg@3": 0.6844231322756291,
      "ndcg@5": 0.6397044068698282,
      "tie_policy": "average"
    },
    "macro_by_user_group_mean": {
      "groups_with_score_ties": 2879,
      "groups_with_score_ties_fraction": 0.9989590562109646,
      "groups_with_size_lte@1": 0,
      "groups_with_size_lte@10": 101,
      "groups_with_size_lte@3": 20,
      "groups_with_size_lte@5": 44,
      "groups_without_positive": 0,
      "hit_rate@1": 0.7447633434038269,
      "hit_rate@10": 0.9999979329889513,
      "hit_rate@3": 0.9538735620406698,
      "hit_rate@5": 0.9933920658012911,
      "n": 55816,
      "n_groups": 2882,
      "n_positive": 27908,
      "n_users": 662,
      "ndcg@1": 0.7447633434038269,
      "ndcg@10": 0.6014767800941939,
      "ndcg@3": 0.6798428599699673,
      "ndcg@5": 0.641133862966894,
      "tie_policy": "average"
    }
  },
  "val": {
    "macro_by_group": {
      "groups_with_score_ties": 1696,
      "groups_with_score_ties_fraction": 0.9994107248084856,
      "groups_with_size_lte@1": 0,
      "groups_with_size_lte@10": 68,
      "groups_with_size_lte@3": 12,
      "groups_with_size_lte@5": 31,
      "groups_without_positive": 0,
      "hit_rate@1": 0.7469063052445492,
      "hit_rate@10": 0.9999976449249066,
      "hit_rate@3": 0.9516044403838564,
      "hit_rate@5": 0.9927359333233569,
      "n": 32674,
      "n_groups": 1697,
      "n_positive": 16337,
      "ndcg@1": 0.7469063052445492,
      "ndcg@10": 0.5887531552381994,
      "ndcg@3": 0.6774221518945445,
      "ndcg@5": 0.6345436724968935,
      "tie_policy": "average"
    },
    "macro_by_user_group_mean": {
      "groups_with_score_ties": 1696,
      "groups_with_score_ties_fraction": 0.9994107248084856,
      "groups_with_size_lte@1": 0,
      "groups_with_size_lte@10": 68,
      "groups_with_size_lte@3": 12,
      "groups_with_size_lte@5": 31,
      "groups_without_positive": 0,
      "hit_rate@1": 0.7429156429156429,
      "hit_rate@10": 0.9999978167829279,
      "hit_rate@3": 0.9524931830919728,
      "hit_rate@5": 0.9930523527519025,
      "n": 32674,
      "n_groups": 1697,
      "n_positive": 16337,
      "n_users": 407,
      "ndcg@1": 0.7429156429156429,
      "ndcg@10": 0.6029541251894438,
      "ndcg@3": 0.6761353829184533,
      "ndcg@5": 0.6374676691973268,
      "tie_policy": "average"
    }
  }
}
