{
  "candidate_groups": {
    "requested": {
      "groups": 3224,
      "positives_max": 5,
      "positives_mean": 4.9181141439205955,
      "positives_min": 1,
      "rows_max": 20,
      "rows_mean": 19.672456575682382,
      "rows_min": 4,
      "sampled_max": 15,
      "sampled_mean": 14.754342431761787,
      "sampled_min": 3
    },
    "scored": {
      "groups": 3220,
      "positives_max": 5,
      "positives_mean": 4.918012422360248,
      "positives_min": 1,
      "rows_max": 20,
      "rows_mean": 19.672049689440993,
      "rows_min": 4,
      "sampled_max": 15,
      "sampled_mean": 14.754037267080745,
      "sampled_min": 3
    }
  },
  "llm_errors": 4,
  "main_metric": "test.macro_by_user_group_mean.ndcg@5",
  "max_candidate_groups": null,
  "max_workers": 128,
  "method": "agent4rec_yes_no_vllm_qwen36_27b_traits_taste_gpt4o_mini_full",
  "protocol": "ranking",
  "ranking_evaluation": {
    "ks": [
      1,
      3,
      5,
      10
    ],
    "tie_policy": "average"
  },
  "requested_rows": 63424,
  "scored_rows": 63344,
  "task": "ml-1m_cold_start_k5_cap20_eval_users1000_cg5_m3_seed2",
  "test": {
    "macro_by_group": {
      "groups_with_score_ties": 3220,
      "groups_with_score_ties_fraction": 1.0,
      "groups_with_size_lte@1": 0,
      "groups_with_size_lte@10": 57,
      "groups_with_size_lte@3": 0,
      "groups_with_size_lte@5": 33,
      "groups_without_positive": 0,
      "hit_rate@1": 0.319863518876797,
      "hit_rate@10": 0.9675200593431271,
      "hit_rate@3": 0.6683407841941724,
      "hit_rate@5": 0.8270281817233676,
      "n": 63344,
      "n_groups": 3220,
      "n_positive": 15836,
      "ndcg@1": 0.319863518876797,
      "ndcg@10": 0.4751228084327642,
      "ndcg@3": 0.32260756171117533,
      "ndcg@5": 0.32442994678031395,
      "tie_policy": "average"
    },
    "macro_by_user_group_mean": {
      "groups_with_score_ties": 3220,
      "groups_with_score_ties_fraction": 1.0,
      "groups_with_size_lte@1": 0,
      "groups_with_size_lte@10": 57,
      "groups_with_size_lte@3": 0,
      "groups_with_size_lte@5": 33,
      "groups_without_positive": 0,
      "hit_rate@1": 0.31745473354878,
      "hit_rate@10": 0.9690439848827204,
      "hit_rate@3": 0.6686754708612035,
      "hit_rate@5": 0.8297848189903995,
      "n": 63344,
      "n_groups": 3220,
      "n_positive": 15836,
      "n_users": 687,
      "ndcg@1": 0.31745473354878,
      "ndcg@10": 0.47761093948400124,
      "ndcg@3": 0.32401008624371813,
      "ndcg@5": 0.32888661801116537,
      "tie_policy": "average"
    }
  }
}
