{
  "candidate_groups": {
    "requested": {
      "groups": 2763,
      "positives_max": 10,
      "positives_mean": 8.776692001447701,
      "positives_min": 1,
      "rows_max": 20,
      "rows_mean": 17.553384002895402,
      "rows_min": 2,
      "sampled_max": 10,
      "sampled_mean": 8.776692001447701,
      "sampled_min": 1
    },
    "scored": {
      "groups": 2754,
      "positives_max": 10,
      "positives_mean": 8.77523602033406,
      "positives_min": 1,
      "rows_max": 20,
      "rows_mean": 17.55047204066812,
      "rows_min": 2,
      "sampled_max": 10,
      "sampled_mean": 8.77523602033406,
      "sampled_min": 1
    }
  },
  "coverage": {
    "failed_fraction": 0.003422680412371134,
    "failed_rows": 166,
    "requested_rows": 48500,
    "scored_fraction": 0.9965773195876289,
    "scored_rows": 48334
  },
  "llm_errors": 9,
  "main_metric": "test.macro_by_user_group_mean.ndcg@5",
  "max_candidate_groups": null,
  "max_workers": 32,
  "method": "agent4rec_yes_no_litellm_qwen36_27b_traits_taste_gpt4o_mini_no_summary_control_full",
  "protocol": "ranking",
  "ranking_evaluation": {
    "ks": [
      1,
      3,
      5,
      10
    ],
    "tie_policy": "average"
  },
  "requested_rows": 48500,
  "scored_rows": 48334,
  "task": "ml-1m_item_stats_cap20_eval_users1000_cg5_m1_seed2",
  "test": {
    "macro_by_group": {
      "groups_with_score_ties": 2715,
      "groups_with_score_ties_fraction": 0.985838779956427,
      "groups_with_size_lte@1": 0,
      "groups_with_size_lte@10": 372,
      "groups_with_size_lte@3": 65,
      "groups_with_size_lte@5": 117,
      "groups_without_positive": 0,
      "hit_rate@1": 0.6998676428007758,
      "hit_rate@10": 0.999999666282287,
      "hit_rate@3": 0.968283162055758,
      "hit_rate@5": 0.996537982317954,
      "n": 48334,
      "n_groups": 2754,
      "n_positive": 24167,
      "ndcg@1": 0.6998676428007758,
      "ndcg@10": 0.6813846572448546,
      "ndcg@3": 0.6971244987107558,
      "ndcg@5": 0.6922613308489238,
      "tie_policy": "average"
    },
    "macro_by_user_group_mean": {
      "groups_with_score_ties": 2715,
      "groups_with_score_ties_fraction": 0.985838779956427,
      "groups_with_size_lte@1": 0,
      "groups_with_size_lte@10": 372,
      "groups_with_size_lte@3": 65,
      "groups_with_size_lte@5": 117,
      "groups_without_positive": 0,
      "hit_rate@1": 0.7195267992697734,
      "hit_rate@10": 0.9999997521598913,
      "hit_rate@3": 0.9715135075793803,
      "hit_rate@5": 0.9971031788562458,
      "n": 48334,
      "n_groups": 2754,
      "n_positive": 24167,
      "n_users": 1000,
      "ndcg@1": 0.7195267992697734,
      "ndcg@10": 0.7092267499564385,
      "ndcg@3": 0.7112068091353216,
      "ndcg@5": 0.7001218656034398,
      "tie_policy": "average"
    }
  },
  "test_failure_as_zero_group": {
    "macro_by_group": {
      "failed_groups": 9,
      "failed_groups_fraction": 0.003257328990228013,
      "failure_policy": "failed_group_zero",
      "groups_with_score_ties": 2715,
      "groups_with_score_ties_fraction": 0.9826275787187839,
      "groups_with_size_lte@1": 0,
      "groups_with_size_lte@10": 373,
      "groups_with_size_lte@3": 65,
      "groups_with_size_lte@5": 117,
      "groups_without_positive": 0,
      "hit_rate@1": 0.6975879436385582,
      "hit_rate@10": 0.9967423383790874,
      "hit_rate@3": 0.9651291452412442,
      "hit_rate@5": 0.9932919302582864,
      "n": 48500,
      "n_groups": 2763,
      "n_positive": 24250,
      "ndcg@1": 0.6975879436385582,
      "ndcg@10": 0.6791651632473144,
      "ndcg@3": 0.694853734871307,
      "ndcg@5": 0.6900064079471357,
      "scored_groups": 2754,
      "tie_policy": "average"
    },
    "macro_by_user_group_mean": {
      "failed_groups": 9,
      "failed_groups_fraction": 0.003257328990228013,
      "failure_policy": "failed_group_zero",
      "groups_with_score_ties": 2715,
      "groups_with_score_ties_fraction": 0.9826275787187839,
      "groups_with_size_lte@1": 0,
      "groups_with_size_lte@10": 373,
      "groups_with_size_lte@3": 65,
      "groups_with_size_lte@5": 117,
      "groups_without_positive": 0,
      "hit_rate@1": 0.7178094715974457,
      "hit_rate@10": 0.9976664188265582,
      "hit_rate@3": 0.9692207334091061,
      "hit_rate@5": 0.9947709532115201,
      "n": 48500,
      "n_groups": 2763,
      "n_positive": 24250,
      "n_users": 1000,
      "ndcg@1": 0.7178094715974457,
      "ndcg@10": 0.7075786688560417,
      "ndcg@3": 0.7094894814629941,
      "ndcg@5": 0.6984079547300057,
      "scored_groups": 2754,
      "tie_policy": "average"
    }
  }
}
