{
  "candidate_groups": {
    "test": {
      "groups": 4149,
      "positives_max": 2,
      "positives_mean": 1.942877801879971,
      "positives_min": 1,
      "rows_max": 20,
      "rows_mean": 19.42877801879971,
      "rows_min": 10,
      "sampled_max": 18,
      "sampled_mean": 17.485900216919738,
      "sampled_min": 9
    },
    "val": {
      "groups": 3271,
      "positives_max": 2,
      "positives_mean": 1.9058391929073677,
      "positives_min": 1,
      "rows_max": 20,
      "rows_mean": 19.05839192907368,
      "rows_min": 10,
      "sampled_max": 18,
      "sampled_mean": 17.15255273616631,
      "sampled_min": 9
    }
  },
  "main_metric": "test.macro_by_user_group_mean.f1",
  "method": "popularity_f1_threshold",
  "stage_times_seconds": {
    "apply_threshold": 0.0,
    "candidate_group_summary": 0.021,
    "compute_metrics": 0.097,
    "fit": 0.346,
    "prepare_xy": 0.135,
    "score_test": 0.006,
    "score_val": 0.006,
    "select_threshold": 0.06,
    "write_predictions": 0.111
  },
  "task": "steam_cap20_eval_users1000_cg5_m9_seed1",
  "test": {
    "macro_by_group": {
      "accuracy": 0.9258134490238611,
      "f1": 0.6814752037817836,
      "n": 80610,
      "n_groups": 4149,
      "n_positive": 8061,
      "n_predicted_positive": 10690,
      "precision": 0.6447177939224216,
      "recall": 0.7932031814895155
    },
    "macro_by_user_group_mean": {
      "accuracy": 0.9270499999999999,
      "f1": 0.6905838648388649,
      "n": 80610,
      "n_groups": 4149,
      "n_positive": 8061,
      "n_predicted_positive": 10690,
      "n_users": 1000,
      "precision": 0.6481119047619047,
      "recall": 0.8085
    },
    "micro": {
      "accuracy": 0.9256047636769632,
      "f1": 0.6801770572236148,
      "n": 80610,
      "n_positive": 8061,
      "n_predicted_positive": 10690,
      "precision": 0.5965388213283442,
      "recall": 0.7910929165115991
    }
  },
  "threshold": 1070.0,
  "threshold_metric": "macro_by_user_group_mean_f1",
  "val": {
    "macro_by_group": {
      "accuracy": 0.9248242127789666,
      "f1": 0.6716117589397933,
      "n": 62340,
      "n_groups": 3271,
      "n_positive": 6234,
      "n_predicted_positive": 8117,
      "precision": 0.638851523489249,
      "recall": 0.7797309691225924
    },
    "macro_by_user_group_mean": {
      "accuracy": 0.9264300000000001,
      "f1": 0.6882721031746032,
      "n": 62340,
      "n_groups": 3271,
      "n_positive": 6234,
      "n_predicted_positive": 8117,
      "n_users": 1000,
      "precision": 0.646927619047619,
      "recall": 0.8067083333333332
    },
    "micro": {
      "accuracy": 0.9251684311838306,
      "f1": 0.6749355445613546,
      "n": 62340,
      "n_positive": 6234,
      "n_predicted_positive": 8117,
      "precision": 0.5966490082542811,
      "recall": 0.7768687840872633
    }
  }
}
