{
  "candidate_groups": {
    "requested": {
      "groups": 2733,
      "positives_max": 10,
      "positives_mean": 8.729967069154775,
      "positives_min": 1,
      "rows_max": 20,
      "rows_mean": 17.45993413830955,
      "rows_min": 2,
      "sampled_max": 10,
      "sampled_mean": 8.729967069154775,
      "sampled_min": 1
    },
    "scored": {
      "groups": 2611,
      "positives_max": 10,
      "positives_mean": 8.670624281884335,
      "positives_min": 1,
      "rows_max": 20,
      "rows_mean": 17.34124856376867,
      "rows_min": 2,
      "sampled_max": 10,
      "sampled_mean": 8.670624281884335,
      "sampled_min": 1
    }
  },
  "coverage": {
    "failed_fraction": 0.051133744079802174,
    "failed_rows": 2440,
    "requested_rows": 47718,
    "scored_fraction": 0.9488662559201978,
    "scored_rows": 45278
  },
  "llm_errors": 122,
  "main_metric": "test.macro_by_user_group_mean.ndcg@5",
  "max_candidate_groups": null,
  "max_workers": 8,
  "method": "agent4rec_yes_no_vllm_qwen36_27b_traits_full",
  "protocol": "ranking",
  "ranking_evaluation": {
    "ks": [
      1,
      3,
      5,
      10
    ],
    "tie_policy": "average"
  },
  "requested_rows": 47718,
  "scored_rows": 45278,
  "task": "ml-1m_item_stats_cap20_eval_users1000_cg5_m1_seed1",
  "test": {
    "macro_by_group": {
      "groups_with_score_ties": 2605,
      "groups_with_score_ties_fraction": 0.9977020298736117,
      "groups_with_size_lte@1": 0,
      "groups_with_size_lte@10": 378,
      "groups_with_size_lte@3": 67,
      "groups_with_size_lte@5": 129,
      "groups_without_positive": 0,
      "hit_rate@1": 0.4940301141416511,
      "hit_rate@10": 0.99998805726434,
      "hit_rate@3": 0.8622902997452563,
      "hit_rate@5": 0.9675617717437986,
      "n": 45278,
      "n_groups": 2611,
      "n_positive": 22639,
      "ndcg@1": 0.4940301141416511,
      "ndcg@10": 0.5625416810890108,
      "ndcg@3": 0.510188952313461,
      "ndcg@5": 0.5240803535230262,
      "tie_policy": "average"
    },
    "macro_by_user_group_mean": {
      "groups_with_score_ties": 2605,
      "groups_with_score_ties_fraction": 0.9977020298736117,
      "groups_with_size_lte@1": 0,
      "groups_with_size_lte@10": 378,
      "groups_with_size_lte@3": 67,
      "groups_with_size_lte@5": 129,
      "groups_without_positive": 0,
      "hit_rate@1": 0.48929974665490955,
      "hit_rate@10": 0.9999915980716634,
      "hit_rate@3": 0.8756728598554364,
      "hit_rate@5": 0.97477731356845,
      "n": 45278,
      "n_groups": 2611,
      "n_positive": 22639,
      "n_users": 999,
      "ndcg@1": 0.48929974665490955,
      "ndcg@10": 0.5858746285366517,
      "ndcg@3": 0.507709729632072,
      "ndcg@5": 0.5220059077439104,
      "tie_policy": "average"
    }
  },
  "test_failure_as_zero_group": {
    "macro_by_group": {
      "failed_groups": 122,
      "failed_groups_fraction": 0.04463959019392609,
      "failure_policy": "failed_group_zero",
      "groups_with_score_ties": 2605,
      "groups_with_score_ties_fraction": 0.9531650201244054,
      "groups_with_size_lte@1": 0,
      "groups_with_size_lte@10": 378,
      "groups_with_size_lte@3": 67,
      "groups_with_size_lte@5": 129,
      "groups_without_positive": 0,
      "hit_rate@1": 0.4719768123029093,
      "hit_rate@10": 0.9553490001892397,
      "hit_rate@3": 0.8237980141364306,
      "hit_rate@5": 0.9243702107658466,
      "n": 47718,
      "n_groups": 2733,
      "n_positive": 23859,
      "ndcg@1": 0.4719768123029092,
      "ndcg@10": 0.5374300509781951,
      "ndcg@3": 0.48741432656071954,
      "ndcg@5": 0.5006856213130704,
      "scored_groups": 2611,
      "tie_policy": "average"
    },
    "macro_by_user_group_mean": {
      "failed_groups": 122,
      "failed_groups_fraction": 0.04463959019392609,
      "failure_policy": "failed_group_zero",
      "groups_with_score_ties": 2605,
      "groups_with_score_ties_fraction": 0.9531650201244054,
      "groups_with_size_lte@1": 0,
      "groups_with_size_lte@10": 378,
      "groups_with_size_lte@3": 67,
      "groups_with_size_lte@5": 129,
      "groups_without_positive": 0,
      "hit_rate@1": 0.4752631919754366,
      "hit_rate@10": 0.9716417026930185,
      "hit_rate@3": 0.8504672693508046,
      "hit_rate@5": 0.9469534764384939,
      "n": 47718,
      "n_groups": 2733,
      "n_positive": 23859,
      "n_users": 1000,
      "ndcg@1": 0.47526319197543654,
      "ndcg@10": 0.5705039826963965,
      "ndcg@3": 0.4933103383354735,
      "ndcg@5": 0.507363786438793,
      "scored_groups": 2611,
      "tie_policy": "average"
    }
  }
}
