{
  "candidate_groups": {
    "requested": {
      "groups": 2690,
      "positives_max": 2,
      "positives_mean": 1.953531598513011,
      "positives_min": 1,
      "rows_max": 8,
      "rows_mean": 7.814126394052044,
      "rows_min": 4,
      "sampled_max": 0,
      "sampled_mean": 0.0,
      "sampled_min": 0
    },
    "scored": {
      "groups": 2690,
      "positives_max": 2,
      "positives_mean": 1.953531598513011,
      "positives_min": 1,
      "rows_max": 8,
      "rows_mean": 7.814126394052044,
      "rows_min": 4,
      "sampled_max": 0,
      "sampled_mean": 0.0,
      "sampled_min": 0
    }
  },
  "coverage": {
    "failed_fraction": 0.0,
    "failed_rows": 0,
    "requested_rows": 21020,
    "scored_fraction": 1.0,
    "scored_rows": 21020
  },
  "llm_errors": 0,
  "main_metric": "test.macro_by_user_group_mean.f1",
  "max_candidate_groups": null,
  "max_workers": 64,
  "method": "llm_preference_yes_no_litellm_qwen36_27b_full",
  "requested_rows": 21020,
  "scored_rows": 21020,
  "task": "ml-1m_preference_cap10_eval_users1000_cg5_m3_seed0",
  "test": {
    "macro_by_group": {
      "accuracy": 0.5643587360594795,
      "f1": 0.41618487047855074,
      "n": 21020,
      "n_groups": 2690,
      "n_positive": 5255,
      "n_predicted_positive": 10771,
      "precision": 0.3317950079660117,
      "recall": 0.6529739776951673
    },
    "macro_by_user_group_mean": {
      "accuracy": 0.5679014791336502,
      "f1": 0.418164981259276,
      "n": 21020,
      "n_groups": 2690,
      "n_positive": 5255,
      "n_predicted_positive": 10771,
      "n_users": 631,
      "precision": 0.33254672603325536,
      "recall": 0.6572636027469625
    },
    "micro": {
      "accuracy": 0.5639391056137012,
      "f1": 0.42805441158118057,
      "n": 21020,
      "n_positive": 5255,
      "n_predicted_positive": 10771,
      "precision": 0.318447683594838,
      "recall": 0.6527117031398668
    }
  },
  "test_failure_as_negative": {
    "macro_by_group": {
      "accuracy": 0.5643587360594795,
      "f1": 0.41618487047855074,
      "n": 21020,
      "n_groups": 2690,
      "n_positive": 5255,
      "n_predicted_positive": 10771,
      "precision": 0.3317950079660117,
      "recall": 0.6529739776951673
    },
    "macro_by_user_group_mean": {
      "accuracy": 0.5679014791336502,
      "f1": 0.418164981259276,
      "n": 21020,
      "n_groups": 2690,
      "n_positive": 5255,
      "n_predicted_positive": 10771,
      "n_users": 631,
      "precision": 0.33254672603325536,
      "recall": 0.6572636027469625
    },
    "micro": {
      "accuracy": 0.5639391056137012,
      "f1": 0.42805441158118057,
      "n": 21020,
      "n_positive": 5255,
      "n_predicted_positive": 10771,
      "precision": 0.318447683594838,
      "recall": 0.6527117031398668
    }
  }
}
