{
  "candidate_groups": {
    "requested": {
      "groups": 2429,
      "positives_max": 5,
      "positives_mean": 4.512144915603129,
      "positives_min": 1,
      "rows_max": 10,
      "rows_mean": 9.024289831206257,
      "rows_min": 2,
      "sampled_max": 0,
      "sampled_mean": 0.0,
      "sampled_min": 0
    },
    "scored": {
      "groups": 2429,
      "positives_max": 5,
      "positives_mean": 4.512144915603129,
      "positives_min": 1,
      "rows_max": 10,
      "rows_mean": 9.024289831206257,
      "rows_min": 2,
      "sampled_max": 0,
      "sampled_mean": 0.0,
      "sampled_min": 0
    }
  },
  "coverage": {
    "failed_fraction": 0.0,
    "failed_rows": 0,
    "requested_rows": 21920,
    "scored_fraction": 1.0,
    "scored_rows": 21920
  },
  "llm_errors": 0,
  "main_metric": "test.macro_by_user_group_mean.f1",
  "max_candidate_groups": null,
  "max_workers": 128,
  "method": "llm_preference_yes_no_litellm_qwen3_8b_full",
  "requested_rows": 21920,
  "scored_rows": 21920,
  "task": "ml-1m_preference_cap10_eval_users1000_cg5_m1_seed1",
  "test": {
    "macro_by_group": {
      "accuracy": 0.5195828187182654,
      "f1": 0.2695793319712628,
      "n": 21920,
      "n_groups": 2429,
      "n_positive": 10960,
      "n_predicted_positive": 5068,
      "precision": 0.3364357270285636,
      "recall": 0.2596679017428297
    },
    "macro_by_user_group_mean": {
      "accuracy": 0.5221437994722955,
      "f1": 0.2839550130315302,
      "n": 21920,
      "n_groups": 2429,
      "n_positive": 10960,
      "n_predicted_positive": 5068,
      "n_users": 758,
      "precision": 0.3398604043640323,
      "recall": 0.28335202286719435
    },
    "micro": {
      "accuracy": 0.5181569343065694,
      "f1": 0.34102820064886447,
      "n": 21920,
      "n_positive": 10960,
      "n_predicted_positive": 5068,
      "precision": 0.5392659826361483,
      "recall": 0.24936131386861313
    }
  },
  "test_failure_as_negative": {
    "macro_by_group": {
      "accuracy": 0.5195828187182654,
      "f1": 0.2695793319712628,
      "n": 21920,
      "n_groups": 2429,
      "n_positive": 10960,
      "n_predicted_positive": 5068,
      "precision": 0.3364357270285636,
      "recall": 0.2596679017428297
    },
    "macro_by_user_group_mean": {
      "accuracy": 0.5221437994722955,
      "f1": 0.2839550130315302,
      "n": 21920,
      "n_groups": 2429,
      "n_positive": 10960,
      "n_predicted_positive": 5068,
      "n_users": 758,
      "precision": 0.3398604043640323,
      "recall": 0.28335202286719435
    },
    "micro": {
      "accuracy": 0.5181569343065694,
      "f1": 0.34102820064886447,
      "n": 21920,
      "n_positive": 10960,
      "n_predicted_positive": 5068,
      "precision": 0.5392659826361483,
      "recall": 0.24936131386861313
    }
  }
}
