{
  "candidate_groups": {
    "requested": {
      "groups": 4988,
      "positives_max": 1,
      "positives_mean": 1.0,
      "positives_min": 1,
      "rows_max": 20,
      "rows_mean": 20.0,
      "rows_min": 20,
      "sampled_max": 19,
      "sampled_mean": 19.0,
      "sampled_min": 19
    },
    "scored": {
      "groups": 4987,
      "positives_max": 1,
      "positives_mean": 1.0,
      "positives_min": 1,
      "rows_max": 20,
      "rows_mean": 20.0,
      "rows_min": 20,
      "sampled_max": 19,
      "sampled_mean": 19.0,
      "sampled_min": 19
    }
  },
  "coverage": {
    "failed_fraction": 0.00020048115477145148,
    "failed_rows": 20,
    "requested_rows": 99760,
    "scored_fraction": 0.9997995188452286,
    "scored_rows": 99740
  },
  "llm_errors": 1,
  "main_metric": "test.macro_by_user_group_mean.f1",
  "max_candidate_groups": null,
  "max_workers": 8,
  "method": "agent4rec_yes_no_vllm_qwen36_27b_traits_taste_gpt4o_mini_full",
  "requested_rows": 99760,
  "scored_rows": 99740,
  "task": "ml-1m_item_stats_cap20_eval_users1000_cg5_m19_seed1",
  "test": {
    "macro_by_group": {
      "accuracy": 0.7439041507920594,
      "f1": 0.20126326014053608,
      "n": 99740,
      "n_groups": 4987,
      "n_positive": 4987,
      "n_predicted_positive": 26160,
      "precision": 0.13678484025582302,
      "recall": 0.5618608381792661
    },
    "macro_by_user_group_mean": {
      "accuracy": 0.7441075,
      "f1": 0.20108640784310292,
      "n": 99740,
      "n_groups": 4987,
      "n_positive": 4987,
      "n_predicted_positive": 26160,
      "n_users": 1000,
      "precision": 0.13667523141718962,
      "recall": 0.5612
    },
    "micro": {
      "accuracy": 0.7439041507920594,
      "f1": 0.17992101968086815,
      "n": 99740,
      "n_positive": 4987,
      "n_predicted_positive": 26160,
      "precision": 0.10711009174311927,
      "recall": 0.5618608381792661
    }
  },
  "test_failure_as_negative": {
    "macro_by_group": {
      "accuracy": 0.7439454691259022,
      "f1": 0.20122291064973005,
      "n": 99760,
      "n_groups": 4988,
      "n_positive": 4988,
      "n_predicted_positive": 26160,
      "precision": 0.1367574174730933,
      "recall": 0.5617481956696071
    },
    "macro_by_user_group_mean": {
      "accuracy": 0.7441875,
      "f1": 0.20106731693401195,
      "n": 99760,
      "n_groups": 4988,
      "n_positive": 4988,
      "n_predicted_positive": 26160,
      "n_users": 1000,
      "precision": 0.13666467586163406,
      "recall": 0.5611
    },
    "micro": {
      "accuracy": 0.7439454691259022,
      "f1": 0.17991524335430847,
      "n": 99760,
      "n_positive": 4988,
      "n_predicted_positive": 26160,
      "precision": 0.10711009174311927,
      "recall": 0.5617481956696071
    }
  }
}
