{
  "candidate_groups": {
    "requested": {
      "groups": 3734,
      "positives_max": 5,
      "positives_mean": 4.722281735404392,
      "positives_min": 1,
      "rows_max": 20,
      "rows_mean": 18.88912694161757,
      "rows_min": 4,
      "sampled_max": 15,
      "sampled_mean": 14.166845206213177,
      "sampled_min": 3
    },
    "scored": {
      "groups": 3549,
      "positives_max": 5,
      "positives_mean": 4.708086785009862,
      "positives_min": 1,
      "rows_max": 20,
      "rows_mean": 18.83234714003945,
      "rows_min": 4,
      "sampled_max": 15,
      "sampled_mean": 14.124260355029586,
      "sampled_min": 3
    }
  },
  "coverage": {
    "failed_fraction": 0.05240174672489083,
    "failed_rows": 3696,
    "requested_rows": 70532,
    "scored_fraction": 0.9475982532751092,
    "scored_rows": 66836
  },
  "llm_errors": 185,
  "main_metric": "test.macro_by_user_group_mean.ndcg@5",
  "max_candidate_groups": null,
  "max_workers": 8,
  "method": "agent4rec_yes_no_vllm_qwen36_27b_traits_full",
  "protocol": "ranking",
  "ranking_evaluation": {
    "ks": [
      1,
      3,
      5,
      10
    ],
    "tie_policy": "average"
  },
  "requested_rows": 70532,
  "scored_rows": 66836,
  "task": "ml-1m_item_stats_cap20_eval_users1000_cg5_m3_seed0",
  "test": {
    "macro_by_group": {
      "groups_with_score_ties": 3549,
      "groups_with_score_ties_fraction": 1.0,
      "groups_with_size_lte@1": 0,
      "groups_with_size_lte@10": 213,
      "groups_with_size_lte@3": 0,
      "groups_with_size_lte@5": 106,
      "groups_without_positive": 0,
      "hit_rate@1": 0.2590234919113917,
      "hit_rate@10": 0.9793107851884931,
      "hit_rate@3": 0.5845137979173358,
      "hit_rate@5": 0.7819353495489428,
      "n": 66836,
      "n_groups": 3549,
      "n_positive": 16709,
      "ndcg@1": 0.2590234919113917,
      "ndcg@10": 0.414189553166836,
      "ndcg@3": 0.26908873228787755,
      "ndcg@5": 0.2793492879601431,
      "tie_policy": "average"
    },
    "macro_by_user_group_mean": {
      "groups_with_score_ties": 3549,
      "groups_with_score_ties_fraction": 1.0,
      "groups_with_size_lte@1": 0,
      "groups_with_size_lte@10": 213,
      "groups_with_size_lte@3": 0,
      "groups_with_size_lte@5": 106,
      "groups_without_positive": 0,
      "hit_rate@1": 0.25674293156140177,
      "hit_rate@10": 0.9816653737832203,
      "hit_rate@3": 0.5909386615264799,
      "hit_rate@5": 0.7940717549997739,
      "n": 66836,
      "n_groups": 3549,
      "n_positive": 16709,
      "n_users": 998,
      "ndcg@1": 0.25674293156140177,
      "ndcg@10": 0.41978254223021155,
      "ndcg@3": 0.2704849361228496,
      "ndcg@5": 0.28532253963687265,
      "tie_policy": "average"
    }
  },
  "test_failure_as_zero_group": {
    "macro_by_group": {
      "failed_groups": 185,
      "failed_groups_fraction": 0.04954472415640064,
      "failure_policy": "failed_group_zero",
      "groups_with_score_ties": 3549,
      "groups_with_score_ties_fraction": 0.9504552758435993,
      "groups_with_size_lte@1": 0,
      "groups_with_size_lte@10": 213,
      "groups_with_size_lte@3": 0,
      "groups_with_size_lte@5": 106,
      "groups_without_positive": 0,
      "hit_rate@1": 0.24619024445461415,
      "hit_rate@10": 0.9307911024729408,
      "hit_rate@3": 0.5555542230339116,
      "hit_rate@5": 0.7431945783474017,
      "n": 70532,
      "n_groups": 3734,
      "n_positive": 17633,
      "ndcg@1": 0.2461902444546141,
      "ndcg@10": 0.39366864600672224,
      "ndcg@3": 0.2557568052730791,
      "ndcg@5": 0.2655090045448709,
      "scored_groups": 3549,
      "tie_policy": "average"
    },
    "macro_by_user_group_mean": {
      "failed_groups": 185,
      "failed_groups_fraction": 0.04954472415640064,
      "failure_policy": "failed_group_zero",
      "groups_with_score_ties": 3549,
      "groups_with_score_ties_fraction": 0.9504552758435993,
      "groups_with_size_lte@1": 0,
      "groups_with_size_lte@10": 213,
      "groups_with_size_lte@3": 0,
      "groups_with_size_lte@5": 106,
      "groups_without_positive": 0,
      "hit_rate@1": 0.24568443805076934,
      "hit_rate@10": 0.9389154830291827,
      "hit_rate@3": 0.5641643646105642,
      "hit_rate@5": 0.7582058784105901,
      "n": 70532,
      "n_groups": 3734,
      "n_positive": 17633,
      "n_users": 1000,
      "ndcg@1": 0.24568443805076934,
      "ndcg@10": 0.4015248171423978,
      "ndcg@3": 0.2585251479442985,
      "ndcg@5": 0.27270588998521544,
      "scored_groups": 3549,
      "tie_policy": "average"
    }
  }
}
