{
  "candidate_groups": {
    "requested": {
      "groups": 2528,
      "positives_max": 2,
      "positives_mean": 1.9529272151898733,
      "positives_min": 1,
      "rows_max": 8,
      "rows_mean": 7.811708860759493,
      "rows_min": 4,
      "sampled_max": 0,
      "sampled_mean": 0.0,
      "sampled_min": 0
    },
    "scored": {
      "groups": 2528,
      "positives_max": 2,
      "positives_mean": 1.9529272151898733,
      "positives_min": 1,
      "rows_max": 8,
      "rows_mean": 7.811708860759493,
      "rows_min": 4,
      "sampled_max": 0,
      "sampled_mean": 0.0,
      "sampled_min": 0
    }
  },
  "coverage": {
    "failed_fraction": 0.0,
    "failed_rows": 0,
    "requested_rows": 19748,
    "scored_fraction": 1.0,
    "scored_rows": 19748
  },
  "llm_errors": 0,
  "main_metric": "test.macro_by_user_group_mean.f1",
  "max_candidate_groups": null,
  "max_workers": 64,
  "method": "agent4rec_preference_yes_no_litellm_qwen36_27b_traits_taste_gpt4o_mini_no_summary_control_full",
  "requested_rows": 19748,
  "scored_rows": 19748,
  "task": "ml-1m_preference_cap10_eval_users1000_cg5_m3_seed2",
  "test": {
    "macro_by_group": {
      "accuracy": 0.5656151107594937,
      "f1": 0.41701451677717505,
      "n": 19748,
      "n_groups": 2528,
      "n_positive": 4937,
      "n_predicted_positive": 10031,
      "precision": 0.3255980635925256,
      "recall": 0.6422072784810127
    },
    "macro_by_user_group_mean": {
      "accuracy": 0.5737759539842874,
      "f1": 0.414196328362995,
      "n": 19748,
      "n_groups": 2528,
      "n_positive": 4937,
      "n_predicted_positive": 10031,
      "n_users": 594,
      "precision": 0.32763842124953235,
      "recall": 0.627749719416386
    },
    "micro": {
      "accuracy": 0.56410775774762,
      "f1": 0.42490646712987706,
      "n": 19748,
      "n_positive": 4937,
      "n_predicted_positive": 10031,
      "precision": 0.3170172465357392,
      "recall": 0.6441158598339072
    }
  },
  "test_failure_as_negative": {
    "macro_by_group": {
      "accuracy": 0.5656151107594937,
      "f1": 0.41701451677717505,
      "n": 19748,
      "n_groups": 2528,
      "n_positive": 4937,
      "n_predicted_positive": 10031,
      "precision": 0.3255980635925256,
      "recall": 0.6422072784810127
    },
    "macro_by_user_group_mean": {
      "accuracy": 0.5737759539842874,
      "f1": 0.414196328362995,
      "n": 19748,
      "n_groups": 2528,
      "n_positive": 4937,
      "n_predicted_positive": 10031,
      "n_users": 594,
      "precision": 0.32763842124953235,
      "recall": 0.627749719416386
    },
    "micro": {
      "accuracy": 0.56410775774762,
      "f1": 0.42490646712987706,
      "n": 19748,
      "n_positive": 4937,
      "n_predicted_positive": 10031,
      "precision": 0.3170172465357392,
      "recall": 0.6441158598339072
    }
  }
}
