{
  "candidate_groups": {
    "requested": {
      "groups": 1767,
      "positives_max": 1,
      "positives_mean": 1.0,
      "positives_min": 1,
      "rows_max": 10,
      "rows_mean": 10.0,
      "rows_min": 10,
      "sampled_max": 0,
      "sampled_mean": 0.0,
      "sampled_min": 0
    },
    "scored": {
      "groups": 1710,
      "positives_max": 1,
      "positives_mean": 1.0,
      "positives_min": 1,
      "rows_max": 10,
      "rows_mean": 10.0,
      "rows_min": 10,
      "sampled_max": 0,
      "sampled_mean": 0.0,
      "sampled_min": 0
    }
  },
  "coverage": {
    "failed_fraction": 0.03225806451612903,
    "failed_rows": 570,
    "requested_rows": 17670,
    "scored_fraction": 0.967741935483871,
    "scored_rows": 17100
  },
  "llm_errors": 57,
  "main_metric": "test.macro_by_user_group_mean.f1",
  "max_candidate_groups": null,
  "max_workers": 128,
  "method": "llm_preference_yes_no_litellm_qwen3_8b_full",
  "requested_rows": 17670,
  "scored_rows": 17100,
  "task": "steam_preference_cap10_eval_users1000_cg5_m9_seed2",
  "test": {
    "macro_by_group": {
      "accuracy": 0.8913450292397662,
      "f1": 0.02445883226584981,
      "n": 17100,
      "n_groups": 1710,
      "n_positive": 1710,
      "n_predicted_positive": 252,
      "precision": 0.022466583124477864,
      "recall": 0.0304093567251462
    },
    "macro_by_user_group_mean": {
      "accuracy": 0.891450044208665,
      "f1": 0.02425487347901141,
      "n": 17100,
      "n_groups": 1710,
      "n_positive": 1710,
      "n_predicted_positive": 252,
      "n_users": 377,
      "precision": 0.02235232200749442,
      "recall": 0.02997347480106101
    },
    "micro": {
      "accuracy": 0.8913450292397661,
      "f1": 0.053007135575942915,
      "n": 17100,
      "n_positive": 1710,
      "n_predicted_positive": 252,
      "precision": 0.20634920634920634,
      "recall": 0.0304093567251462
    }
  },
  "test_failure_as_negative": {
    "macro_by_group": {
      "accuracy": 0.8916242218449352,
      "f1": 0.02366983767662885,
      "n": 17670,
      "n_groups": 1767,
      "n_positive": 1767,
      "n_predicted_positive": 252,
      "precision": 0.02174185463659148,
      "recall": 0.02942840973401245
    },
    "macro_by_user_group_mean": {
      "accuracy": 0.8917860300618923,
      "f1": 0.023249126352574628,
      "n": 17670,
      "n_groups": 1767,
      "n_positive": 1767,
      "n_predicted_positive": 252,
      "n_users": 377,
      "precision": 0.02138288914150983,
      "recall": 0.028824049513704687
    },
    "micro": {
      "accuracy": 0.891624221844935,
      "f1": 0.05151064883605745,
      "n": 17670,
      "n_positive": 1767,
      "n_predicted_positive": 252,
      "precision": 0.20634920634920634,
      "recall": 0.02942840973401245
    }
  }
}
