{
  "candidate_groups": {
    "test": {
      "groups": 4416,
      "positives_max": 2,
      "positives_mean": 1.9873188405797102,
      "positives_min": 1,
      "rows_max": 20,
      "rows_mean": 19.8731884057971,
      "rows_min": 10,
      "sampled_max": 18,
      "sampled_mean": 17.88586956521739,
      "sampled_min": 9
    },
    "val": {
      "groups": 2748,
      "positives_max": 2,
      "positives_mean": 1.9909024745269286,
      "positives_min": 1,
      "rows_max": 20,
      "rows_mean": 19.909024745269285,
      "rows_min": 10,
      "sampled_max": 18,
      "sampled_mean": 17.91812227074236,
      "sampled_min": 9
    }
  },
  "main_metric": "test.macro_by_user_group_mean.ndcg@5",
  "method": "popularity_ranking",
  "protocol": "ranking",
  "ranking_evaluation": {
    "ks": [
      1,
      3,
      5,
      10
    ],
    "tie_policy": "average"
  },
  "stage_times_seconds": {
    "candidate_group_summary": 0.028,
    "compute_ranking_metrics": 2.338,
    "fit": 0.087,
    "prepare_xy": 0.017,
    "score_test": 0.014,
    "score_val": 0.01,
    "write_predictions": 0.087
  },
  "task": "ml-1m_cold_start_k3_cap20_eval_users1000_cg5_m9_seed2",
  "test": {
    "macro_by_group": {
      "groups_with_score_ties": 2923,
      "groups_with_score_ties_fraction": 0.661911231884058,
      "groups_with_size_lte@1": 0,
      "groups_with_size_lte@10": 56,
      "groups_with_size_lte@3": 0,
      "groups_with_size_lte@5": 0,
      "groups_without_positive": 0,
      "hit_rate@1": 0.5797101449275363,
      "hit_rate@10": 0.9941123188405797,
      "hit_rate@3": 0.8614130434782609,
      "hit_rate@5": 0.9420289855072463,
      "n": 87760,
      "n_groups": 4416,
      "n_positive": 8776,
      "ndcg@1": 0.5797101449275363,
      "ndcg@10": 0.7490200612363841,
      "ndcg@3": 0.6098109987392575,
      "ndcg@5": 0.6875088687475871,
      "tie_policy": "average"
    },
    "macro_by_user_group_mean": {
      "groups_with_score_ties": 2923,
      "groups_with_score_ties_fraction": 0.661911231884058,
      "groups_with_size_lte@1": 0,
      "groups_with_size_lte@10": 56,
      "groups_with_size_lte@3": 0,
      "groups_with_size_lte@5": 0,
      "groups_without_positive": 0,
      "hit_rate@1": 0.572889842632332,
      "hit_rate@10": 0.994277539341917,
      "hit_rate@3": 0.857510729613734,
      "hit_rate@5": 0.9387964949928469,
      "n": 87760,
      "n_groups": 4416,
      "n_positive": 8776,
      "n_users": 932,
      "ndcg@1": 0.572889842632332,
      "ndcg@10": 0.7452676602654238,
      "ndcg@3": 0.6064262371989638,
      "ndcg@5": 0.6834830584145968,
      "tie_policy": "average"
    }
  },
  "val": {
    "macro_by_group": {
      "groups_with_score_ties": 1833,
      "groups_with_score_ties_fraction": 0.6670305676855895,
      "groups_with_size_lte@1": 0,
      "groups_with_size_lte@10": 25,
      "groups_with_size_lte@3": 0,
      "groups_with_size_lte@5": 0,
      "groups_without_positive": 0,
      "hit_rate@1": 0.5705967976710334,
      "hit_rate@10": 0.9916302765647744,
      "hit_rate@3": 0.8589883551673945,
      "hit_rate@5": 0.9368631732168851,
      "n": 54710,
      "n_groups": 2748,
      "n_positive": 5471,
      "ndcg@1": 0.5705967976710334,
      "ndcg@10": 0.7423805298074039,
      "ndcg@3": 0.6041658572870066,
      "ndcg@5": 0.6808364278550361,
      "tie_policy": "average"
    },
    "macro_by_user_group_mean": {
      "groups_with_score_ties": 1833,
      "groups_with_score_ties_fraction": 0.6670305676855895,
      "groups_with_size_lte@1": 0,
      "groups_with_size_lte@10": 25,
      "groups_with_size_lte@3": 0,
      "groups_with_size_lte@5": 0,
      "groups_without_positive": 0,
      "hit_rate@1": 0.5681818181818182,
      "hit_rate@10": 0.9919580419580419,
      "hit_rate@3": 0.8567890442890443,
      "hit_rate@5": 0.9348193473193473,
      "n": 54710,
      "n_groups": 2748,
      "n_positive": 5471,
      "n_users": 572,
      "ndcg@1": 0.5681818181818182,
      "ndcg@10": 0.7404694926878151,
      "ndcg@3": 0.6024451898076948,
      "ndcg@5": 0.6779806638879502,
      "tie_policy": "average"
    }
  }
}
