{
  "mean_recall@1": 0.002463345142816334,
  "mean_ndcg@1": 0.02599337748344371,
  "mean_hit_rate@1": 0.02599337748344371,
  "mean_recall@5": 0.010198729706938369,
  "mean_ndcg@5": 0.024639219619990802,
  "mean_hit_rate@5": 0.10579470198675496,
  "mean_recall@10": 0.01932624057427747,
  "mean_ndcg@10": 0.027360487013430357,
  "mean_hit_rate@10": 0.1945364238410596,
  "n_users": 6040,
  "n_users_scored": 6040,
  "n_users_with_recs": 6040
}
