{
  "candidate_groups": {
    "requested": {
      "groups": 4621,
      "positives_max": 2,
      "positives_mean": 1.9668902834884223,
      "positives_min": 1,
      "rows_max": 20,
      "rows_mean": 19.668902834884225,
      "rows_min": 10,
      "sampled_max": 18,
      "sampled_mean": 17.702012551395804,
      "sampled_min": 9
    },
    "scored": {
      "groups": 4617,
      "positives_max": 2,
      "positives_mean": 1.9668615984405458,
      "positives_min": 1,
      "rows_max": 20,
      "rows_mean": 19.66861598440546,
      "rows_min": 10,
      "sampled_max": 18,
      "sampled_mean": 17.70175438596491,
      "sampled_min": 9
    }
  },
  "coverage": {
    "failed_fraction": 0.0008801848388161514,
    "failed_rows": 80,
    "requested_rows": 90890,
    "scored_fraction": 0.9991198151611839,
    "scored_rows": 90810
  },
  "llm_errors": 4,
  "main_metric": "test.macro_by_user_group_mean.ndcg@5",
  "max_candidate_groups": null,
  "max_workers": 32,
  "method": "agent4rec_yes_no_vllm_qwen3_8b_traits_full",
  "protocol": "ranking",
  "ranking_evaluation": {
    "ks": [
      1,
      3,
      5,
      10
    ],
    "tie_policy": "average"
  },
  "requested_rows": 90890,
  "scored_rows": 90810,
  "task": "ml-1m_item_stats_cap20_eval_users1000_cg5_m9_seed2",
  "test": {
    "macro_by_group": {
      "groups_with_score_ties": 4617,
      "groups_with_score_ties_fraction": 1.0,
      "groups_with_size_lte@1": 0,
      "groups_with_size_lte@10": 153,
      "groups_with_size_lte@3": 0,
      "groups_with_size_lte@5": 0,
      "groups_without_positive": 0,
      "hit_rate@1": 0.1168427123886018,
      "hit_rate@10": 0.7920675210557769,
      "hit_rate@3": 0.31866580815508283,
      "hit_rate@5": 0.4865548851880996,
      "n": 90810,
      "n_groups": 4617,
      "n_positive": 9081,
      "ndcg@1": 0.11684271238860182,
      "ndcg@10": 0.30844836204656195,
      "ndcg@3": 0.1526950371910434,
      "ndcg@5": 0.20779867061524704,
      "tie_policy": "average"
    },
    "macro_by_user_group_mean": {
      "groups_with_score_ties": 4617,
      "groups_with_score_ties_fraction": 1.0,
      "groups_with_size_lte@1": 0,
      "groups_with_size_lte@10": 153,
      "groups_with_size_lte@3": 0,
      "groups_with_size_lte@5": 0,
      "groups_without_positive": 0,
      "hit_rate@1": 0.11557326032326808,
      "hit_rate@10": 0.7927686274402412,
      "hit_rate@3": 0.31637976291453074,
      "hit_rate@5": 0.48441583747421596,
      "n": 90810,
      "n_groups": 4617,
      "n_positive": 9081,
      "n_users": 1000,
      "ndcg@1": 0.11557326032326808,
      "ndcg@10": 0.30841255100675347,
      "ndcg@3": 0.15206867773447838,
      "ndcg@5": 0.20723781157171367,
      "tie_policy": "average"
    }
  },
  "test_failure_as_zero_group": {
    "macro_by_group": {
      "failed_groups": 4,
      "failed_groups_fraction": 0.0008656135035706557,
      "failure_policy": "failed_group_zero",
      "groups_with_score_ties": 4617,
      "groups_with_score_ties_fraction": 0.9991343864964294,
      "groups_with_size_lte@1": 0,
      "groups_with_size_lte@10": 153,
      "groups_with_size_lte@3": 0,
      "groups_with_size_lte@5": 0,
      "groups_without_positive": 0,
      "hit_rate@1": 0.11674157175896441,
      "hit_rate@10": 0.7913818967138114,
      "hit_rate@3": 0.3183899667284176,
      "hit_rate@5": 0.4861337167092525,
      "n": 90890,
      "n_groups": 4621,
      "n_positive": 9089,
      "ndcg@1": 0.11674157175896442,
      "ndcg@10": 0.3081813649792203,
      "ndcg@3": 0.15256286230492264,
      "ndcg@5": 0.20761879727993846,
      "scored_groups": 4617,
      "tie_policy": "average"
    },
    "macro_by_user_group_mean": {
      "failed_groups": 4,
      "failed_groups_fraction": 0.0008656135035706557,
      "failure_policy": "failed_group_zero",
      "groups_with_score_ties": 4617,
      "groups_with_score_ties_fraction": 0.9991343864964294,
      "groups_with_size_lte@1": 0,
      "groups_with_size_lte@10": 153,
      "groups_with_size_lte@3": 0,
      "groups_with_size_lte@5": 0,
      "groups_without_positive": 0,
      "hit_rate@1": 0.1155164495085238,
      "hit_rate@10": 0.7922329838676976,
      "hit_rate@3": 0.31620259771646764,
      "hit_rate@5": 0.48412073794655064,
      "n": 90890,
      "n_groups": 4621,
      "n_positive": 9089,
      "n_users": 1000,
      "ndcg@1": 0.11551644950852383,
      "ndcg@10": 0.30822533135406305,
      "ndcg@3": 0.15198909742464736,
      "ndcg@5": 0.20712284840423364,
      "scored_groups": 4617,
      "tie_policy": "average"
    }
  }
}
