{
  "candidate_groups": {
    "requested": {
      "groups": 4641,
      "positives_max": 2,
      "positives_mean": 1.9691876750700281,
      "positives_min": 1,
      "rows_max": 20,
      "rows_mean": 19.69187675070028,
      "rows_min": 10,
      "sampled_max": 18,
      "sampled_mean": 17.722689075630253,
      "sampled_min": 9
    },
    "scored": {
      "groups": 4637,
      "positives_max": 2,
      "positives_mean": 1.969161095535907,
      "positives_min": 1,
      "rows_max": 20,
      "rows_mean": 19.691610955359067,
      "rows_min": 10,
      "sampled_max": 18,
      "sampled_mean": 17.72244985982316,
      "sampled_min": 9
    }
  },
  "coverage": {
    "failed_fraction": 0.000875369296421928,
    "failed_rows": 80,
    "requested_rows": 91390,
    "scored_fraction": 0.999124630703578,
    "scored_rows": 91310
  },
  "llm_errors": 4,
  "main_metric": "test.macro_by_user_group_mean.f1",
  "max_candidate_groups": null,
  "max_workers": 8,
  "method": "agent4rec_yes_no_vllm_qwen36_27b_traits_taste_gpt4o_mini_full",
  "requested_rows": 91390,
  "scored_rows": 91310,
  "task": "ml-1m_item_stats_cap20_eval_users1000_cg5_m9_seed0",
  "test": {
    "macro_by_group": {
      "accuracy": 0.7278304938537847,
      "f1": 0.3125799262342987,
      "n": 91310,
      "n_groups": 4637,
      "n_positive": 9131,
      "n_predicted_positive": 26423,
      "precision": 0.24167069912143693,
      "recall": 0.5794694845805478
    },
    "macro_by_user_group_mean": {
      "accuracy": 0.7327641666666667,
      "f1": 0.3119983814614465,
      "n": 91310,
      "n_groups": 4637,
      "n_positive": 9131,
      "n_predicted_positive": 26423,
      "n_users": 1000,
      "precision": 0.242537383785948,
      "recall": 0.5711666666666666
    },
    "micro": {
      "accuracy": 0.7266673967801993,
      "f1": 0.2980255386173145,
      "n": 91310,
      "n_positive": 9131,
      "n_predicted_positive": 26423,
      "precision": 0.20050713393634334,
      "recall": 0.5802212244003943
    }
  },
  "test_failure_as_negative": {
    "macro_by_group": {
      "accuracy": 0.7279788838612369,
      "f1": 0.3123105188425863,
      "n": 91390,
      "n_groups": 4641,
      "n_positive": 9139,
      "n_predicted_positive": 26423,
      "precision": 0.24146240720234927,
      "recall": 0.5789700495582849
    },
    "macro_by_user_group_mean": {
      "accuracy": 0.7328591666666667,
      "f1": 0.31163514673321174,
      "n": 91390,
      "n_groups": 4641,
      "n_positive": 9139,
      "n_predicted_positive": 26423,
      "n_users": 1000,
      "precision": 0.2422232369605512,
      "recall": 0.5706416666666666
    },
    "micro": {
      "accuracy": 0.7268191268191269,
      "f1": 0.2979584950227771,
      "n": 91390,
      "n_positive": 9139,
      "n_predicted_positive": 26423,
      "precision": 0.20050713393634334,
      "recall": 0.5797133165554218
    }
  }
}
