{
  "candidate_groups": {
    "requested": {
      "groups": 2733,
      "positives_max": 10,
      "positives_mean": 8.729967069154775,
      "positives_min": 1,
      "rows_max": 20,
      "rows_mean": 17.45993413830955,
      "rows_min": 2,
      "sampled_max": 10,
      "sampled_mean": 8.729967069154775,
      "sampled_min": 1
    },
    "scored": {
      "groups": 2728,
      "positives_max": 10,
      "positives_mean": 8.728372434017595,
      "positives_min": 1,
      "rows_max": 20,
      "rows_mean": 17.45674486803519,
      "rows_min": 2,
      "sampled_max": 10,
      "sampled_mean": 8.728372434017595,
      "sampled_min": 1
    }
  },
  "coverage": {
    "failed_fraction": 0.002011819439205331,
    "failed_rows": 96,
    "requested_rows": 47718,
    "scored_fraction": 0.9979881805607946,
    "scored_rows": 47622
  },
  "llm_errors": 5,
  "main_metric": "test.macro_by_user_group_mean.f1",
  "max_candidate_groups": null,
  "max_workers": 32,
  "method": "agent4rec_yes_no_vllm_qwen3_8b_taste_gpt4o_mini_full",
  "requested_rows": 47718,
  "scored_rows": 47622,
  "task": "ml-1m_item_stats_cap20_eval_users1000_cg5_m1_seed1",
  "test": {
    "macro_by_group": {
      "accuracy": 0.6453956325932132,
      "f1": 0.5465836749286558,
      "n": 47622,
      "n_groups": 2728,
      "n_positive": 23811,
      "n_predicted_positive": 16456,
      "precision": 0.6910907842098005,
      "recall": 0.49237827584601773
    },
    "macro_by_user_group_mean": {
      "accuracy": 0.6580440063078953,
      "f1": 0.564948780929264,
      "n": 47622,
      "n_groups": 2728,
      "n_positive": 23811,
      "n_predicted_positive": 16456,
      "n_users": 999,
      "precision": 0.6997060441559353,
      "recall": 0.5139237848960071
    },
    "micro": {
      "accuracy": 0.6402713031792029,
      "f1": 0.57456478009288,
      "n": 47622,
      "n_positive": 23811,
      "n_predicted_positive": 16456,
      "precision": 0.7029654837141468,
      "recall": 0.4858258787955147
    }
  },
  "test_failure_as_negative": {
    "macro_by_group": {
      "accuracy": 0.6451296325335842,
      "f1": 0.5455837047952334,
      "n": 47718,
      "n_groups": 2733,
      "n_positive": 23859,
      "n_predicted_positive": 16456,
      "precision": 0.6898264395625084,
      "recall": 0.4914774740241261
    },
    "macro_by_user_group_mean": {
      "accuracy": 0.6577097585978836,
      "f1": 0.5637964572047369,
      "n": 47718,
      "n_groups": 2733,
      "n_positive": 23859,
      "n_predicted_positive": 16456,
      "n_users": 1000,
      "precision": 0.6982783420800333,
      "recall": 0.5128855555555556
    },
    "micro": {
      "accuracy": 0.6399891026447043,
      "f1": 0.5738806895696391,
      "n": 47718,
      "n_positive": 23859,
      "n_predicted_positive": 16456,
      "precision": 0.7029654837141468,
      "recall": 0.48484848484848486
    }
  }
}
