{
  "candidate_groups": {
    "test": {
      "groups": 4538,
      "positives_max": 2,
      "positives_mean": 1.985235786690172,
      "positives_min": 1,
      "rows_max": 20,
      "rows_mean": 19.85235786690172,
      "rows_min": 10,
      "sampled_max": 18,
      "sampled_mean": 17.867122080211548,
      "sampled_min": 9
    },
    "val": {
      "groups": 2809,
      "positives_max": 2,
      "positives_mean": 1.9896760412958348,
      "positives_min": 1,
      "rows_max": 20,
      "rows_mean": 19.896760412958347,
      "rows_min": 10,
      "sampled_max": 18,
      "sampled_mean": 17.907084371662513,
      "sampled_min": 9
    }
  },
  "main_metric": "test.macro_by_user_group_mean.ndcg@5",
  "method": "item_knn_cold_start_ranking",
  "protocol": "ranking",
  "ranking_evaluation": {
    "ks": [
      1,
      3,
      5,
      10
    ],
    "tie_policy": "average"
  },
  "stage_times_seconds": {
    "candidate_group_summary": 0.03,
    "compute_ranking_metrics": 1.796,
    "fit": 0.605,
    "prepare_xy": 0.017,
    "score_test": 0.313,
    "score_val": 0.193,
    "write_predictions": 0.093
  },
  "task": "ml-1m_cold_start_k1_cap20_eval_users1000_cg5_m9_seed2",
  "test": {
    "macro_by_group": {
      "groups_with_score_ties": 4538,
      "groups_with_score_ties_fraction": 1.0,
      "groups_with_size_lte@1": 0,
      "groups_with_size_lte@10": 67,
      "groups_with_size_lte@3": 0,
      "groups_with_size_lte@5": 0,
      "groups_without_positive": 0,
      "hit_rate@1": 0.17199206698986338,
      "hit_rate@10": 0.7858701273183998,
      "hit_rate@3": 0.34275694009520646,
      "hit_rate@5": 0.49315291594899496,
      "n": 90090,
      "n_groups": 4538,
      "n_positive": 9009,
      "ndcg@1": 0.17199206698986338,
      "ndcg@10": 0.3211677230992106,
      "ndcg@3": 0.17867907380095313,
      "ndcg@5": 0.22696193320546273,
      "tie_policy": "average"
    },
    "macro_by_user_group_mean": {
      "groups_with_score_ties": 4538,
      "groups_with_score_ties_fraction": 1.0,
      "groups_with_size_lte@1": 0,
      "groups_with_size_lte@10": 67,
      "groups_with_size_lte@3": 0,
      "groups_with_size_lte@5": 0,
      "groups_without_positive": 0,
      "hit_rate@1": 0.16984407484407485,
      "hit_rate@10": 0.7901252228651611,
      "hit_rate@3": 0.34131123025859866,
      "hit_rate@5": 0.49286321925640814,
      "n": 90090,
      "n_groups": 4538,
      "n_positive": 9009,
      "n_users": 962,
      "ndcg@1": 0.16984407484407488,
      "ndcg@10": 0.3235835392575876,
      "ndcg@3": 0.17899028016297988,
      "ndcg@5": 0.22798629517250776,
      "tie_policy": "average"
    }
  },
  "val": {
    "macro_by_group": {
      "groups_with_score_ties": 2809,
      "groups_with_score_ties_fraction": 1.0,
      "groups_with_size_lte@1": 0,
      "groups_with_size_lte@10": 29,
      "groups_with_size_lte@3": 0,
      "groups_with_size_lte@5": 0,
      "groups_without_positive": 0,
      "hit_rate@1": 0.1642933428266287,
      "hit_rate@10": 0.7829858030413082,
      "hit_rate@3": 0.33706731079508434,
      "hit_rate@5": 0.48858528284497116,
      "n": 55890,
      "n_groups": 2809,
      "n_positive": 5589,
      "ndcg@1": 0.1642933428266287,
      "ndcg@10": 0.314923023858556,
      "ndcg@3": 0.1717669663131108,
      "ndcg@5": 0.22027597972162755,
      "tie_policy": "average"
    },
    "macro_by_user_group_mean": {
      "groups_with_score_ties": 2809,
      "groups_with_score_ties_fraction": 1.0,
      "groups_with_size_lte@1": 0,
      "groups_with_size_lte@10": 29,
      "groups_with_size_lte@3": 0,
      "groups_with_size_lte@5": 0,
      "groups_without_positive": 0,
      "hit_rate@1": 0.16489583333333335,
      "hit_rate@10": 0.7871089500878589,
      "hit_rate@3": 0.33765293253780093,
      "hit_rate@5": 0.4897234986534521,
      "n": 55890,
      "n_groups": 2809,
      "n_positive": 5589,
      "n_users": 592,
      "ndcg@1": 0.16489583333333335,
      "ndcg@10": 0.3180359399055688,
      "ndcg@3": 0.17328817023174775,
      "ndcg@5": 0.22233654178061688,
      "tie_policy": "average"
    }
  }
}
