{
  "candidate_groups": {
    "test": {
      "requested": {
        "groups": 3734,
        "positives_max": 5,
        "positives_mean": 4.722281735404392,
        "positives_min": 1,
        "rows_max": 20,
        "rows_mean": 18.88912694161757,
        "rows_min": 4,
        "sampled_max": 15,
        "sampled_mean": 14.166845206213177,
        "sampled_min": 3
      },
      "scored": {
        "groups": 3416,
        "positives_max": 5,
        "positives_mean": 4.701990632318501,
        "positives_min": 1,
        "rows_max": 20,
        "rows_mean": 18.807962529274004,
        "rows_min": 4,
        "sampled_max": 15,
        "sampled_mean": 14.105971896955504,
        "sampled_min": 3
      }
    },
    "val": {
      "requested": {
        "groups": 2888,
        "positives_max": 5,
        "positives_mean": 4.496537396121884,
        "positives_min": 1,
        "rows_max": 20,
        "rows_mean": 17.986149584487535,
        "rows_min": 4,
        "sampled_max": 15,
        "sampled_mean": 13.489612188365651,
        "sampled_min": 3
      },
      "scored": {
        "groups": 2668,
        "positives_max": 5,
        "positives_mean": 4.470389805097451,
        "positives_min": 1,
        "rows_max": 20,
        "rows_mean": 17.881559220389803,
        "rows_min": 4,
        "sampled_max": 15,
        "sampled_mean": 13.411169415292354,
        "sampled_min": 3
      }
    }
  },
  "coverage": {
    "test": {
      "failed_fraction": 0.08909431180173538,
      "failed_rows": 6284,
      "requested_rows": 70532,
      "scored_fraction": 0.9109056881982646,
      "scored_rows": 64248
    },
    "val": {
      "failed_fraction": 0.08154936085014632,
      "failed_rows": 4236,
      "requested_rows": 51944,
      "scored_fraction": 0.9184506391498537,
      "scored_rows": 47708
    }
  },
  "llm_errors": {
    "test": 318,
    "val": 220
  },
  "main_metric": "test.macro_by_user_group_mean.f1",
  "method": "agent4rec_listwise_ranking_litellm_qwen3_8b_traits_taste_gpt4o_mini_candidate_summary_full",
  "protocol": "listwise_scores_thresholded_on_validation",
  "task": "ml-1m_item_stats_cap20_eval_users1000_cg5_m3_seed0",
  "test": {
    "macro_by_group": {
      "accuracy": 0.5360838700234192,
      "f1": 0.4467557146860425,
      "n": 64248,
      "n_groups": 3416,
      "n_positive": 16062,
      "n_predicted_positive": 40654,
      "precision": 0.3214510898937129,
      "recall": 0.781981850117096
    },
    "macro_by_user_group_mean": {
      "accuracy": 0.545583446022087,
      "f1": 0.44398823558306316,
      "n": 64248,
      "n_groups": 3416,
      "n_positive": 16062,
      "n_predicted_positive": 40654,
      "n_users": 986,
      "precision": 0.3241310541310542,
      "recall": 0.767743689429795
    },
    "micro": {
      "accuracy": 0.5237517121155523,
      "f1": 0.4605049721419,
      "n": 64248,
      "n_positive": 16062,
      "n_predicted_positive": 40654,
      "precision": 0.3212230038864564,
      "recall": 0.8130369816959283
    }
  },
  "test_failure_as_negative": {
    "macro_by_group": {
      "accuracy": 0.5543016871987144,
      "f1": 0.40870849527785785,
      "n": 70532,
      "n_groups": 3734,
      "n_positive": 17633,
      "n_predicted_positive": 40654,
      "precision": 0.29407523381813694,
      "recall": 0.7153856454204608
    },
    "macro_by_user_group_mean": {
      "accuracy": 0.563443125,
      "f1": 0.40542635327635335,
      "n": 70532,
      "n_groups": 3734,
      "n_positive": 17633,
      "n_predicted_positive": 40654,
      "n_users": 1000,
      "precision": 0.29656264957264955,
      "recall": 0.7002069444444444
    },
    "micro": {
      "accuracy": 0.543909147620938,
      "f1": 0.4480930567708065,
      "n": 70532,
      "n_positive": 17633,
      "n_predicted_positive": 40654,
      "precision": 0.3212230038864564,
      "recall": 0.7406000113423694
    }
  },
  "threshold": 7.0,
  "threshold_metric": "macro_by_user_group_mean_f1",
  "val": {
    "macro_by_group": {
      "accuracy": 0.5483742503748126,
      "f1": 0.43511737720883154,
      "n": 47708,
      "n_groups": 2668,
      "n_positive": 11927,
      "n_predicted_positive": 29449,
      "precision": 0.31713438152718515,
      "recall": 0.7453898050974513
    },
    "macro_by_user_group_mean": {
      "accuracy": 0.5708637417967866,
      "f1": 0.4428740476729276,
      "n": 47708,
      "n_groups": 2668,
      "n_positive": 11927,
      "n_predicted_positive": 29449,
      "n_users": 982,
      "precision": 0.32914991209288563,
      "recall": 0.734398619597194
    },
    "micro": {
      "accuracy": 0.5288421229143959,
      "f1": 0.4567382057231245,
      "n": 47708,
      "n_positive": 11927,
      "n_predicted_positive": 29449,
      "precision": 0.320859791503956,
      "recall": 0.7922361029596713
    }
  },
  "val_failure_as_negative": {
    "macro_by_group": {
      "accuracy": 0.563733552631579,
      "f1": 0.40197131661813107,
      "n": 51944,
      "n_groups": 2888,
      "n_positive": 12986,
      "n_predicted_positive": 29449,
      "precision": 0.2929759452612638,
      "recall": 0.6886080332409972
    },
    "macro_by_user_group_mean": {
      "accuracy": 0.5834472916666666,
      "f1": 0.41244312678062683,
      "n": 51944,
      "n_groups": 2888,
      "n_positive": 12986,
      "n_predicted_positive": 29449,
      "n_users": 1000,
      "precision": 0.3066831908831909,
      "recall": 0.6826916666666667
    },
    "micro": {
      "accuracy": 0.5468774064377021,
      "f1": 0.44533993166018615,
      "n": 51944,
      "n_positive": 12986,
      "n_predicted_positive": 29449,
      "precision": 0.320859791503956,
      "recall": 0.7276297551208994
    }
  }
}
