{
  "candidate_groups": {
    "requested": {
      "groups": 2568,
      "positives_max": 2,
      "positives_mean": 1.945872274143302,
      "positives_min": 1,
      "rows_max": 8,
      "rows_mean": 7.783489096573208,
      "rows_min": 4,
      "sampled_max": 0,
      "sampled_mean": 0.0,
      "sampled_min": 0
    },
    "scored": {
      "groups": 2568,
      "positives_max": 2,
      "positives_mean": 1.945872274143302,
      "positives_min": 1,
      "rows_max": 8,
      "rows_mean": 7.783489096573208,
      "rows_min": 4,
      "sampled_max": 0,
      "sampled_mean": 0.0,
      "sampled_min": 0
    }
  },
  "coverage": {
    "failed_fraction": 0.0,
    "failed_rows": 0,
    "requested_rows": 19988,
    "scored_fraction": 1.0,
    "scored_rows": 19988
  },
  "llm_errors": 0,
  "main_metric": "test.macro_by_user_group_mean.f1",
  "max_candidate_groups": null,
  "max_workers": 64,
  "method": "agent4rec_preference_yes_no_litellm_qwen36_27b_traits_taste_gpt4o_mini_candidate_summary_full",
  "requested_rows": 19988,
  "scored_rows": 19988,
  "task": "ml-1m_preference_cap10_eval_users1000_cg5_m3_seed1",
  "test": {
    "macro_by_group": {
      "accuracy": 0.5617211838006231,
      "f1": 0.41796500271967557,
      "n": 19988,
      "n_groups": 2568,
      "n_positive": 4997,
      "n_predicted_positive": 10316,
      "precision": 0.326751409286456,
      "recall": 0.6466121495327103
    },
    "macro_by_user_group_mean": {
      "accuracy": 0.5714488636363636,
      "f1": 0.4077140237408095,
      "n": 19988,
      "n_groups": 2568,
      "n_positive": 4997,
      "n_predicted_positive": 10316,
      "n_users": 616,
      "precision": 0.3228628117913832,
      "recall": 0.6187499999999999
    },
    "micro": {
      "accuracy": 0.5596858114868921,
      "f1": 0.4252595833605433,
      "n": 19988,
      "n_positive": 4997,
      "n_predicted_positive": 10316,
      "precision": 0.3156262117099651,
      "recall": 0.6515909545727436
    }
  },
  "test_failure_as_negative": {
    "macro_by_group": {
      "accuracy": 0.5617211838006231,
      "f1": 0.41796500271967557,
      "n": 19988,
      "n_groups": 2568,
      "n_positive": 4997,
      "n_predicted_positive": 10316,
      "precision": 0.326751409286456,
      "recall": 0.6466121495327103
    },
    "macro_by_user_group_mean": {
      "accuracy": 0.5714488636363636,
      "f1": 0.4077140237408095,
      "n": 19988,
      "n_groups": 2568,
      "n_positive": 4997,
      "n_predicted_positive": 10316,
      "n_users": 616,
      "precision": 0.3228628117913832,
      "recall": 0.6187499999999999
    },
    "micro": {
      "accuracy": 0.5596858114868921,
      "f1": 0.4252595833605433,
      "n": 19988,
      "n_positive": 4997,
      "n_predicted_positive": 10316,
      "precision": 0.3156262117099651,
      "recall": 0.6515909545727436
    }
  }
}
