{
  "candidate_groups": {
    "requested": {
      "groups": 2202,
      "positives_max": 10,
      "positives_mean": 9.727974568574023,
      "positives_min": 1,
      "rows_max": 20,
      "rows_mean": 19.455949137148046,
      "rows_min": 2,
      "sampled_max": 10,
      "sampled_mean": 9.727974568574023,
      "sampled_min": 1
    },
    "scored": {
      "groups": 2202,
      "positives_max": 10,
      "positives_mean": 9.727974568574023,
      "positives_min": 1,
      "rows_max": 20,
      "rows_mean": 19.455949137148046,
      "rows_min": 2,
      "sampled_max": 10,
      "sampled_mean": 9.727974568574023,
      "sampled_min": 1
    }
  },
  "llm_errors": 0,
  "main_metric": "test.macro_by_user_group_mean.ndcg@5",
  "max_candidate_groups": null,
  "max_workers": 128,
  "method": "llm_yes_no_vllm_qwen36_27b_full",
  "protocol": "ranking",
  "ranking_evaluation": {
    "ks": [
      1,
      3,
      5,
      10
    ],
    "tie_policy": "average"
  },
  "requested_rows": 42842,
  "scored_rows": 42842,
  "task": "ml-1m_cold_start_k1_cap20_eval_users1000_cg5_m1_seed2",
  "test": {
    "macro_by_group": {
      "groups_with_score_ties": 2193,
      "groups_with_score_ties_fraction": 0.9959128065395095,
      "groups_with_size_lte@1": 0,
      "groups_with_size_lte@10": 68,
      "groups_with_size_lte@3": 16,
      "groups_with_size_lte@5": 25,
      "groups_without_positive": 0,
      "hit_rate@1": 0.5509208225569021,
      "hit_rate@10": 0.9999760863254297,
      "hit_rate@3": 0.8798589876767996,
      "hit_rate@5": 0.9668518059069113,
      "n": 42842,
      "n_groups": 2202,
      "n_positive": 21421,
      "ndcg@1": 0.5509208225569021,
      "ndcg@10": 0.566987050519915,
      "ndcg@3": 0.5577916953403135,
      "ndcg@5": 0.56348219279808,
      "tie_policy": "average"
    },
    "macro_by_user_group_mean": {
      "groups_with_score_ties": 2193,
      "groups_with_score_ties_fraction": 0.9959128065395095,
      "groups_with_size_lte@1": 0,
      "groups_with_size_lte@10": 68,
      "groups_with_size_lte@3": 16,
      "groups_with_size_lte@5": 25,
      "groups_without_positive": 0,
      "hit_rate@1": 0.5522216223974729,
      "hit_rate@10": 0.9999766804109173,
      "hit_rate@3": 0.8801207154997316,
      "hit_rate@5": 0.9677853102965317,
      "n": 42842,
      "n_groups": 2202,
      "n_positive": 21421,
      "n_users": 498,
      "ndcg@1": 0.5522216223974729,
      "ndcg@10": 0.5783930777513976,
      "ndcg@3": 0.5614063283093201,
      "ndcg@5": 0.5690929825805483,
      "tie_policy": "average"
    }
  }
}
