{
  "candidate_groups": {
    "requested": {
      "groups": 2882,
      "positives_max": 10,
      "positives_mean": 9.683553088133241,
      "positives_min": 1,
      "rows_max": 20,
      "rows_mean": 19.367106176266482,
      "rows_min": 2,
      "sampled_max": 10,
      "sampled_mean": 9.683553088133241,
      "sampled_min": 1
    },
    "scored": {
      "groups": 2882,
      "positives_max": 10,
      "positives_mean": 9.683553088133241,
      "positives_min": 1,
      "rows_max": 20,
      "rows_mean": 19.367106176266482,
      "rows_min": 2,
      "sampled_max": 10,
      "sampled_mean": 9.683553088133241,
      "sampled_min": 1
    }
  },
  "llm_errors": 0,
  "main_metric": "test.macro_by_user_group_mean.ndcg@5",
  "max_candidate_groups": null,
  "max_workers": 128,
  "method": "llm_yes_no_vllm_qwen36_27b_full",
  "protocol": "ranking",
  "ranking_evaluation": {
    "ks": [
      1,
      3,
      5,
      10
    ],
    "tie_policy": "average"
  },
  "requested_rows": 55816,
  "scored_rows": 55816,
  "task": "ml-1m_cold_start_k5_cap20_eval_users1000_cg5_m1_seed1",
  "test": {
    "macro_by_group": {
      "groups_with_score_ties": 2866,
      "groups_with_score_ties_fraction": 0.9944482997918113,
      "groups_with_size_lte@1": 0,
      "groups_with_size_lte@10": 101,
      "groups_with_size_lte@3": 20,
      "groups_with_size_lte@5": 44,
      "groups_without_positive": 0,
      "hit_rate@1": 0.6640664347311832,
      "hit_rate@10": 0.9999618519618553,
      "hit_rate@3": 0.9443068451606823,
      "hit_rate@5": 0.9864051516972498,
      "n": 55816,
      "n_groups": 2882,
      "n_positive": 27908,
      "ndcg@1": 0.6640664347311832,
      "ndcg@10": 0.6586839184271699,
      "ndcg@3": 0.6685245584430918,
      "ndcg@5": 0.6704278018830729,
      "tie_policy": "average"
    },
    "macro_by_user_group_mean": {
      "groups_with_score_ties": 2866,
      "groups_with_score_ties_fraction": 0.9944482997918113,
      "groups_with_size_lte@1": 0,
      "groups_with_size_lte@10": 101,
      "groups_with_size_lte@3": 20,
      "groups_with_size_lte@5": 44,
      "groups_without_positive": 0,
      "hit_rate@1": 0.6640369701273924,
      "hit_rate@10": 0.9999666805128956,
      "hit_rate@3": 0.9460414354035657,
      "hit_rate@5": 0.9872435018157036,
      "n": 55816,
      "n_groups": 2882,
      "n_positive": 27908,
      "n_users": 662,
      "ndcg@1": 0.6640369701273924,
      "ndcg@10": 0.6693341009611482,
      "ndcg@3": 0.6707203536298292,
      "ndcg@5": 0.6752149439990159,
      "tie_policy": "average"
    }
  }
}
