{
  "candidate_groups": {
    "requested": {
      "groups": 4899,
      "positives_max": 5,
      "positives_mean": 4.959787711777913,
      "positives_min": 1,
      "rows_max": 20,
      "rows_mean": 19.839150847111654,
      "rows_min": 4,
      "sampled_max": 15,
      "sampled_mean": 14.879363135333742,
      "sampled_min": 3
    },
    "scored": {
      "groups": 4899,
      "positives_max": 5,
      "positives_mean": 4.959787711777913,
      "positives_min": 1,
      "rows_max": 20,
      "rows_mean": 19.839150847111654,
      "rows_min": 4,
      "sampled_max": 15,
      "sampled_mean": 14.879363135333742,
      "sampled_min": 3
    }
  },
  "llm_errors": 0,
  "main_metric": "test.macro_by_user_group_mean.ndcg@5",
  "max_candidate_groups": null,
  "max_workers": 128,
  "method": "llm_yes_no_vllm_qwen36_27b_itemwise_full",
  "protocol": "ranking",
  "ranking_evaluation": {
    "ks": [
      1,
      3,
      5,
      10
    ],
    "tie_policy": "average"
  },
  "requested_rows": 97192,
  "scored_rows": 97192,
  "scoring": "itemwise",
  "task": "ml-1m_cold_start_k5_cap20_eval_users1000_cg5_m3_seed0",
  "test": {
    "macro_by_group": {
      "groups_with_score_ties": 4899,
      "groups_with_score_ties_fraction": 1.0,
      "groups_with_size_lte@1": 0,
      "groups_with_size_lte@10": 37,
      "groups_with_size_lte@3": 0,
      "groups_with_size_lte@5": 20,
      "groups_without_positive": 0,
      "hit_rate@1": 0.4125079761296036,
      "hit_rate@10": 0.9932247594556419,
      "hit_rate@3": 0.7831648483218083,
      "hit_rate@5": 0.9142528537058492,
      "n": 97192,
      "n_groups": 4899,
      "n_positive": 24298,
      "ndcg@1": 0.4125079761296036,
      "ndcg@10": 0.5449552020032841,
      "ndcg@3": 0.40712847631331345,
      "ndcg@5": 0.3970171410779181,
      "tie_policy": "average"
    },
    "macro_by_user_group_mean": {
      "groups_with_score_ties": 4899,
      "groups_with_score_ties_fraction": 1.0,
      "groups_with_size_lte@1": 0,
      "groups_with_size_lte@10": 37,
      "groups_with_size_lte@3": 0,
      "groups_with_size_lte@5": 20,
      "groups_without_positive": 0,
      "hit_rate@1": 0.41195406140428203,
      "hit_rate@10": 0.99316845600435,
      "hit_rate@3": 0.7827966066158502,
      "hit_rate@5": 0.9140609030875673,
      "n": 97192,
      "n_groups": 4899,
      "n_positive": 24298,
      "n_users": 1000,
      "ndcg@1": 0.411954061404282,
      "ndcg@10": 0.5446286885279105,
      "ndcg@3": 0.4067010620782438,
      "ndcg@5": 0.39686323691991976,
      "tie_policy": "average"
    }
  }
}
