{
  "candidate_groups": {
    "requested": {
      "groups": 4899,
      "positives_max": 5,
      "positives_mean": 4.959787711777913,
      "positives_min": 1,
      "rows_max": 20,
      "rows_mean": 19.839150847111654,
      "rows_min": 4,
      "sampled_max": 15,
      "sampled_mean": 14.879363135333742,
      "sampled_min": 3
    },
    "scored": {
      "groups": 4899,
      "positives_max": 5,
      "positives_mean": 4.959787711777913,
      "positives_min": 1,
      "rows_max": 20,
      "rows_mean": 19.839150847111654,
      "rows_min": 4,
      "sampled_max": 15,
      "sampled_mean": 14.879363135333742,
      "sampled_min": 3
    }
  },
  "llm_errors": 0,
  "main_metric": "test.macro_by_user_group_mean.f1",
  "max_candidate_groups": null,
  "max_workers": 128,
  "method": "llm_yes_no_vllm_qwen36_27b_itemwise_full",
  "requested_rows": 97192,
  "scored_rows": 97192,
  "scoring": "itemwise",
  "task": "ml-1m_cold_start_k5_cap20_eval_users1000_cg5_m3_seed0",
  "test": {
    "macro_by_group": {
      "accuracy": 0.6865822957066068,
      "f1": 0.4274577005662245,
      "n": 97192,
      "n_groups": 4899,
      "n_positive": 24298,
      "n_predicted_positive": 32033,
      "precision": 0.401383256799128,
      "recall": 0.5329489011362863
    },
    "macro_by_user_group_mean": {
      "accuracy": 0.6860572916666667,
      "f1": 0.4270003416776423,
      "n": 97192,
      "n_groups": 4899,
      "n_positive": 24298,
      "n_predicted_positive": 32033,
      "n_users": 1000,
      "precision": 0.40087489473761534,
      "recall": 0.5325566666666666
    },
    "micro": {
      "accuracy": 0.6864865421022306,
      "f1": 0.45907226926559086,
      "n": 97192,
      "n_positive": 24298,
      "n_predicted_positive": 32033,
      "precision": 0.4036462398151906,
      "recall": 0.5321425631739238
    }
  }
}
