{
  "candidate_groups": {
    "test": {
      "groups": 5000,
      "positives_max": 1,
      "positives_mean": 1.0,
      "positives_min": 1,
      "rows_max": 20,
      "rows_mean": 20.0,
      "rows_min": 20,
      "sampled_max": 19,
      "sampled_mean": 19.0,
      "sampled_min": 19
    },
    "val": {
      "groups": 3020,
      "positives_max": 1,
      "positives_mean": 1.0,
      "positives_min": 1,
      "rows_max": 20,
      "rows_mean": 20.0,
      "rows_min": 20,
      "sampled_max": 19,
      "sampled_mean": 19.0,
      "sampled_min": 19
    }
  },
  "main_metric": "test.macro_by_user_group_mean.f1",
  "method": "item_knn_cold_start",
  "stage_times_seconds": {
    "apply_threshold": 0.0,
    "candidate_group_summary": 0.029,
    "compute_metrics": 0.249,
    "fit": 0.609,
    "prepare_xy": 0.018,
    "score_test": 0.328,
    "score_val": 0.201,
    "select_threshold": 0.093,
    "write_predictions": 0.098
  },
  "task": "ml-1m_cold_start_k1_cap20_eval_users1000_cg5_m19_seed2",
  "test": {
    "macro_by_group": {
      "accuracy": 0.049999999999999996,
      "f1": 0.09523809523809523,
      "n": 100000,
      "n_groups": 5000,
      "n_positive": 5000,
      "n_predicted_positive": 100000,
      "precision": 0.049999999999999996,
      "recall": 1.0
    },
    "macro_by_user_group_mean": {
      "accuracy": 0.05000000000000001,
      "f1": 0.09523809523809527,
      "n": 100000,
      "n_groups": 5000,
      "n_positive": 5000,
      "n_predicted_positive": 100000,
      "n_users": 1000,
      "precision": 0.05000000000000001,
      "recall": 1.0
    },
    "micro": {
      "accuracy": 0.05,
      "f1": 0.09523809523809523,
      "n": 100000,
      "n_positive": 5000,
      "n_predicted_positive": 100000,
      "precision": 0.05,
      "recall": 1.0
    }
  },
  "threshold": 0.0,
  "threshold_metric": "macro_by_user_group_mean_f1",
  "val": {
    "macro_by_group": {
      "accuracy": 0.04999999999999999,
      "f1": 0.09523809523809523,
      "n": 60400,
      "n_groups": 3020,
      "n_positive": 3020,
      "n_predicted_positive": 60400,
      "precision": 0.04999999999999999,
      "recall": 1.0
    },
    "macro_by_user_group_mean": {
      "accuracy": 0.049999999999999996,
      "f1": 0.09523809523809523,
      "n": 60400,
      "n_groups": 3020,
      "n_positive": 3020,
      "n_predicted_positive": 60400,
      "n_users": 604,
      "precision": 0.049999999999999996,
      "recall": 1.0
    },
    "micro": {
      "accuracy": 0.05,
      "f1": 0.09523809523809523,
      "n": 60400,
      "n_positive": 3020,
      "n_predicted_positive": 60400,
      "precision": 0.05,
      "recall": 1.0
    }
  }
}
