{
  "candidate_groups": {
    "test": {
      "groups": 3882,
      "positives_max": 10,
      "positives_mean": 8.863214837712519,
      "positives_min": 1,
      "rows_max": 20,
      "rows_mean": 17.726429675425038,
      "rows_min": 2,
      "sampled_max": 10,
      "sampled_mean": 8.863214837712519,
      "sampled_min": 1
    },
    "val": {
      "groups": 2244,
      "positives_max": 10,
      "positives_mean": 7.827094474153298,
      "positives_min": 1,
      "rows_max": 20,
      "rows_mean": 15.654188948306595,
      "rows_min": 2,
      "sampled_max": 10,
      "sampled_mean": 7.827094474153298,
      "sampled_min": 1
    }
  },
  "main_metric": "test.macro_by_user_group_mean.ndcg@5",
  "method": "popularity_ranking",
  "protocol": "ranking",
  "ranking_evaluation": {
    "ks": [
      1,
      3,
      5,
      10
    ],
    "tie_policy": "average"
  },
  "stage_times_seconds": {
    "candidate_group_summary": 0.033,
    "compute_ranking_metrics": 2.165,
    "fit": 0.109,
    "prepare_xy": 0.038,
    "score_test": 0.016,
    "score_val": 0.009,
    "write_predictions": 0.14
  },
  "task": "ml-1m_interaction_cap20_eval_users1000_m1_seed4",
  "test": {
    "macro_by_group": {
      "groups_with_score_ties": 1311,
      "groups_with_score_ties_fraction": 0.3377125193199382,
      "groups_with_size_lte@1": 0,
      "groups_with_size_lte@10": 487,
      "groups_with_size_lte@3": 105,
      "groups_with_size_lte@5": 181,
      "groups_without_positive": 0,
      "hit_rate@1": 0.9340546110252447,
      "hit_rate@10": 1.0,
      "hit_rate@3": 0.9994848016486347,
      "hit_rate@5": 1.0,
      "n": 68814,
      "n_groups": 3882,
      "n_positive": 34407,
      "ndcg@1": 0.9340546110252447,
      "ndcg@10": 0.8488776905640059,
      "ndcg@3": 0.9104895188662371,
      "ndcg@5": 0.8913046388874265,
      "tie_policy": "average"
    },
    "macro_by_user_group_mean": {
      "groups_with_score_ties": 1311,
      "groups_with_score_ties_fraction": 0.3377125193199382,
      "groups_with_size_lte@1": 0,
      "groups_with_size_lte@10": 487,
      "groups_with_size_lte@3": 105,
      "groups_with_size_lte@5": 181,
      "groups_without_positive": 0,
      "hit_rate@1": 0.9295556187199256,
      "hit_rate@10": 1.0,
      "hit_rate@3": 0.999772972972973,
      "hit_rate@5": 1.0,
      "n": 68814,
      "n_groups": 3882,
      "n_positive": 34407,
      "n_users": 1000,
      "ndcg@1": 0.9295556187199256,
      "ndcg@10": 0.8725791316347081,
      "ndcg@3": 0.9066359357030365,
      "ndcg@5": 0.888279428235381,
      "tie_policy": "average"
    }
  },
  "val": {
    "macro_by_group": {
      "groups_with_score_ties": 644,
      "groups_with_score_ties_fraction": 0.28698752228163993,
      "groups_with_size_lte@1": 0,
      "groups_with_size_lte@10": 582,
      "groups_with_size_lte@3": 81,
      "groups_with_size_lte@5": 144,
      "groups_without_positive": 0,
      "hit_rate@1": 0.9246880570409982,
      "hit_rate@10": 1.0,
      "hit_rate@3": 0.9986631016042781,
      "hit_rate@5": 1.0,
      "n": 35128,
      "n_groups": 2244,
      "n_positive": 17564,
      "ndcg@1": 0.9246880570409982,
      "ndcg@10": 0.8685597515486209,
      "ndcg@3": 0.9017171795781949,
      "ndcg@5": 0.8923716829433687,
      "tie_policy": "average"
    },
    "macro_by_user_group_mean": {
      "groups_with_score_ties": 644,
      "groups_with_score_ties_fraction": 0.28698752228163993,
      "groups_with_size_lte@1": 0,
      "groups_with_size_lte@10": 582,
      "groups_with_size_lte@3": 81,
      "groups_with_size_lte@5": 144,
      "groups_without_positive": 0,
      "hit_rate@1": 0.9233399277622961,
      "hit_rate@10": 1.0,
      "hit_rate@3": 0.9993833333333333,
      "hit_rate@5": 1.0,
      "n": 35128,
      "n_groups": 2244,
      "n_positive": 17564,
      "n_users": 1000,
      "ndcg@1": 0.9233399277622961,
      "ndcg@10": 0.8937203218236338,
      "ndcg@3": 0.8928131051373509,
      "ndcg@5": 0.8916094744553209,
      "tie_policy": "average"
    }
  }
}
