{
  "candidate_groups": {
    "requested": {
      "groups": 17517,
      "positives_max": 2,
      "positives_mean": 1.9706570759833304,
      "positives_min": 1,
      "rows_max": 20,
      "rows_mean": 19.706570759833305,
      "rows_min": 10,
      "sampled_max": 18,
      "sampled_mean": 17.735913683849976,
      "sampled_min": 9
    },
    "scored": {
      "groups": 17517,
      "positives_max": 2,
      "positives_mean": 1.9706570759833304,
      "positives_min": 1,
      "rows_max": 20,
      "rows_mean": 19.706570759833305,
      "rows_min": 10,
      "sampled_max": 18,
      "sampled_mean": 17.735913683849976,
      "sampled_min": 9
    }
  },
  "llm_errors": 0,
  "main_metric": "test.macro_by_user_group_mean.ndcg@5",
  "max_candidate_groups": null,
  "max_workers": 32,
  "method": "llm_yes_no_vllm_llama33_70b_full",
  "protocol": "ranking",
  "ranking_evaluation": {
    "ks": [
      1,
      3,
      5,
      10
    ],
    "tie_policy": "average"
  },
  "requested_rows": 345200,
  "scored_rows": 345200,
  "task": "ml-1m_interaction_cap20_eval_users1000_m9_seed0",
  "test": {
    "macro_by_group": {
      "groups_with_score_ties": 17517,
      "groups_with_score_ties_fraction": 1.0,
      "groups_with_size_lte@1": 0,
      "groups_with_size_lte@10": 514,
      "groups_with_size_lte@3": 0,
      "groups_with_size_lte@5": 0,
      "groups_without_positive": 0,
      "hit_rate@1": 0.14752680382872266,
      "hit_rate@10": 0.8811446244750752,
      "hit_rate@3": 0.39687581238746217,
      "hit_rate@5": 0.5916666204126232,
      "n": 345200,
      "n_groups": 17517,
      "n_positive": 34520,
      "ndcg@1": 0.14752680382872266,
      "ndcg@10": 0.38359091534539247,
      "ndcg@3": 0.1955680578442497,
      "ndcg@5": 0.2664554898973815,
      "tie_policy": "average"
    },
    "macro_by_user_group_mean": {
      "groups_with_score_ties": 17517,
      "groups_with_score_ties_fraction": 1.0,
      "groups_with_size_lte@1": 0,
      "groups_with_size_lte@10": 514,
      "groups_with_size_lte@3": 0,
      "groups_with_size_lte@5": 0,
      "groups_without_positive": 0,
      "hit_rate@1": 0.16694884483099434,
      "hit_rate@10": 0.907696862962294,
      "hit_rate@3": 0.4357772538939138,
      "hit_rate@5": 0.6351604434973052,
      "n": 345200,
      "n_groups": 17517,
      "n_positive": 34520,
      "n_users": 1000,
      "ndcg@1": 0.16694884483099434,
      "ndcg@10": 0.41923770301740476,
      "ndcg@3": 0.2245000232182639,
      "ndcg@5": 0.3019116790929951,
      "tie_policy": "average"
    }
  }
}
