{
  "candidate_groups": {
    "test": {
      "groups": 8855,
      "positives_max": 2,
      "positives_mean": 1.9430830039525693,
      "positives_min": 1,
      "rows_max": 20,
      "rows_mean": 19.43083003952569,
      "rows_min": 10,
      "sampled_max": 18,
      "sampled_mean": 17.487747035573122,
      "sampled_min": 9
    },
    "val": {
      "groups": 4698,
      "positives_max": 2,
      "positives_mean": 1.9078331204767986,
      "positives_min": 1,
      "rows_max": 20,
      "rows_mean": 19.078331204767988,
      "rows_min": 10,
      "sampled_max": 18,
      "sampled_mean": 17.17049808429119,
      "sampled_min": 9
    }
  },
  "main_metric": "test.macro_by_user_group_mean.ndcg@5",
  "method": "popularity_ranking",
  "protocol": "ranking",
  "ranking_evaluation": {
    "ks": [
      1,
      3,
      5,
      10
    ],
    "tie_policy": "average"
  },
  "stage_times_seconds": {
    "candidate_group_summary": 0.069,
    "compute_ranking_metrics": 6.321,
    "fit": 0.747,
    "prepare_xy": 0.34,
    "score_test": 0.025,
    "score_val": 0.016,
    "write_predictions": 0.373
  },
  "task": "steam_interaction_cap20_eval_users1000_m9_seed1",
  "test": {
    "macro_by_group": {
      "groups_with_score_ties": 7419,
      "groups_with_score_ties_fraction": 0.8378317334839074,
      "groups_with_size_lte@1": 0,
      "groups_with_size_lte@10": 504,
      "groups_with_size_lte@3": 0,
      "groups_with_size_lte@5": 0,
      "groups_without_positive": 0,
      "hit_rate@1": 0.7782044042913608,
      "hit_rate@10": 0.9983625070581592,
      "hit_rate@3": 0.9537549407114625,
      "hit_rate@5": 0.9835121400338792,
      "n": 172060,
      "n_groups": 8855,
      "n_positive": 17206,
      "ndcg@1": 0.7782044042913608,
      "ndcg@10": 0.8633074655194936,
      "ndcg@3": 0.782041715549364,
      "ndcg@5": 0.8359657036047937,
      "tie_policy": "average"
    },
    "macro_by_user_group_mean": {
      "groups_with_score_ties": 7419,
      "groups_with_score_ties_fraction": 0.8378317334839074,
      "groups_with_size_lte@1": 0,
      "groups_with_size_lte@10": 504,
      "groups_with_size_lte@3": 0,
      "groups_with_size_lte@5": 0,
      "groups_without_positive": 0,
      "hit_rate@1": 0.8365570144438321,
      "hit_rate@10": 0.9997803724053724,
      "hit_rate@3": 0.9777933803109529,
      "hit_rate@5": 0.9947507788095958,
      "n": 172060,
      "n_groups": 8855,
      "n_positive": 17206,
      "n_users": 1000,
      "ndcg@1": 0.8365570144438321,
      "ndcg@10": 0.8992190445002033,
      "ndcg@3": 0.8403970179541306,
      "ndcg@5": 0.8821991474568247,
      "tie_policy": "average"
    }
  },
  "val": {
    "macro_by_group": {
      "groups_with_score_ties": 3828,
      "groups_with_score_ties_fraction": 0.8148148148148148,
      "groups_with_size_lte@1": 0,
      "groups_with_size_lte@10": 433,
      "groups_with_size_lte@3": 0,
      "groups_with_size_lte@5": 0,
      "groups_without_positive": 0,
      "hit_rate@1": 0.7766070668369519,
      "hit_rate@10": 0.9976585781183482,
      "hit_rate@3": 0.9580672626649638,
      "hit_rate@5": 0.983929331630481,
      "n": 89630,
      "n_groups": 4698,
      "n_positive": 8963,
      "ndcg@1": 0.7766070668369519,
      "ndcg@10": 0.8660234668639055,
      "ndcg@3": 0.7875157830252596,
      "ndcg@5": 0.839593808576807,
      "tie_policy": "average"
    },
    "macro_by_user_group_mean": {
      "groups_with_score_ties": 3828,
      "groups_with_score_ties_fraction": 0.8148148148148148,
      "groups_with_size_lte@1": 0,
      "groups_with_size_lte@10": 433,
      "groups_with_size_lte@3": 0,
      "groups_with_size_lte@5": 0,
      "groups_without_positive": 0,
      "hit_rate@1": 0.8362195582331534,
      "hit_rate@10": 0.999782003710575,
      "hit_rate@3": 0.9817153679516086,
      "hit_rate@5": 0.9948720509380675,
      "n": 89630,
      "n_groups": 4698,
      "n_positive": 8963,
      "n_users": 1000,
      "ndcg@1": 0.8362195582331534,
      "ndcg@10": 0.9004134710584688,
      "ndcg@3": 0.8428409457662922,
      "ndcg@5": 0.8838673527279265,
      "tie_policy": "average"
    }
  }
}
