{
  "candidate_groups": {
    "requested": {
      "groups": 4605,
      "positives_max": 10,
      "positives_mean": 9.724647122692724,
      "positives_min": 1,
      "rows_max": 20,
      "rows_mean": 19.44929424538545,
      "rows_min": 2,
      "sampled_max": 10,
      "sampled_mean": 9.724647122692724,
      "sampled_min": 1
    },
    "scored": {
      "groups": 4605,
      "positives_max": 10,
      "positives_mean": 9.724647122692724,
      "positives_min": 1,
      "rows_max": 20,
      "rows_mean": 19.44929424538545,
      "rows_min": 2,
      "sampled_max": 10,
      "sampled_mean": 9.724647122692724,
      "sampled_min": 1
    }
  },
  "llm_errors": 0,
  "main_metric": "test.macro_by_user_group_mean.ndcg@5",
  "max_candidate_groups": null,
  "max_workers": 128,
  "method": "llm_yes_no_vllm_qwen36_27b_itemwise_full",
  "protocol": "ranking",
  "ranking_evaluation": {
    "ks": [
      1,
      3,
      5,
      10
    ],
    "tie_policy": "average"
  },
  "requested_rows": 89564,
  "scored_rows": 89564,
  "scoring": "itemwise",
  "task": "ml-1m_cold_start_k1_cap20_eval_users1000_cg5_m1_seed0",
  "test": {
    "macro_by_group": {
      "groups_with_score_ties": 4598,
      "groups_with_score_ties_fraction": 0.9984799131378936,
      "groups_with_size_lte@1": 0,
      "groups_with_size_lte@10": 139,
      "groups_with_size_lte@3": 26,
      "groups_with_size_lte@5": 54,
      "groups_without_positive": 0,
      "hit_rate@1": 0.5877224500677269,
      "hit_rate@10": 0.9999953526355034,
      "hit_rate@3": 0.9181835850351697,
      "hit_rate@5": 0.9868786351645036,
      "n": 89564,
      "n_groups": 4605,
      "n_positive": 44782,
      "ndcg@1": 0.5877224500677269,
      "ndcg@10": 0.5586560136588283,
      "ndcg@3": 0.5855864616937321,
      "ndcg@5": 0.5780740341523436,
      "tie_policy": "average"
    },
    "macro_by_user_group_mean": {
      "groups_with_score_ties": 4598,
      "groups_with_score_ties_fraction": 0.9984799131378936,
      "groups_with_size_lte@1": 0,
      "groups_with_size_lte@10": 139,
      "groups_with_size_lte@3": 26,
      "groups_with_size_lte@5": 54,
      "groups_without_positive": 0,
      "hit_rate@1": 0.587731142052392,
      "hit_rate@10": 0.9999955316298197,
      "hit_rate@3": 0.919060453951077,
      "hit_rate@5": 0.9871189141432757,
      "n": 89564,
      "n_groups": 4605,
      "n_positive": 44782,
      "n_users": 1000,
      "ndcg@1": 0.587731142052392,
      "ndcg@10": 0.5609558037766981,
      "ndcg@3": 0.5859944105478403,
      "ndcg@5": 0.5789748988566688,
      "tie_policy": "average"
    }
  }
}
