{
  "candidate_groups": {
    "requested": {
      "groups": 2733,
      "positives_max": 10,
      "positives_mean": 8.729967069154775,
      "positives_min": 1,
      "rows_max": 20,
      "rows_mean": 17.45993413830955,
      "rows_min": 2,
      "sampled_max": 10,
      "sampled_mean": 8.729967069154775,
      "sampled_min": 1
    },
    "scored": {
      "groups": 2733,
      "positives_max": 10,
      "positives_mean": 8.729967069154775,
      "positives_min": 1,
      "rows_max": 20,
      "rows_mean": 17.45993413830955,
      "rows_min": 2,
      "sampled_max": 10,
      "sampled_mean": 8.729967069154775,
      "sampled_min": 1
    }
  },
  "coverage": {
    "failed_fraction": 0.0,
    "failed_rows": 0,
    "requested_rows": 47718,
    "scored_fraction": 1.0,
    "scored_rows": 47718
  },
  "llm_errors": 0,
  "main_metric": "test.macro_by_user_group_mean.ndcg@5",
  "max_candidate_groups": null,
  "max_workers": 4,
  "method": "llm_yes_no_vllm_llama33_70b_with_item_stats_full",
  "protocol": "ranking",
  "ranking_evaluation": {
    "ks": [
      1,
      3,
      5,
      10
    ],
    "tie_policy": "average"
  },
  "requested_rows": 47718,
  "scored_rows": 47718,
  "task": "ml-1m_item_stats_cap20_eval_users1000_cg5_m1_seed1",
  "test": {
    "macro_by_group": {
      "groups_with_score_ties": 2684,
      "groups_with_score_ties_fraction": 0.982070984266374,
      "groups_with_size_lte@1": 0,
      "groups_with_size_lte@10": 378,
      "groups_with_size_lte@3": 67,
      "groups_with_size_lte@5": 129,
      "groups_without_positive": 0,
      "hit_rate@1": 0.7128837960766607,
      "hit_rate@10": 0.9999987206353836,
      "hit_rate@3": 0.9791197420367727,
      "hit_rate@5": 0.9985644518351067,
      "n": 47718,
      "n_groups": 2733,
      "n_positive": 23859,
      "ndcg@1": 0.7128837960766607,
      "ndcg@10": 0.7323809282789494,
      "ndcg@3": 0.7171705204550931,
      "ndcg@5": 0.7213101699612858,
      "tie_policy": "average"
    },
    "macro_by_user_group_mean": {
      "groups_with_score_ties": 2684,
      "groups_with_score_ties_fraction": 0.982070984266374,
      "groups_with_size_lte@1": 0,
      "groups_with_size_lte@10": 378,
      "groups_with_size_lte@3": 67,
      "groups_with_size_lte@5": 129,
      "groups_without_positive": 0,
      "hit_rate@1": 0.7237143299946958,
      "hit_rate@10": 0.9999993006993007,
      "hit_rate@3": 0.9816814260582468,
      "hit_rate@5": 0.9989269012015819,
      "n": 47718,
      "n_groups": 2733,
      "n_positive": 23859,
      "n_users": 1000,
      "ndcg@1": 0.7237143299946958,
      "ndcg@10": 0.7624016950784345,
      "ndcg@3": 0.7283662705069707,
      "ndcg@5": 0.7325176489562536,
      "tie_policy": "average"
    }
  },
  "test_failure_as_zero_group": {
    "macro_by_group": {
      "failed_groups": 0,
      "failed_groups_fraction": 0.0,
      "failure_policy": "failed_group_zero",
      "groups_with_score_ties": 2684,
      "groups_with_score_ties_fraction": 0.982070984266374,
      "groups_with_size_lte@1": 0,
      "groups_with_size_lte@10": 378,
      "groups_with_size_lte@3": 67,
      "groups_with_size_lte@5": 129,
      "groups_without_positive": 0,
      "hit_rate@1": 0.7128837960766607,
      "hit_rate@10": 0.9999987206353836,
      "hit_rate@3": 0.9791197420367727,
      "hit_rate@5": 0.9985644518351067,
      "n": 47718,
      "n_groups": 2733,
      "n_positive": 23859,
      "ndcg@1": 0.7128837960766607,
      "ndcg@10": 0.7323809282789494,
      "ndcg@3": 0.7171705204550931,
      "ndcg@5": 0.7213101699612858,
      "scored_groups": 2733,
      "tie_policy": "average"
    },
    "macro_by_user_group_mean": {
      "failed_groups": 0,
      "failed_groups_fraction": 0.0,
      "failure_policy": "failed_group_zero",
      "groups_with_score_ties": 2684,
      "groups_with_score_ties_fraction": 0.982070984266374,
      "groups_with_size_lte@1": 0,
      "groups_with_size_lte@10": 378,
      "groups_with_size_lte@3": 67,
      "groups_with_size_lte@5": 129,
      "groups_without_positive": 0,
      "hit_rate@1": 0.7237143299946956,
      "hit_rate@10": 0.9999993006993007,
      "hit_rate@3": 0.9816814260582468,
      "hit_rate@5": 0.9989269012015819,
      "n": 47718,
      "n_groups": 2733,
      "n_positive": 23859,
      "n_users": 1000,
      "ndcg@1": 0.7237143299946956,
      "ndcg@10": 0.7624016950784345,
      "ndcg@3": 0.7283662705069707,
      "ndcg@5": 0.7325176489562536,
      "scored_groups": 2733,
      "tie_policy": "average"
    }
  }
}
