{
  "candidate_groups": {
    "requested": {
      "groups": 4832,
      "positives_max": 6,
      "positives_mean": 5.912044701986755,
      "positives_min": 1,
      "rows_max": 18,
      "rows_mean": 17.736134105960264,
      "rows_min": 3,
      "sampled_max": 12,
      "sampled_mean": 11.82408940397351,
      "sampled_min": 2
    },
    "scored": {
      "groups": 4832,
      "positives_max": 6,
      "positives_mean": 5.912044701986755,
      "positives_min": 1,
      "rows_max": 18,
      "rows_mean": 17.736134105960264,
      "rows_min": 3,
      "sampled_max": 12,
      "sampled_mean": 11.82408940397351,
      "sampled_min": 2
    }
  },
  "llm_errors": 0,
  "main_metric": "test.macro_by_user_group_mean.ndcg@5",
  "max_candidate_groups": null,
  "max_workers": 128,
  "method": "llm_yes_no_vllm_qwen36_27b_itemwise_full",
  "protocol": "ranking",
  "ranking_evaluation": {
    "ks": [
      1,
      3,
      5,
      10
    ],
    "tie_policy": "average"
  },
  "requested_rows": 85701,
  "scored_rows": 85701,
  "scoring": "itemwise",
  "task": "ml-1m_cold_start_k5_cap20_eval_users1000_cg5_m2_seed0",
  "test": {
    "macro_by_group": {
      "groups_with_score_ties": 4832,
      "groups_with_score_ties_fraction": 1.0,
      "groups_with_size_lte@1": 0,
      "groups_with_size_lte@10": 85,
      "groups_with_size_lte@3": 28,
      "groups_with_size_lte@5": 28,
      "groups_without_positive": 0,
      "hit_rate@1": 0.504849607369268,
      "hit_rate@10": 0.9992241216694616,
      "hit_rate@3": 0.865822080971392,
      "hit_rate@5": 0.9592909513061928,
      "n": 85701,
      "n_groups": 4832,
      "n_positive": 28567,
      "ndcg@1": 0.504849607369268,
      "ndcg@10": 0.609581330343829,
      "ndcg@3": 0.5002883072559461,
      "ndcg@5": 0.4908781196846481,
      "tie_policy": "average"
    },
    "macro_by_user_group_mean": {
      "groups_with_score_ties": 4832,
      "groups_with_score_ties_fraction": 1.0,
      "groups_with_size_lte@1": 0,
      "groups_with_size_lte@10": 85,
      "groups_with_size_lte@3": 28,
      "groups_with_size_lte@5": 28,
      "groups_without_positive": 0,
      "hit_rate@1": 0.5035585251785252,
      "hit_rate@10": 0.9992118568359745,
      "hit_rate@3": 0.8651777757863053,
      "hit_rate@5": 0.9590640222876252,
      "n": 85701,
      "n_groups": 4832,
      "n_positive": 28567,
      "n_users": 1000,
      "ndcg@1": 0.5035585251785252,
      "ndcg@10": 0.6095574770283361,
      "ndcg@3": 0.4992281949651708,
      "ndcg@5": 0.49057552656540043,
      "tie_policy": "average"
    }
  }
}
