{
  "candidate_groups": {
    "requested": {
      "groups": 3624,
      "positives_max": 5,
      "positives_mean": 4.673565121412803,
      "positives_min": 1,
      "rows_max": 20,
      "rows_mean": 18.694260485651213,
      "rows_min": 4,
      "sampled_max": 15,
      "sampled_mean": 14.02069536423841,
      "sampled_min": 3
    },
    "scored": {
      "groups": 3622,
      "positives_max": 5,
      "positives_mean": 4.673384870237438,
      "positives_min": 1,
      "rows_max": 20,
      "rows_mean": 18.693539480949752,
      "rows_min": 4,
      "sampled_max": 15,
      "sampled_mean": 14.020154610712314,
      "sampled_min": 3
    }
  },
  "coverage": {
    "failed_fraction": 0.0005904233335301411,
    "failed_rows": 40,
    "requested_rows": 67748,
    "scored_fraction": 0.9994095766664699,
    "scored_rows": 67708
  },
  "llm_errors": 2,
  "main_metric": "test.macro_by_user_group_mean.ndcg@5",
  "max_candidate_groups": null,
  "max_workers": 32,
  "method": "agent4rec_yes_no_vllm_qwen3_8b_traits_full",
  "protocol": "ranking",
  "ranking_evaluation": {
    "ks": [
      1,
      3,
      5,
      10
    ],
    "tie_policy": "average"
  },
  "requested_rows": 67748,
  "scored_rows": 67708,
  "task": "ml-1m_item_stats_cap20_eval_users1000_cg5_m3_seed1",
  "test": {
    "macro_by_group": {
      "groups_with_score_ties": 3622,
      "groups_with_score_ties_fraction": 1.0,
      "groups_with_size_lte@1": 0,
      "groups_with_size_lte@10": 239,
      "groups_with_size_lte@3": 0,
      "groups_with_size_lte@5": 133,
      "groups_without_positive": 0,
      "hit_rate@1": 0.2923238422132457,
      "hit_rate@10": 0.9881958219301136,
      "hit_rate@3": 0.6539133521221504,
      "hit_rate@5": 0.845313331435988,
      "n": 67708,
      "n_groups": 3622,
      "n_positive": 16927,
      "ndcg@1": 0.2923238422132457,
      "ndcg@10": 0.4441989622884532,
      "ndcg@3": 0.30097293294608435,
      "ndcg@5": 0.30922779883218593,
      "tie_policy": "average"
    },
    "macro_by_user_group_mean": {
      "groups_with_score_ties": 3622,
      "groups_with_score_ties_fraction": 1.0,
      "groups_with_size_lte@1": 0,
      "groups_with_size_lte@10": 239,
      "groups_with_size_lte@3": 0,
      "groups_with_size_lte@5": 133,
      "groups_without_positive": 0,
      "hit_rate@1": 0.28413525821014207,
      "hit_rate@10": 0.9882347110663675,
      "hit_rate@3": 0.646178101313318,
      "hit_rate@5": 0.8424501976512908,
      "n": 67708,
      "n_groups": 3622,
      "n_positive": 16927,
      "n_users": 1000,
      "ndcg@1": 0.28413525821014207,
      "ndcg@10": 0.44419086611372827,
      "ndcg@3": 0.29754328182715284,
      "ndcg@5": 0.3105699707553159,
      "tie_policy": "average"
    }
  },
  "test_failure_as_zero_group": {
    "macro_by_group": {
      "failed_groups": 2,
      "failed_groups_fraction": 0.0005518763796909492,
      "failure_policy": "failed_group_zero",
      "groups_with_score_ties": 3622,
      "groups_with_score_ties_fraction": 0.9994481236203091,
      "groups_with_size_lte@1": 0,
      "groups_with_size_lte@10": 239,
      "groups_with_size_lte@3": 0,
      "groups_with_size_lte@5": 133,
      "groups_without_positive": 0,
      "hit_rate@1": 0.29216251558950773,
      "hit_rate@10": 0.987650459997481,
      "hit_rate@3": 0.6535524727887497,
      "hit_rate@5": 0.8448468229749305,
      "n": 67748,
      "n_groups": 3624,
      "n_positive": 16937,
      "ndcg@1": 0.29216251558950773,
      "ndcg@10": 0.44395381937328293,
      "ndcg@3": 0.3008068330934651,
      "ndcg@5": 0.30905714331406653,
      "scored_groups": 3622,
      "tie_policy": "average"
    },
    "macro_by_user_group_mean": {
      "failed_groups": 2,
      "failed_groups_fraction": 0.0005518763796909492,
      "failure_policy": "failed_group_zero",
      "groups_with_score_ties": 3622,
      "groups_with_score_ties_fraction": 0.9994481236203091,
      "groups_with_size_lte@1": 0,
      "groups_with_size_lte@10": 239,
      "groups_with_size_lte@3": 0,
      "groups_with_size_lte@5": 133,
      "groups_without_positive": 0,
      "hit_rate@1": 0.2840352582101421,
      "hit_rate@10": 0.9877913287134263,
      "hit_rate@3": 0.6459224194951362,
      "hit_rate@5": 0.8420923155211661,
      "n": 67748,
      "n_groups": 3624,
      "n_positive": 16937,
      "n_users": 1000,
      "ndcg@1": 0.2840352582101421,
      "ndcg@10": 0.44401072985809226,
      "ndcg@3": 0.2974400229471111,
      "ndcg@5": 0.31045577176589156,
      "scored_groups": 3622,
      "tie_policy": "average"
    }
  }
}
