{
  "candidate_groups": {
    "requested": {
      "groups": 2867,
      "positives_max": 10,
      "positives_mean": 8.85699337286362,
      "positives_min": 1,
      "rows_max": 20,
      "rows_mean": 17.71398674572724,
      "rows_min": 2,
      "sampled_max": 10,
      "sampled_mean": 8.85699337286362,
      "sampled_min": 1
    },
    "scored": {
      "groups": 2822,
      "positives_max": 10,
      "positives_mean": 8.840184266477676,
      "positives_min": 1,
      "rows_max": 20,
      "rows_mean": 17.680368532955352,
      "rows_min": 2,
      "sampled_max": 10,
      "sampled_mean": 8.840184266477676,
      "sampled_min": 1
    }
  },
  "coverage": {
    "failed_fraction": 0.017563895561768992,
    "failed_rows": 892,
    "requested_rows": 50786,
    "scored_fraction": 0.982436104438231,
    "scored_rows": 49894
  },
  "llm_errors": 45,
  "main_metric": "test.macro_by_user_group_mean.ndcg@5",
  "max_candidate_groups": null,
  "max_workers": 32,
  "method": "agent4rec_yes_no_litellm_qwen36_27b_traits_taste_gpt4o_mini_candidate_summary_full",
  "protocol": "ranking",
  "ranking_evaluation": {
    "ks": [
      1,
      3,
      5,
      10
    ],
    "tie_policy": "average"
  },
  "requested_rows": 50786,
  "scored_rows": 49894,
  "task": "ml-1m_item_stats_cap20_eval_users1000_cg5_m1_seed0",
  "test": {
    "macro_by_group": {
      "groups_with_score_ties": 2785,
      "groups_with_score_ties_fraction": 0.986888731396173,
      "groups_with_size_lte@1": 0,
      "groups_with_size_lte@10": 362,
      "groups_with_size_lte@3": 70,
      "groups_with_size_lte@5": 125,
      "groups_without_positive": 0,
      "hit_rate@1": 0.6788309320271123,
      "hit_rate@10": 0.9999995861421898,
      "hit_rate@3": 0.9640972731143422,
      "hit_rate@5": 0.9961259038788837,
      "n": 49894,
      "n_groups": 2822,
      "n_positive": 24947,
      "ndcg@1": 0.6788309320271123,
      "ndcg@10": 0.6712535924176254,
      "ndcg@3": 0.6791656216936411,
      "ndcg@5": 0.6764190366650601,
      "tie_policy": "average"
    },
    "macro_by_user_group_mean": {
      "groups_with_score_ties": 2785,
      "groups_with_score_ties_fraction": 0.986888731396173,
      "groups_with_size_lte@1": 0,
      "groups_with_size_lte@10": 362,
      "groups_with_size_lte@3": 70,
      "groups_with_size_lte@5": 125,
      "groups_without_positive": 0,
      "hit_rate@1": 0.6953071672271943,
      "hit_rate@10": 0.9999995624373333,
      "hit_rate@3": 0.9651142392647057,
      "hit_rate@5": 0.9961780483351788,
      "n": 49894,
      "n_groups": 2822,
      "n_positive": 24947,
      "n_users": 1000,
      "ndcg@1": 0.6953071672271942,
      "ndcg@10": 0.6963597797507391,
      "ndcg@3": 0.690568592955169,
      "ndcg@5": 0.6827219986775922,
      "tie_policy": "average"
    }
  },
  "test_failure_as_zero_group": {
    "macro_by_group": {
      "failed_groups": 45,
      "failed_groups_fraction": 0.01569584931984653,
      "failure_policy": "failed_group_zero",
      "groups_with_score_ties": 2785,
      "groups_with_score_ties_fraction": 0.9713986745727241,
      "groups_with_size_lte@1": 0,
      "groups_with_size_lte@10": 362,
      "groups_with_size_lte@3": 70,
      "groups_with_size_lte@5": 125,
      "groups_without_positive": 0,
      "hit_rate@1": 0.6681761040043637,
      "hit_rate@10": 0.984303743318193,
      "hit_rate@3": 0.9489649475858646,
      "hit_rate@5": 0.9804908617880046,
      "n": 50786,
      "n_groups": 2867,
      "n_positive": 25393,
      "ndcg@1": 0.6681761040043637,
      "ndcg@10": 0.6607176971756328,
      "ndcg@3": 0.6685055404323178,
      "ndcg@5": 0.6658020653884896,
      "scored_groups": 2822,
      "tie_policy": "average"
    },
    "macro_by_user_group_mean": {
      "failed_groups": 45,
      "failed_groups_fraction": 0.01569584931984653,
      "failure_policy": "failed_group_zero",
      "groups_with_score_ties": 2785,
      "groups_with_score_ties_fraction": 0.9713986745727241,
      "groups_with_size_lte@1": 0,
      "groups_with_size_lte@10": 362,
      "groups_with_size_lte@3": 70,
      "groups_with_size_lte@5": 125,
      "groups_without_positive": 0,
      "hit_rate@1": 0.687540737855912,
      "hit_rate@10": 0.987866231810272,
      "hit_rate@3": 0.9534237252596619,
      "hit_rate@5": 0.984092314208839,
      "n": 50786,
      "n_groups": 2867,
      "n_positive": 25393,
      "n_users": 1000,
      "ndcg@1": 0.687540737855912,
      "ndcg@10": 0.6882925211822143,
      "ndcg@3": 0.6827399172990505,
      "ndcg@5": 0.6747629984507915,
      "scored_groups": 2822,
      "tie_policy": "average"
    }
  }
}
