{
  "candidate_groups": {
    "test": {
      "groups": 3899,
      "positives_max": 5,
      "positives_mean": 4.894844832008207,
      "positives_min": 1,
      "rows_max": 20,
      "rows_mean": 19.57937932803283,
      "rows_min": 4,
      "sampled_max": 15,
      "sampled_mean": 14.684534496024622,
      "sampled_min": 3
    },
    "val": {
      "groups": 2395,
      "positives_max": 5,
      "positives_mean": 4.9068893528183715,
      "positives_min": 1,
      "rows_max": 20,
      "rows_mean": 19.627557411273486,
      "rows_min": 4,
      "sampled_max": 15,
      "sampled_mean": 14.720668058455114,
      "sampled_min": 3
    }
  },
  "main_metric": "test.macro_by_user_group_mean.ndcg@5",
  "method": "item_knn_cold_start_ranking",
  "protocol": "ranking",
  "ranking_evaluation": {
    "ks": [
      1,
      3,
      5,
      10
    ],
    "tie_policy": "average"
  },
  "stage_times_seconds": {
    "candidate_group_summary": 0.013,
    "compute_ranking_metrics": 0.807,
    "fit": 0.443,
    "prepare_xy": 0.009,
    "score_test": 0.115,
    "score_val": 0.071,
    "write_predictions": 0.044
  },
  "task": "ml-1m_cold_start_k5_cap20_eval_users1000_cg5_m3_seed1",
  "test": {
    "macro_by_group": {
      "groups_with_score_ties": 3899,
      "groups_with_score_ties_fraction": 1.0,
      "groups_with_size_lte@1": 0,
      "groups_with_size_lte@10": 83,
      "groups_with_size_lte@3": 0,
      "groups_with_size_lte@5": 38,
      "groups_without_positive": 0,
      "hit_rate@1": 0.5315465503975378,
      "hit_rate@10": 0.990890871499895,
      "hit_rate@3": 0.766537283309465,
      "hit_rate@5": 0.8885390050769044,
      "n": 76340,
      "n_groups": 3899,
      "n_positive": 19085,
      "ndcg@1": 0.5315465503975378,
      "ndcg@10": 0.5009255069848829,
      "ndcg@3": 0.4305925177532385,
      "ndcg@5": 0.3805892017214938,
      "tie_policy": "average"
    },
    "macro_by_user_group_mean": {
      "groups_with_score_ties": 3899,
      "groups_with_score_ties_fraction": 1.0,
      "groups_with_size_lte@1": 0,
      "groups_with_size_lte@10": 83,
      "groups_with_size_lte@3": 0,
      "groups_with_size_lte@5": 38,
      "groups_without_positive": 0,
      "hit_rate@1": 0.5223258706467662,
      "hit_rate@10": 0.9912843322857434,
      "hit_rate@3": 0.7630880331881903,
      "hit_rate@5": 0.8890324034422064,
      "n": 76340,
      "n_groups": 3899,
      "n_positive": 19085,
      "n_users": 871,
      "ndcg@1": 0.5223258706467662,
      "ndcg@10": 0.5077060749336971,
      "ndcg@3": 0.42980264217706043,
      "ndcg@5": 0.3873642648979815,
      "tie_policy": "average"
    }
  },
  "val": {
    "macro_by_group": {
      "groups_with_score_ties": 2395,
      "groups_with_score_ties_fraction": 1.0,
      "groups_with_size_lte@1": 0,
      "groups_with_size_lte@10": 39,
      "groups_with_size_lte@3": 0,
      "groups_with_size_lte@5": 20,
      "groups_without_positive": 0,
      "hit_rate@1": 0.5364300626304802,
      "hit_rate@10": 0.9910127899595766,
      "hit_rate@3": 0.7699135277302512,
      "hit_rate@5": 0.8900260190288111,
      "n": 47008,
      "n_groups": 2395,
      "n_positive": 11752,
      "ndcg@1": 0.5364300626304802,
      "ndcg@10": 0.5076128318204963,
      "ndcg@3": 0.44098481110378507,
      "ndcg@5": 0.3886884997781134,
      "tie_policy": "average"
    },
    "macro_by_user_group_mean": {
      "groups_with_score_ties": 2395,
      "groups_with_score_ties_fraction": 1.0,
      "groups_with_size_lte@1": 0,
      "groups_with_size_lte@10": 39,
      "groups_with_size_lte@3": 0,
      "groups_with_size_lte@5": 20,
      "groups_without_positive": 0,
      "hit_rate@1": 0.526065340909091,
      "hit_rate@10": 0.9913389964546119,
      "hit_rate@3": 0.7659181124250403,
      "hit_rate@5": 0.8897683029666015,
      "n": 47008,
      "n_groups": 2395,
      "n_positive": 11752,
      "n_users": 528,
      "ndcg@1": 0.526065340909091,
      "ndcg@10": 0.5107261574714888,
      "ndcg@3": 0.43690979291196985,
      "ndcg@5": 0.39106611782010986,
      "tie_policy": "average"
    }
  }
}
