{
  "candidate_groups": {
    "test": {
      "groups": 2146,
      "positives_max": 10,
      "positives_mean": 9.739515377446413,
      "positives_min": 1,
      "rows_max": 20,
      "rows_mean": 19.479030754892825,
      "rows_min": 2,
      "sampled_max": 10,
      "sampled_mean": 9.739515377446413,
      "sampled_min": 1
    },
    "val": {
      "groups": 1240,
      "positives_max": 10,
      "positives_mean": 9.656451612903226,
      "positives_min": 1,
      "rows_max": 20,
      "rows_mean": 19.31290322580645,
      "rows_min": 2,
      "sampled_max": 10,
      "sampled_mean": 9.656451612903226,
      "sampled_min": 1
    }
  },
  "main_metric": "test.macro_by_user_group_mean.ndcg@5",
  "method": "item_knn_cold_start_ranking",
  "protocol": "ranking",
  "ranking_evaluation": {
    "ks": [
      1,
      3,
      5,
      10
    ],
    "tie_policy": "average"
  },
  "stage_times_seconds": {
    "candidate_group_summary": 0.02,
    "compute_ranking_metrics": 0.819,
    "fit": 0.644,
    "prepare_xy": 0.017,
    "score_test": 0.163,
    "score_val": 0.097,
    "write_predictions": 0.049
  },
  "task": "ml-1m_cold_start_k5_cap20_eval_users1000_cg5_m1_seed2",
  "test": {
    "macro_by_group": {
      "groups_with_score_ties": 2146,
      "groups_with_score_ties_fraction": 1.0,
      "groups_with_size_lte@1": 0,
      "groups_with_size_lte@10": 63,
      "groups_with_size_lte@3": 12,
      "groups_with_size_lte@5": 20,
      "groups_without_positive": 0,
      "hit_rate@1": 0.7262348555452004,
      "hit_rate@10": 0.9999974206764,
      "hit_rate@3": 0.9475674027111255,
      "hit_rate@5": 0.9920825294577564,
      "n": 41802,
      "n_groups": 2146,
      "n_positive": 20901,
      "ndcg@1": 0.7262348555452004,
      "ndcg@10": 0.575951745268075,
      "ndcg@3": 0.6597303863228385,
      "ndcg@5": 0.6187812284372247,
      "tie_policy": "average"
    },
    "macro_by_user_group_mean": {
      "groups_with_score_ties": 2146,
      "groups_with_score_ties_fraction": 1.0,
      "groups_with_size_lte@1": 0,
      "groups_with_size_lte@10": 63,
      "groups_with_size_lte@3": 12,
      "groups_with_size_lte@5": 20,
      "groups_without_positive": 0,
      "hit_rate@1": 0.7217182130584192,
      "hit_rate@10": 0.9999975686021056,
      "hit_rate@3": 0.9474234062672191,
      "hit_rate@5": 0.9922844100763335,
      "n": 41802,
      "n_groups": 2146,
      "n_positive": 20901,
      "n_users": 485,
      "ndcg@1": 0.7217182130584192,
      "ndcg@10": 0.5868461475035673,
      "ndcg@3": 0.6584181996447795,
      "ndcg@5": 0.6211594511655222,
      "tie_policy": "average"
    }
  },
  "val": {
    "macro_by_group": {
      "groups_with_score_ties": 1240,
      "groups_with_score_ties_fraction": 1.0,
      "groups_with_size_lte@1": 0,
      "groups_with_size_lte@10": 47,
      "groups_with_size_lte@3": 16,
      "groups_with_size_lte@5": 24,
      "groups_without_positive": 0,
      "hit_rate@1": 0.7201612903225807,
      "hit_rate@10": 0.9999973196751759,
      "hit_rate@3": 0.9454106190978256,
      "hit_rate@5": 0.9917425552534287,
      "n": 23948,
      "n_groups": 1240,
      "n_positive": 11974,
      "ndcg@1": 0.7201612903225807,
      "ndcg@10": 0.5748919418624973,
      "ndcg@3": 0.6537223999577143,
      "ndcg@5": 0.6135272181277035,
      "tie_policy": "average"
    },
    "macro_by_user_group_mean": {
      "groups_with_score_ties": 1240,
      "groups_with_score_ties_fraction": 1.0,
      "groups_with_size_lte@1": 0,
      "groups_with_size_lte@10": 47,
      "groups_with_size_lte@3": 16,
      "groups_with_size_lte@5": 24,
      "groups_without_positive": 0,
      "hit_rate@1": 0.7054778554778555,
      "hit_rate@10": 0.999997407382959,
      "hit_rate@3": 0.9444213289218594,
      "hit_rate@5": 0.991766635096757,
      "n": 23948,
      "n_groups": 1240,
      "n_positive": 11974,
      "n_users": 286,
      "ndcg@1": 0.7054778554778555,
      "ndcg@10": 0.5854092873666076,
      "ndcg@3": 0.6481515157780715,
      "ndcg@5": 0.6125938694484988,
      "tie_policy": "average"
    }
  }
}
