{
  "candidate_groups": {
    "requested": {
      "groups": 6173,
      "positives_max": 6,
      "positives_mean": 5.592094605540256,
      "positives_min": 1,
      "rows_max": 18,
      "rows_mean": 16.77628381662077,
      "rows_min": 3,
      "sampled_max": 12,
      "sampled_mean": 11.184189211080511,
      "sampled_min": 2
    },
    "scored": {
      "groups": 6173,
      "positives_max": 6,
      "positives_mean": 5.592094605540256,
      "positives_min": 1,
      "rows_max": 18,
      "rows_mean": 16.77628381662077,
      "rows_min": 3,
      "sampled_max": 12,
      "sampled_mean": 11.184189211080511,
      "sampled_min": 2
    }
  },
  "llm_errors": 0,
  "main_metric": "test.macro_by_user_group_mean.ndcg@5",
  "max_candidate_groups": null,
  "max_workers": 32,
  "method": "llm_yes_no_vllm_llama33_70b_with_item_stats_full",
  "protocol": "ranking",
  "ranking_evaluation": {
    "ks": [
      1,
      3,
      5,
      10
    ],
    "tie_policy": "average"
  },
  "requested_rows": 103560,
  "scored_rows": 103560,
  "task": "ml-1m_interaction_item_stats_cap20_eval_users1000_m2_seed0",
  "test": {
    "macro_by_group": {
      "groups_with_score_ties": 6173,
      "groups_with_score_ties_fraction": 1.0,
      "groups_with_size_lte@1": 0,
      "groups_with_size_lte@10": 488,
      "groups_with_size_lte@3": 185,
      "groups_with_size_lte@5": 185,
      "groups_without_positive": 0,
      "hit_rate@1": 0.529692825383261,
      "hit_rate@10": 0.9998944420845776,
      "hit_rate@3": 0.909095465668683,
      "hit_rate@5": 0.9854290201306621,
      "n": 103560,
      "n_groups": 6173,
      "n_positive": 34520,
      "ndcg@1": 0.529692825383261,
      "ndcg@10": 0.6828304973040703,
      "ndcg@3": 0.5394895492894551,
      "ndcg@5": 0.5453481257970789,
      "tie_policy": "average"
    },
    "macro_by_user_group_mean": {
      "groups_with_score_ties": 6173,
      "groups_with_score_ties_fraction": 1.0,
      "groups_with_size_lte@1": 0,
      "groups_with_size_lte@10": 488,
      "groups_with_size_lte@3": 185,
      "groups_with_size_lte@5": 185,
      "groups_without_positive": 0,
      "hit_rate@1": 0.5635595652121076,
      "hit_rate@10": 0.9999573921806486,
      "hit_rate@3": 0.9268967801148392,
      "hit_rate@5": 0.989957095216841,
      "n": 103560,
      "n_groups": 6173,
      "n_positive": 34520,
      "n_users": 1000,
      "ndcg@1": 0.5635595652121076,
      "ndcg@10": 0.7206843739359455,
      "ndcg@3": 0.5783942067478088,
      "ndcg@5": 0.5889572302126774,
      "tie_policy": "average"
    }
  }
}
