{
  "candidate_groups": {
    "requested": {
      "groups": 6173,
      "positives_max": 6,
      "positives_mean": 5.592094605540256,
      "positives_min": 1,
      "rows_max": 18,
      "rows_mean": 16.77628381662077,
      "rows_min": 3,
      "sampled_max": 12,
      "sampled_mean": 11.184189211080511,
      "sampled_min": 2
    },
    "scored": {
      "groups": 6173,
      "positives_max": 6,
      "positives_mean": 5.592094605540256,
      "positives_min": 1,
      "rows_max": 18,
      "rows_mean": 16.77628381662077,
      "rows_min": 3,
      "sampled_max": 12,
      "sampled_mean": 11.184189211080511,
      "sampled_min": 2
    }
  },
  "llm_errors": 0,
  "main_metric": "test.macro_by_user_group_mean.f1",
  "max_candidate_groups": null,
  "max_workers": 32,
  "method": "llm_yes_no_vllm_llama33_70b_with_item_stats_full",
  "requested_rows": 103560,
  "scored_rows": 103560,
  "task": "ml-1m_interaction_item_stats_cap20_eval_users1000_m2_seed0",
  "test": {
    "macro_by_group": {
      "accuracy": 0.6747997552063646,
      "f1": 0.623247245604587,
      "n": 103560,
      "n_groups": 6173,
      "n_positive": 34520,
      "n_predicted_positive": 54103,
      "precision": 0.5289368450387498,
      "recall": 0.7946352394837735
    },
    "macro_by_user_group_mean": {
      "accuracy": 0.702487598496279,
      "f1": 0.6534504046239339,
      "n": 103560,
      "n_groups": 6173,
      "n_positive": 34520,
      "n_predicted_positive": 54103,
      "n_users": 1000,
      "precision": 0.562195279497822,
      "recall": 0.8202715030781189
    },
    "micro": {
      "accuracy": 0.6721803785245268,
      "f1": 0.6169278855376144,
      "n": 103560,
      "n_positive": 34520,
      "n_predicted_positive": 54103,
      "precision": 0.5052769717021237,
      "recall": 0.791917728852839
    }
  }
}
