{
  "candidate_groups": {
    "requested": {
      "groups": 4979,
      "positives_max": 1,
      "positives_mean": 1.0,
      "positives_min": 1,
      "rows_max": 20,
      "rows_mean": 20.0,
      "rows_min": 20,
      "sampled_max": 19,
      "sampled_mean": 19.0,
      "sampled_min": 19
    },
    "scored": {
      "groups": 4973,
      "positives_max": 1,
      "positives_mean": 1.0,
      "positives_min": 1,
      "rows_max": 20,
      "rows_mean": 20.0,
      "rows_min": 20,
      "sampled_max": 19,
      "sampled_mean": 19.0,
      "sampled_min": 19
    }
  },
  "coverage": {
    "failed_fraction": 0.0012050612572805785,
    "failed_rows": 120,
    "requested_rows": 99580,
    "scored_fraction": 0.9987949387427194,
    "scored_rows": 99460
  },
  "llm_errors": 6,
  "main_metric": "test.macro_by_user_group_mean.f1",
  "max_candidate_groups": null,
  "max_workers": 8,
  "method": "agent4rec_yes_no_vllm_qwen36_27b_traits_full",
  "requested_rows": 99580,
  "scored_rows": 99460,
  "task": "ml-1m_item_stats_cap20_eval_users1000_cg5_m19_seed0",
  "test": {
    "macro_by_group": {
      "accuracy": 0.796601648904082,
      "f1": 0.04925194493963369,
      "n": 99460,
      "n_groups": 4973,
      "n_positive": 4973,
      "n_predicted_positive": 17169,
      "precision": 0.032022347572666046,
      "recall": 0.1922380856625779
    },
    "macro_by_user_group_mean": {
      "accuracy": 0.7964799999999999,
      "f1": 0.04911794182597588,
      "n": 99460,
      "n_groups": 4973,
      "n_positive": 4973,
      "n_predicted_positive": 17169,
      "n_users": 1000,
      "precision": 0.03192027662202778,
      "recall": 0.1923
    },
    "micro": {
      "accuracy": 0.796601648904082,
      "f1": 0.0863517297443772,
      "n": 99460,
      "n_positive": 4973,
      "n_predicted_positive": 17169,
      "precision": 0.05568175199487448,
      "recall": 0.1922380856625779
    }
  },
  "test_failure_as_negative": {
    "macro_by_group": {
      "accuracy": 0.7967865033139184,
      "f1": 0.04919259332894122,
      "n": 99580,
      "n_groups": 4979,
      "n_positive": 4979,
      "n_predicted_positive": 17169,
      "precision": 0.03198375868223905,
      "recall": 0.19200642699337217
    },
    "macro_by_user_group_mean": {
      "accuracy": 0.7973925,
      "f1": 0.04900027015124538,
      "n": 99580,
      "n_groups": 4979,
      "n_positive": 4979,
      "n_predicted_positive": 17169,
      "n_users": 1000,
      "precision": 0.03185776022910698,
      "recall": 0.19125
    },
    "micro": {
      "accuracy": 0.7967865033139184,
      "f1": 0.08632833664439227,
      "n": 99580,
      "n_positive": 4979,
      "n_predicted_positive": 17169,
      "precision": 0.05568175199487448,
      "recall": 0.19200642699337217
    }
  }
}
