{
  "candidate_groups": {
    "test": {
      "groups": 2187,
      "positives_max": 10,
      "positives_mean": 7.867398262459991,
      "positives_min": 1,
      "rows_max": 20,
      "rows_mean": 15.734796524919982,
      "rows_min": 2,
      "sampled_max": 10,
      "sampled_mean": 7.867398262459991,
      "sampled_min": 1
    },
    "val": {
      "groups": 1422,
      "positives_max": 10,
      "positives_mean": 6.30309423347398,
      "positives_min": 1,
      "rows_max": 20,
      "rows_mean": 12.60618846694796,
      "rows_min": 2,
      "sampled_max": 10,
      "sampled_mean": 6.30309423347398,
      "sampled_min": 1
    }
  },
  "main_metric": "test.macro_by_user_group_mean.f1",
  "method": "popularity_f1_threshold",
  "stage_times_seconds": {
    "apply_threshold": 0.0,
    "candidate_group_summary": 0.031,
    "compute_metrics": 0.105,
    "fit": 0.798,
    "prepare_xy": 0.336,
    "score_test": 0.008,
    "score_val": 0.006,
    "select_threshold": 0.112,
    "write_predictions": 0.133
  },
  "task": "steam_interaction_cap20_eval_users1000_m1_seed1",
  "test": {
    "macro_by_group": {
      "accuracy": 0.8751770926325111,
      "f1": 0.8738806229487283,
      "n": 34412,
      "n_groups": 2187,
      "n_positive": 17206,
      "n_predicted_positive": 18065,
      "precision": 0.8605444141795308,
      "recall": 0.9058244605569709
    },
    "macro_by_user_group_mean": {
      "accuracy": 0.8893984615946223,
      "f1": 0.8954910046719751,
      "n": 34412,
      "n_groups": 2187,
      "n_positive": 17206,
      "n_predicted_positive": 18065,
      "n_users": 1000,
      "precision": 0.8656087692925839,
      "recall": 0.9416502397932754
    },
    "micro": {
      "accuracy": 0.8700162733930025,
      "f1": 0.8731819341668793,
      "n": 34412,
      "n_positive": 17206,
      "n_predicted_positive": 18065,
      "precision": 0.8524218101300858,
      "recall": 0.8949784958735325
    }
  },
  "threshold": 289.0,
  "threshold_metric": "macro_by_user_group_mean_f1",
  "val": {
    "macro_by_group": {
      "accuracy": 0.8804341638202396,
      "f1": 0.8809947521904613,
      "n": 17926,
      "n_groups": 1422,
      "n_positive": 8963,
      "n_predicted_positive": 9364,
      "precision": 0.8703310051411316,
      "recall": 0.9123138660058492
    },
    "macro_by_user_group_mean": {
      "accuracy": 0.8936017625661377,
      "f1": 0.8996774096044292,
      "n": 17926,
      "n_groups": 1422,
      "n_positive": 8963,
      "n_predicted_positive": 9364,
      "n_users": 1000,
      "precision": 0.8781783110562277,
      "recall": 0.9396206481481482
    },
    "micro": {
      "accuracy": 0.872085239317193,
      "f1": 0.8748840508539314,
      "n": 17926,
      "n_positive": 8963,
      "n_predicted_positive": 9364,
      "precision": 0.8561512174284494,
      "recall": 0.8944549815909851
    }
  }
}
