{
  "candidate_groups": {
    "requested": {
      "groups": 3786,
      "positives_max": 6,
      "positives_mean": 5.838351822503962,
      "positives_min": 1,
      "rows_max": 18,
      "rows_mean": 17.515055467511885,
      "rows_min": 3,
      "sampled_max": 12,
      "sampled_mean": 11.676703645007924,
      "sampled_min": 2
    },
    "scored": {
      "groups": 3786,
      "positives_max": 6,
      "positives_mean": 5.838351822503962,
      "positives_min": 1,
      "rows_max": 18,
      "rows_mean": 17.515055467511885,
      "rows_min": 3,
      "sampled_max": 12,
      "sampled_mean": 11.676703645007924,
      "sampled_min": 2
    }
  },
  "llm_errors": 0,
  "main_metric": "test.macro_by_user_group_mean.ndcg@5",
  "max_candidate_groups": null,
  "max_workers": 128,
  "method": "llm_yes_no_vllm_qwen36_27b_full",
  "protocol": "ranking",
  "ranking_evaluation": {
    "ks": [
      1,
      3,
      5,
      10
    ],
    "tie_policy": "average"
  },
  "requested_rows": 66312,
  "scored_rows": 66312,
  "task": "ml-1m_cold_start_k1_cap20_eval_users1000_cg5_m2_seed1",
  "test": {
    "macro_by_group": {
      "groups_with_score_ties": 3786,
      "groups_with_score_ties_fraction": 1.0,
      "groups_with_size_lte@1": 0,
      "groups_with_size_lte@10": 126,
      "groups_with_size_lte@3": 40,
      "groups_with_size_lte@5": 40,
      "groups_without_positive": 0,
      "hit_rate@1": 0.4086484793893669,
      "hit_rate@10": 0.997146696892665,
      "hit_rate@3": 0.7592351357663188,
      "hit_rate@5": 0.9016751320937021,
      "n": 66312,
      "n_groups": 3786,
      "n_positive": 22104,
      "ndcg@1": 0.4086484793893669,
      "ndcg@10": 0.5354066992312754,
      "ndcg@3": 0.4150478365243049,
      "ndcg@5": 0.4149834178161115,
      "tie_policy": "average"
    },
    "macro_by_user_group_mean": {
      "groups_with_score_ties": 3786,
      "groups_with_score_ties_fraction": 1.0,
      "groups_with_size_lte@1": 0,
      "groups_with_size_lte@10": 126,
      "groups_with_size_lte@3": 40,
      "groups_with_size_lte@5": 40,
      "groups_without_positive": 0,
      "hit_rate@1": 0.4045325550212442,
      "hit_rate@10": 0.9973314154379052,
      "hit_rate@3": 0.7639684683899575,
      "hit_rate@5": 0.9066173965372137,
      "n": 66312,
      "n_groups": 3786,
      "n_positive": 22104,
      "n_users": 862,
      "ndcg@1": 0.4045325550212441,
      "ndcg@10": 0.5435297697886221,
      "ndcg@3": 0.4191634082096103,
      "ndcg@5": 0.42419143148677346,
      "tie_policy": "average"
    }
  }
}
