{
  "candidate_groups": {
    "test": {
      "groups": 5000,
      "positives_max": 2,
      "positives_mean": 2.0,
      "positives_min": 2,
      "rows_max": 20,
      "rows_mean": 20.0,
      "rows_min": 20,
      "sampled_max": 18,
      "sampled_mean": 18.0,
      "sampled_min": 18
    },
    "val": {
      "groups": 3020,
      "positives_max": 2,
      "positives_mean": 2.0,
      "positives_min": 2,
      "rows_max": 20,
      "rows_mean": 20.0,
      "rows_min": 20,
      "sampled_max": 18,
      "sampled_mean": 18.0,
      "sampled_min": 18
    }
  },
  "main_metric": "test.macro_by_user_group_mean.f1",
  "method": "item_knn_cold_start",
  "stage_times_seconds": {
    "apply_threshold": 0.0,
    "candidate_group_summary": 0.017,
    "compute_metrics": 0.093,
    "fit": 0.478,
    "prepare_xy": 0.013,
    "score_test": 0.148,
    "score_val": 0.087,
    "select_threshold": 0.054,
    "write_predictions": 0.059
  },
  "task": "ml-1m_cold_start_k5_cap20_eval_users1000_cg5_m9_seed0",
  "test": {
    "macro_by_group": {
      "accuracy": 0.9033800000000001,
      "f1": 0.2187638095238095,
      "n": 100000,
      "n_groups": 5000,
      "n_positive": 10000,
      "n_predicted_positive": 3518,
      "precision": 0.2769566666666667,
      "recall": 0.1928
    },
    "macro_by_user_group_mean": {
      "accuracy": 0.9033800000000001,
      "f1": 0.21876380952380953,
      "n": 100000,
      "n_groups": 5000,
      "n_positive": 10000,
      "n_predicted_positive": 3518,
      "n_users": 1000,
      "precision": 0.2769566666666667,
      "recall": 0.1928
    },
    "micro": {
      "accuracy": 0.90338,
      "f1": 0.28524929723331854,
      "n": 100000,
      "n_positive": 10000,
      "n_predicted_positive": 3518,
      "precision": 0.5480386583285958,
      "recall": 0.1928
    }
  },
  "threshold": 0.009600305557250976,
  "threshold_metric": "macro_by_user_group_mean_f1",
  "val": {
    "macro_by_group": {
      "accuracy": 0.9028311258278147,
      "f1": 0.2110186061179439,
      "n": 60400,
      "n_groups": 3020,
      "n_positive": 6040,
      "n_predicted_positive": 2073,
      "precision": 0.2681456953642384,
      "recall": 0.1857615894039735
    },
    "macro_by_user_group_mean": {
      "accuracy": 0.9028311258278144,
      "f1": 0.21101860611794385,
      "n": 60400,
      "n_groups": 3020,
      "n_positive": 6040,
      "n_predicted_positive": 2073,
      "n_users": 604,
      "precision": 0.2681456953642384,
      "recall": 0.18576158940397353
    },
    "micro": {
      "accuracy": 0.9028311258278146,
      "f1": 0.2765931221496364,
      "n": 60400,
      "n_positive": 6040,
      "n_predicted_positive": 2073,
      "precision": 0.5412445730824892,
      "recall": 0.1857615894039735
    }
  }
}
