{
  "candidate_groups": {
    "test": {
      "groups": 4538,
      "positives_max": 2,
      "positives_mean": 1.985235786690172,
      "positives_min": 1,
      "rows_max": 20,
      "rows_mean": 19.85235786690172,
      "rows_min": 10,
      "sampled_max": 18,
      "sampled_mean": 17.867122080211548,
      "sampled_min": 9
    },
    "val": {
      "groups": 2809,
      "positives_max": 2,
      "positives_mean": 1.9896760412958348,
      "positives_min": 1,
      "rows_max": 20,
      "rows_mean": 19.896760412958347,
      "rows_min": 10,
      "sampled_max": 18,
      "sampled_mean": 17.907084371662513,
      "sampled_min": 9
    }
  },
  "main_metric": "test.macro_by_user_group_mean.ndcg@5",
  "method": "popularity_ranking",
  "protocol": "ranking",
  "ranking_evaluation": {
    "ks": [
      1,
      3,
      5,
      10
    ],
    "tie_policy": "average"
  },
  "stage_times_seconds": {
    "candidate_group_summary": 0.03,
    "compute_ranking_metrics": 2.444,
    "fit": 0.088,
    "prepare_xy": 0.017,
    "score_test": 0.015,
    "score_val": 0.01,
    "write_predictions": 0.09
  },
  "task": "ml-1m_cold_start_k1_cap20_eval_users1000_cg5_m9_seed2",
  "test": {
    "macro_by_group": {
      "groups_with_score_ties": 3012,
      "groups_with_score_ties_fraction": 0.6637285147642134,
      "groups_with_size_lte@1": 0,
      "groups_with_size_lte@10": 67,
      "groups_with_size_lte@3": 0,
      "groups_with_size_lte@5": 0,
      "groups_without_positive": 0,
      "hit_rate@1": 0.5814235345967387,
      "hit_rate@10": 0.9944909651828999,
      "hit_rate@3": 0.8612825033054209,
      "hit_rate@5": 0.9484354341119436,
      "n": 90090,
      "n_groups": 4538,
      "n_positive": 9009,
      "ndcg@1": 0.5814235345967387,
      "ndcg@10": 0.7523604594349155,
      "ndcg@3": 0.6136813043786912,
      "ndcg@5": 0.692048363989773,
      "tie_policy": "average"
    },
    "macro_by_user_group_mean": {
      "groups_with_score_ties": 3012,
      "groups_with_score_ties_fraction": 0.6637285147642134,
      "groups_with_size_lte@1": 0,
      "groups_with_size_lte@10": 67,
      "groups_with_size_lte@3": 0,
      "groups_with_size_lte@5": 0,
      "groups_without_positive": 0,
      "hit_rate@1": 0.579088704088704,
      "hit_rate@10": 0.9940748440748441,
      "hit_rate@3": 0.8584372834372834,
      "hit_rate@5": 0.9470893970893972,
      "n": 90090,
      "n_groups": 4538,
      "n_positive": 9009,
      "n_users": 962,
      "ndcg@1": 0.579088704088704,
      "ndcg@10": 0.7510402217477936,
      "ndcg@3": 0.612890894008102,
      "ndcg@5": 0.6914057236001944,
      "tie_policy": "average"
    }
  },
  "val": {
    "macro_by_group": {
      "groups_with_score_ties": 1870,
      "groups_with_score_ties_fraction": 0.6657173371306515,
      "groups_with_size_lte@1": 0,
      "groups_with_size_lte@10": 29,
      "groups_with_size_lte@3": 0,
      "groups_with_size_lte@5": 0,
      "groups_without_positive": 0,
      "hit_rate@1": 0.569063723745105,
      "hit_rate@10": 0.9911000355998576,
      "hit_rate@3": 0.8487006051975792,
      "hit_rate@5": 0.936810252758989,
      "n": 55890,
      "n_groups": 2809,
      "n_positive": 5589,
      "ndcg@1": 0.569063723745105,
      "ndcg@10": 0.740167686507306,
      "ndcg@3": 0.6009185824193386,
      "ndcg@5": 0.6806770644555377,
      "tie_policy": "average"
    },
    "macro_by_user_group_mean": {
      "groups_with_score_ties": 1870,
      "groups_with_score_ties_fraction": 0.6657173371306515,
      "groups_with_size_lte@1": 0,
      "groups_with_size_lte@10": 29,
      "groups_with_size_lte@3": 0,
      "groups_with_size_lte@5": 0,
      "groups_without_positive": 0,
      "hit_rate@1": 0.56875,
      "hit_rate@10": 0.991385135135135,
      "hit_rate@3": 0.8499718468468469,
      "hit_rate@5": 0.9376970720720721,
      "n": 55890,
      "n_groups": 2809,
      "n_positive": 5589,
      "n_users": 592,
      "ndcg@1": 0.56875,
      "ndcg@10": 0.7404657120214863,
      "ndcg@3": 0.6020860513089833,
      "ndcg@5": 0.6818417985483503,
      "tie_policy": "average"
    }
  }
}
