{
  "candidate_groups": {
    "requested": {
      "groups": 4488,
      "positives_max": 10,
      "positives_mean": 9.699420677361854,
      "positives_min": 1,
      "rows_max": 20,
      "rows_mean": 19.398841354723707,
      "rows_min": 2,
      "sampled_max": 10,
      "sampled_mean": 9.699420677361854,
      "sampled_min": 1
    },
    "scored": {
      "groups": 4488,
      "positives_max": 10,
      "positives_mean": 9.699420677361854,
      "positives_min": 1,
      "rows_max": 20,
      "rows_mean": 19.398841354723707,
      "rows_min": 2,
      "sampled_max": 10,
      "sampled_mean": 9.699420677361854,
      "sampled_min": 1
    }
  },
  "llm_errors": 0,
  "main_metric": "test.macro_by_user_group_mean.f1",
  "max_candidate_groups": null,
  "max_workers": 128,
  "method": "llm_yes_no_vllm_qwen36_27b_itemwise_full",
  "requested_rows": 87062,
  "scored_rows": 87062,
  "scoring": "itemwise",
  "task": "ml-1m_cold_start_k5_cap20_eval_users1000_cg5_m1_seed0",
  "test": {
    "macro_by_group": {
      "accuracy": 0.6342162433155081,
      "f1": 0.5445085806810311,
      "n": 87062,
      "n_groups": 4488,
      "n_positive": 43531,
      "n_predicted_positive": 34308,
      "precision": 0.6350388938035717,
      "recall": 0.5290572921087628
    },
    "macro_by_user_group_mean": {
      "accuracy": 0.6330607142857143,
      "f1": 0.5438325084079593,
      "n": 87062,
      "n_groups": 4488,
      "n_positive": 43531,
      "n_predicted_positive": 34308,
      "n_users": 1000,
      "precision": 0.6334297572917851,
      "recall": 0.529004384920635
    },
    "micro": {
      "accuracy": 0.6342261836392455,
      "f1": 0.5908863166279115,
      "n": 87062,
      "n_positive": 43531,
      "n_predicted_positive": 34308,
      "precision": 0.6703101317476974,
      "recall": 0.5282901840067997
    }
  }
}
