{
  "candidate_groups": {
    "requested": {
      "groups": 4488,
      "positives_max": 10,
      "positives_mean": 9.699420677361854,
      "positives_min": 1,
      "rows_max": 20,
      "rows_mean": 19.398841354723707,
      "rows_min": 2,
      "sampled_max": 10,
      "sampled_mean": 9.699420677361854,
      "sampled_min": 1
    },
    "scored": {
      "groups": 4488,
      "positives_max": 10,
      "positives_mean": 9.699420677361854,
      "positives_min": 1,
      "rows_max": 20,
      "rows_mean": 19.398841354723707,
      "rows_min": 2,
      "sampled_max": 10,
      "sampled_mean": 9.699420677361854,
      "sampled_min": 1
    }
  },
  "llm_errors": 0,
  "main_metric": "test.macro_by_user_group_mean.ndcg@5",
  "max_candidate_groups": null,
  "max_workers": 128,
  "method": "llm_yes_no_vllm_qwen36_27b_itemwise_full",
  "protocol": "ranking",
  "ranking_evaluation": {
    "ks": [
      1,
      3,
      5,
      10
    ],
    "tie_policy": "average"
  },
  "requested_rows": 87062,
  "scored_rows": 87062,
  "scoring": "itemwise",
  "task": "ml-1m_cold_start_k5_cap20_eval_users1000_cg5_m1_seed0",
  "test": {
    "macro_by_group": {
      "groups_with_score_ties": 4475,
      "groups_with_score_ties_fraction": 0.9971033868092691,
      "groups_with_size_lte@1": 0,
      "groups_with_size_lte@10": 149,
      "groups_with_size_lte@3": 22,
      "groups_with_size_lte@5": 46,
      "groups_without_positive": 0,
      "hit_rate@1": 0.6555380025379746,
      "hit_rate@10": 0.9999973600581415,
      "hit_rate@3": 0.9493057926204471,
      "hit_rate@5": 0.9917691602265584,
      "n": 87062,
      "n_groups": 4488,
      "n_positive": 43531,
      "ndcg@1": 0.6555380025379746,
      "ndcg@10": 0.6339960916374939,
      "ndcg@3": 0.6554087291043565,
      "ndcg@5": 0.6521264113024545,
      "tie_policy": "average"
    },
    "macro_by_user_group_mean": {
      "groups_with_score_ties": 4475,
      "groups_with_score_ties_fraction": 0.9971033868092691,
      "groups_with_size_lte@1": 0,
      "groups_with_size_lte@10": 149,
      "groups_with_size_lte@3": 22,
      "groups_with_size_lte@5": 46,
      "groups_without_positive": 0,
      "hit_rate@1": 0.6536297572917852,
      "hit_rate@10": 0.9999975690818182,
      "hit_rate@3": 0.9493234136536266,
      "hit_rate@5": 0.991971673752947,
      "n": 87062,
      "n_groups": 4488,
      "n_positive": 43531,
      "n_users": 1000,
      "ndcg@1": 0.6536297572917852,
      "ndcg@10": 0.6368353681053973,
      "ndcg@3": 0.6537262344959445,
      "ndcg@5": 0.6507786448975252,
      "tie_policy": "average"
    }
  }
}
