{
  "candidate_groups": {
    "test": {
      "groups": 2938,
      "positives_max": 10,
      "positives_mean": 9.643635125936012,
      "positives_min": 1,
      "rows_max": 20,
      "rows_mean": 19.287270251872023,
      "rows_min": 2,
      "sampled_max": 10,
      "sampled_mean": 9.643635125936012,
      "sampled_min": 1
    },
    "val": {
      "groups": 1731,
      "positives_max": 10,
      "positives_mean": 9.60947429231658,
      "positives_min": 1,
      "rows_max": 20,
      "rows_mean": 19.21894858463316,
      "rows_min": 2,
      "sampled_max": 10,
      "sampled_mean": 9.60947429231658,
      "sampled_min": 1
    }
  },
  "main_metric": "test.macro_by_user_group_mean.ndcg@5",
  "method": "popularity_ranking",
  "protocol": "ranking",
  "ranking_evaluation": {
    "ks": [
      1,
      3,
      5,
      10
    ],
    "tie_policy": "average"
  },
  "stage_times_seconds": {
    "candidate_group_summary": 0.024,
    "compute_ranking_metrics": 1.451,
    "fit": 0.087,
    "prepare_xy": 0.013,
    "score_test": 0.009,
    "score_val": 0.007,
    "write_predictions": 0.06
  },
  "task": "ml-1m_cold_start_k3_cap20_eval_users1000_cg5_m1_seed1",
  "test": {
    "macro_by_group": {
      "groups_with_score_ties": 1015,
      "groups_with_score_ties_fraction": 0.3454731109598366,
      "groups_with_size_lte@1": 0,
      "groups_with_size_lte@10": 123,
      "groups_with_size_lte@3": 27,
      "groups_with_size_lte@5": 56,
      "groups_without_positive": 0,
      "hit_rate@1": 0.8968686181075561,
      "hit_rate@10": 1.0,
      "hit_rate@3": 0.9972770592239619,
      "hit_rate@5": 0.9996596324029953,
      "n": 56666,
      "n_groups": 2938,
      "n_positive": 28333,
      "ndcg@1": 0.8968686181075561,
      "ndcg@10": 0.8376455329074814,
      "ndcg@3": 0.8971635888669339,
      "ndcg@5": 0.8855511651877139,
      "tie_policy": "average"
    },
    "macro_by_user_group_mean": {
      "groups_with_score_ties": 1015,
      "groups_with_score_ties_fraction": 0.3454731109598366,
      "groups_with_size_lte@1": 0,
      "groups_with_size_lte@10": 123,
      "groups_with_size_lte@3": 27,
      "groups_with_size_lte@5": 56,
      "groups_without_positive": 0,
      "hit_rate@1": 0.8925735294117648,
      "hit_rate@10": 1.0,
      "hit_rate@3": 0.9975735294117646,
      "hit_rate@5": 0.9997058823529411,
      "n": 56666,
      "n_groups": 2938,
      "n_positive": 28333,
      "n_users": 680,
      "ndcg@1": 0.8925735294117648,
      "ndcg@10": 0.8431508742781709,
      "ndcg@3": 0.8931073705501757,
      "ndcg@5": 0.8838521083116532,
      "tie_policy": "average"
    }
  },
  "val": {
    "macro_by_group": {
      "groups_with_score_ties": 597,
      "groups_with_score_ties_fraction": 0.34488734835355284,
      "groups_with_size_lte@1": 0,
      "groups_with_size_lte@10": 74,
      "groups_with_size_lte@3": 16,
      "groups_with_size_lte@5": 34,
      "groups_without_positive": 0,
      "hit_rate@1": 0.8931253610629694,
      "hit_rate@10": 1.0,
      "hit_rate@3": 0.9942229924898902,
      "hit_rate@5": 0.998844598497978,
      "n": 33268,
      "n_groups": 1731,
      "n_positive": 16634,
      "ndcg@1": 0.8931253610629694,
      "ndcg@10": 0.8350038539821367,
      "ndcg@3": 0.886076233688382,
      "ndcg@5": 0.8780533150659346,
      "tie_policy": "average"
    },
    "macro_by_user_group_mean": {
      "groups_with_score_ties": 597,
      "groups_with_score_ties_fraction": 0.34488734835355284,
      "groups_with_size_lte@1": 0,
      "groups_with_size_lte@10": 74,
      "groups_with_size_lte@3": 16,
      "groups_with_size_lte@5": 34,
      "groups_without_positive": 0,
      "hit_rate@1": 0.8893939393939395,
      "hit_rate@10": 1.0,
      "hit_rate@3": 0.9941786283891547,
      "hit_rate@5": 0.999043062200957,
      "n": 33268,
      "n_groups": 1731,
      "n_positive": 16634,
      "n_users": 418,
      "ndcg@1": 0.8893939393939395,
      "ndcg@10": 0.8398555431505558,
      "ndcg@3": 0.8816547549573311,
      "ndcg@5": 0.8770445763682714,
      "tie_policy": "average"
    }
  }
}
