{
  "candidate_groups": {
    "requested": {
      "groups": 4982,
      "positives_max": 1,
      "positives_mean": 1.0,
      "positives_min": 1,
      "rows_max": 20,
      "rows_mean": 20.0,
      "rows_min": 20,
      "sampled_max": 19,
      "sampled_mean": 19.0,
      "sampled_min": 19
    },
    "scored": {
      "groups": 4969,
      "positives_max": 1,
      "positives_mean": 1.0,
      "positives_min": 1,
      "rows_max": 20,
      "rows_mean": 20.0,
      "rows_min": 20,
      "sampled_max": 19,
      "sampled_mean": 19.0,
      "sampled_min": 19
    }
  },
  "coverage": {
    "failed_fraction": 0.002609393817743878,
    "failed_rows": 260,
    "requested_rows": 99640,
    "scored_fraction": 0.9973906061822562,
    "scored_rows": 99380
  },
  "llm_errors": 13,
  "main_metric": "test.macro_by_user_group_mean.f1",
  "max_candidate_groups": null,
  "max_workers": 64,
  "method": "agent4rec_yes_no_litellm_qwen3_8b_traits_taste_gpt4o_mini_no_summary_control_full",
  "requested_rows": 99640,
  "scored_rows": 99380,
  "task": "ml-1m_item_stats_cap20_eval_users1000_cg5_m19_seed2",
  "test": {
    "macro_by_group": {
      "accuracy": 0.8128999798752264,
      "f1": 0.1639855344875853,
      "n": 99380,
      "n_groups": 4969,
      "n_positive": 4969,
      "n_predicted_positive": 17741,
      "precision": 0.11562525874495377,
      "recall": 0.4141678406117931
    },
    "macro_by_user_group_mean": {
      "accuracy": 0.8130899999999999,
      "f1": 0.16369882417376222,
      "n": 99380,
      "n_groups": 4969,
      "n_positive": 4969,
      "n_predicted_positive": 17741,
      "n_users": 1000,
      "precision": 0.11542790775401068,
      "recall": 0.41335
    },
    "micro": {
      "accuracy": 0.8128999798752264,
      "f1": 0.18124174372523116,
      "n": 99380,
      "n_positive": 4969,
      "n_predicted_positive": 17741,
      "precision": 0.11600248013077054,
      "recall": 0.4141678406117931
    }
  },
  "test_failure_as_negative": {
    "macro_by_group": {
      "accuracy": 0.8132577278201527,
      "f1": 0.16355763164769394,
      "n": 99640,
      "n_groups": 4982,
      "n_positive": 4982,
      "n_predicted_positive": 17741,
      "precision": 0.11532354690960968,
      "recall": 0.41308711360899236
    },
    "macro_by_user_group_mean": {
      "accuracy": 0.813425,
      "f1": 0.16320207814201623,
      "n": 99640,
      "n_groups": 4982,
      "n_positive": 4982,
      "n_predicted_positive": 17741,
      "n_users": 1000,
      "precision": 0.11505419563279858,
      "recall": 0.4123
    },
    "micro": {
      "accuracy": 0.8132577278201526,
      "f1": 0.18113805395414337,
      "n": 99640,
      "n_positive": 4982,
      "n_predicted_positive": 17741,
      "precision": 0.11600248013077054,
      "recall": 0.41308711360899236
    }
  }
}
