{
  "candidate_groups": {
    "requested": {
      "groups": 4988,
      "positives_max": 1,
      "positives_mean": 1.0,
      "positives_min": 1,
      "rows_max": 20,
      "rows_mean": 20.0,
      "rows_min": 20,
      "sampled_max": 19,
      "sampled_mean": 19.0,
      "sampled_min": 19
    },
    "scored": {
      "groups": 4979,
      "positives_max": 1,
      "positives_mean": 1.0,
      "positives_min": 1,
      "rows_max": 20,
      "rows_mean": 20.0,
      "rows_min": 20,
      "sampled_max": 19,
      "sampled_mean": 19.0,
      "sampled_min": 19
    }
  },
  "coverage": {
    "failed_fraction": 0.0018043303929430633,
    "failed_rows": 180,
    "requested_rows": 99760,
    "scored_fraction": 0.998195669607057,
    "scored_rows": 99580
  },
  "llm_errors": 9,
  "main_metric": "test.macro_by_user_group_mean.f1",
  "max_candidate_groups": null,
  "max_workers": 64,
  "method": "agent4rec_yes_no_litellm_qwen3_8b_traits_taste_gpt4o_mini_no_summary_control_full",
  "requested_rows": 99760,
  "scored_rows": 99580,
  "task": "ml-1m_item_stats_cap20_eval_users1000_cg5_m19_seed1",
  "test": {
    "macro_by_group": {
      "accuracy": 0.8098112070696928,
      "f1": 0.16136206898851183,
      "n": 99580,
      "n_groups": 4979,
      "n_positive": 4979,
      "n_predicted_positive": 18010,
      "precision": 0.11440878671833825,
      "recall": 0.4067081743321952
    },
    "macro_by_user_group_mean": {
      "accuracy": 0.8099908333333334,
      "f1": 0.16126621337812513,
      "n": 99580,
      "n_groups": 4979,
      "n_positive": 4979,
      "n_predicted_positive": 18010,
      "n_users": 1000,
      "precision": 0.11434229939565077,
      "recall": 0.40635000000000004
    },
    "micro": {
      "accuracy": 0.8098112070696927,
      "f1": 0.17617121231893515,
      "n": 99580,
      "n_positive": 4979,
      "n_predicted_positive": 18010,
      "precision": 0.1124375347029428,
      "recall": 0.4067081743321952
    }
  },
  "test_failure_as_negative": {
    "macro_by_group": {
      "accuracy": 0.8100641539695268,
      "f1": 0.16107091850316765,
      "n": 99760,
      "n_groups": 4988,
      "n_positive": 4988,
      "n_predicted_positive": 18010,
      "precision": 0.11420235546724261,
      "recall": 0.4059743384121893
    },
    "macro_by_user_group_mean": {
      "accuracy": 0.810205,
      "f1": 0.16093545940987117,
      "n": 99760,
      "n_groups": 4988,
      "n_positive": 4988,
      "n_predicted_positive": 18010,
      "n_users": 1000,
      "precision": 0.11410880552840692,
      "recall": 0.40555
    },
    "micro": {
      "accuracy": 0.8100641539695269,
      "f1": 0.17610226976258805,
      "n": 99760,
      "n_positive": 4988,
      "n_predicted_positive": 18010,
      "precision": 0.1124375347029428,
      "recall": 0.4059743384121893
    }
  }
}
