{
  "candidate_groups": {
    "requested": {
      "groups": 3624,
      "positives_max": 5,
      "positives_mean": 4.673565121412803,
      "positives_min": 1,
      "rows_max": 20,
      "rows_mean": 18.694260485651213,
      "rows_min": 4,
      "sampled_max": 15,
      "sampled_mean": 14.02069536423841,
      "sampled_min": 3
    },
    "scored": {
      "groups": 3622,
      "positives_max": 5,
      "positives_mean": 4.673384870237438,
      "positives_min": 1,
      "rows_max": 20,
      "rows_mean": 18.693539480949752,
      "rows_min": 4,
      "sampled_max": 15,
      "sampled_mean": 14.020154610712314,
      "sampled_min": 3
    }
  },
  "coverage": {
    "failed_fraction": 0.0005904233335301411,
    "failed_rows": 40,
    "requested_rows": 67748,
    "scored_fraction": 0.9994095766664699,
    "scored_rows": 67708
  },
  "llm_errors": 2,
  "main_metric": "test.macro_by_user_group_mean.f1",
  "max_candidate_groups": null,
  "max_workers": 8,
  "method": "agent4rec_yes_no_vllm_qwen36_27b_traits_taste_gpt4o_mini_full",
  "requested_rows": 67748,
  "scored_rows": 67708,
  "task": "ml-1m_item_stats_cap20_eval_users1000_cg5_m3_seed1",
  "test": {
    "macro_by_group": {
      "accuracy": 0.6973736885698508,
      "f1": 0.45858579362670343,
      "n": 67708,
      "n_groups": 3622,
      "n_positive": 16927,
      "n_predicted_positive": 22851,
      "precision": 0.43877076406774307,
      "recall": 0.5519924535247561
    },
    "macro_by_user_group_mean": {
      "accuracy": 0.7133917361111112,
      "f1": 0.45141992220635135,
      "n": 67708,
      "n_groups": 3622,
      "n_positive": 16927,
      "n_predicted_positive": 22851,
      "n_users": 1000,
      "precision": 0.447772473401355,
      "recall": 0.5231302777777778
    },
    "micro": {
      "accuracy": 0.6920895610563006,
      "f1": 0.47589119613856906,
      "n": 67708,
      "n_positive": 16927,
      "n_predicted_positive": 22851,
      "precision": 0.4142050676119207,
      "recall": 0.5591658297394695
    }
  },
  "test_failure_as_negative": {
    "macro_by_group": {
      "accuracy": 0.6974027317880794,
      "f1": 0.458332710959139,
      "n": 67748,
      "n_groups": 3624,
      "n_positive": 16937,
      "n_predicted_positive": 22851,
      "precision": 0.43852861684695515,
      "recall": 0.5516878219278881
    },
    "macro_by_user_group_mean": {
      "accuracy": 0.7133992361111111,
      "f1": 0.45122053948123336,
      "n": 67748,
      "n_groups": 3624,
      "n_positive": 16937,
      "n_predicted_positive": 22851,
      "n_users": 1000,
      "precision": 0.4475775329251645,
      "recall": 0.5229002777777778
    },
    "micro": {
      "accuracy": 0.6921237527307079,
      "f1": 0.47577158942394693,
      "n": 67748,
      "n_positive": 16937,
      "n_predicted_positive": 22851,
      "precision": 0.4142050676119207,
      "recall": 0.5588356851862786
    }
  }
}
