{
  "candidate_groups": {
    "requested": {
      "groups": 3624,
      "positives_max": 5,
      "positives_mean": 4.673565121412803,
      "positives_min": 1,
      "rows_max": 20,
      "rows_mean": 18.694260485651213,
      "rows_min": 4,
      "sampled_max": 15,
      "sampled_mean": 14.02069536423841,
      "sampled_min": 3
    },
    "scored": {
      "groups": 3622,
      "positives_max": 5,
      "positives_mean": 4.673384870237438,
      "positives_min": 1,
      "rows_max": 20,
      "rows_mean": 18.693539480949752,
      "rows_min": 4,
      "sampled_max": 15,
      "sampled_mean": 14.020154610712314,
      "sampled_min": 3
    }
  },
  "coverage": {
    "failed_fraction": 0.0005904233335301411,
    "failed_rows": 40,
    "requested_rows": 67748,
    "scored_fraction": 0.9994095766664699,
    "scored_rows": 67708
  },
  "llm_errors": 2,
  "main_metric": "test.macro_by_user_group_mean.ndcg@5",
  "max_candidate_groups": null,
  "max_workers": 8,
  "method": "agent4rec_yes_no_vllm_qwen36_27b_traits_taste_gpt4o_mini_full",
  "protocol": "ranking",
  "ranking_evaluation": {
    "ks": [
      1,
      3,
      5,
      10
    ],
    "tie_policy": "average"
  },
  "requested_rows": 67748,
  "scored_rows": 67708,
  "task": "ml-1m_item_stats_cap20_eval_users1000_cg5_m3_seed1",
  "test": {
    "macro_by_group": {
      "groups_with_score_ties": 3622,
      "groups_with_score_ties_fraction": 1.0,
      "groups_with_size_lte@1": 0,
      "groups_with_size_lte@10": 239,
      "groups_with_size_lte@3": 0,
      "groups_with_size_lte@5": 133,
      "groups_without_positive": 0,
      "hit_rate@1": 0.45181604291920635,
      "hit_rate@10": 0.9952457469292155,
      "hit_rate@3": 0.8138179194499531,
      "hit_rate@5": 0.9314844706597334,
      "n": 67708,
      "n_groups": 3622,
      "n_positive": 16927,
      "ndcg@1": 0.45181604291920635,
      "ndcg@10": 0.5778864356263657,
      "ndcg@3": 0.4510828609773569,
      "ndcg@5": 0.4460753751105445,
      "tie_policy": "average"
    },
    "macro_by_user_group_mean": {
      "groups_with_score_ties": 3622,
      "groups_with_score_ties_fraction": 1.0,
      "groups_with_size_lte@1": 0,
      "groups_with_size_lte@10": 239,
      "groups_with_size_lte@3": 0,
      "groups_with_size_lte@5": 133,
      "groups_without_positive": 0,
      "hit_rate@1": 0.4657308067346883,
      "hit_rate@10": 0.9954916308622578,
      "hit_rate@3": 0.8203486159549086,
      "hit_rate@5": 0.9336816382433643,
      "n": 67708,
      "n_groups": 3622,
      "n_positive": 16927,
      "n_users": 1000,
      "ndcg@1": 0.4657308067346883,
      "ndcg@10": 0.5870320194934489,
      "ndcg@3": 0.4655985539679799,
      "ndcg@5": 0.4612055961467726,
      "tie_policy": "average"
    }
  },
  "test_failure_as_zero_group": {
    "macro_by_group": {
      "failed_groups": 2,
      "failed_groups_fraction": 0.0005518763796909492,
      "failure_policy": "failed_group_zero",
      "groups_with_score_ties": 3622,
      "groups_with_score_ties_fraction": 0.9994481236203091,
      "groups_with_size_lte@1": 0,
      "groups_with_size_lte@10": 239,
      "groups_with_size_lte@3": 0,
      "groups_with_size_lte@5": 133,
      "groups_without_positive": 0,
      "hit_rate@1": 0.4515666963171538,
      "hit_rate@10": 0.9946964943094975,
      "hit_rate@3": 0.8133687925628394,
      "hit_rate@5": 0.9309704063823275,
      "n": 67748,
      "n_groups": 3624,
      "n_positive": 16937,
      "ndcg@1": 0.4515666963171538,
      "ndcg@10": 0.5775675137523997,
      "ndcg@3": 0.4508339190011001,
      "ndcg@5": 0.44582919664745924,
      "scored_groups": 3622,
      "tie_policy": "average"
    },
    "macro_by_user_group_mean": {
      "failed_groups": 2,
      "failed_groups_fraction": 0.0005518763796909492,
      "failure_policy": "failed_group_zero",
      "groups_with_score_ties": 3622,
      "groups_with_score_ties_fraction": 0.9994481236203091,
      "groups_with_size_lte@1": 0,
      "groups_with_size_lte@10": 239,
      "groups_with_size_lte@3": 0,
      "groups_with_size_lte@5": 133,
      "groups_without_positive": 0,
      "hit_rate@1": 0.46553586625849785,
      "hit_rate@10": 0.9950916308622578,
      "hit_rate@3": 0.8199761646562073,
      "hit_rate@5": 0.9332851735968996,
      "n": 67748,
      "n_groups": 3624,
      "n_positive": 16937,
      "n_users": 1000,
      "ndcg@1": 0.46553586625849785,
      "ndcg@10": 0.5867925499300635,
      "ndcg@3": 0.46540687237183126,
      "ndcg@5": 0.4610223213117495,
      "scored_groups": 3622,
      "tie_policy": "average"
    }
  }
}
