{
  "candidate_groups": {
    "requested": {
      "groups": 3624,
      "positives_max": 5,
      "positives_mean": 4.673565121412803,
      "positives_min": 1,
      "rows_max": 20,
      "rows_mean": 18.694260485651213,
      "rows_min": 4,
      "sampled_max": 15,
      "sampled_mean": 14.02069536423841,
      "sampled_min": 3
    },
    "scored": {
      "groups": 1194,
      "positives_max": 5,
      "positives_mean": 4.6206030150753765,
      "positives_min": 1,
      "rows_max": 20,
      "rows_mean": 18.482412060301506,
      "rows_min": 4,
      "sampled_max": 15,
      "sampled_mean": 13.861809045226131,
      "sampled_min": 3
    }
  },
  "coverage": {
    "failed_fraction": 0.6742634468914211,
    "failed_rows": 45680,
    "requested_rows": 67748,
    "scored_fraction": 0.32573655310857885,
    "scored_rows": 22068
  },
  "llm_errors": 2430,
  "main_metric": "test.macro_by_user_group_mean.ndcg@5",
  "max_candidate_groups": null,
  "max_workers": 8,
  "method": "agent4rec_yes_no_vllm_qwen36_27b_traits_taste_gpt4o_mini_full",
  "protocol": "ranking",
  "ranking_evaluation": {
    "ks": [
      1,
      3,
      5,
      10
    ],
    "tie_policy": "average"
  },
  "requested_rows": 67748,
  "scored_rows": 22068,
  "task": "ml-1m_item_stats_cap20_eval_users1000_cg5_m3_seed1",
  "test": {
    "macro_by_group": {
      "groups_with_score_ties": 1194,
      "groups_with_score_ties_fraction": 1.0,
      "groups_with_size_lte@1": 0,
      "groups_with_size_lte@10": 89,
      "groups_with_size_lte@3": 0,
      "groups_with_size_lte@5": 52,
      "groups_without_positive": 0,
      "hit_rate@1": 0.45364411073101585,
      "hit_rate@10": 0.9957803520946247,
      "hit_rate@3": 0.811296014704699,
      "hit_rate@5": 0.9325167877990039,
      "n": 22068,
      "n_groups": 1194,
      "n_positive": 5517,
      "ndcg@1": 0.45364411073101585,
      "ndcg@10": 0.5806831334890579,
      "ndcg@3": 0.454490155320479,
      "ndcg@5": 0.4516116062446952,
      "tie_policy": "average"
    },
    "macro_by_user_group_mean": {
      "groups_with_score_ties": 1194,
      "groups_with_score_ties_fraction": 1.0,
      "groups_with_size_lte@1": 0,
      "groups_with_size_lte@10": 89,
      "groups_with_size_lte@3": 0,
      "groups_with_size_lte@5": 52,
      "groups_without_positive": 0,
      "hit_rate@1": 0.46242889961321904,
      "hit_rate@10": 0.9955700108073612,
      "hit_rate@3": 0.8130312591280151,
      "hit_rate@5": 0.9322468472727113,
      "n": 22068,
      "n_groups": 1194,
      "n_positive": 5517,
      "n_users": 341,
      "ndcg@1": 0.46242889961321904,
      "ndcg@10": 0.5856138799847976,
      "ndcg@3": 0.4628769614878993,
      "ndcg@5": 0.4614736558288191,
      "tie_policy": "average"
    }
  },
  "test_failure_as_zero_group": {
    "macro_by_group": {
      "failed_groups": 2430,
      "failed_groups_fraction": 0.6705298013245033,
      "failure_policy": "failed_group_zero",
      "groups_with_score_ties": 1194,
      "groups_with_score_ties_fraction": 0.3294701986754967,
      "groups_with_size_lte@1": 0,
      "groups_with_size_lte@10": 239,
      "groups_with_size_lte@3": 0,
      "groups_with_size_lte@5": 133,
      "groups_without_positive": 0,
      "hit_rate@1": 0.14946221529051681,
      "hit_rate@10": 0.328079950441772,
      "hit_rate@3": 0.26729785914939586,
      "hit_rate@5": 0.3072364913443738,
      "n": 67748,
      "n_groups": 3624,
      "n_positive": 16937,
      "ndcg@1": 0.14946221529051681,
      "ndcg@10": 0.19131778735814986,
      "ndcg@3": 0.14974096176949556,
      "ndcg@5": 0.1487925656336,
      "scored_groups": 1194,
      "tie_policy": "average"
    },
    "macro_by_user_group_mean": {
      "failed_groups": 2430,
      "failed_groups_fraction": 0.6705298013245033,
      "failure_policy": "failed_group_zero",
      "groups_with_score_ties": 1194,
      "groups_with_score_ties_fraction": 0.3294701986754967,
      "groups_with_size_lte@1": 0,
      "groups_with_size_lte@10": 239,
      "groups_with_size_lte@3": 0,
      "groups_with_size_lte@5": 133,
      "groups_without_positive": 0,
      "hit_rate@1": 0.1554914185487715,
      "hit_rate@10": 0.3354732815859751,
      "hit_rate@3": 0.2739811062797712,
      "hit_rate@5": 0.3142401333469735,
      "n": 67748,
      "n_groups": 3624,
      "n_positive": 16937,
      "n_users": 1000,
      "ndcg@1": 0.1554914185487715,
      "ndcg@10": 0.1972773144705127,
      "ndcg@3": 0.15581564257536953,
      "ndcg@5": 0.15540638225891876,
      "scored_groups": 1194,
      "tie_policy": "average"
    }
  }
}
