{
  "candidate_groups": {
    "requested": {
      "groups": 3698,
      "positives_max": 6,
      "positives_mean": 5.853704705246079,
      "positives_min": 1,
      "rows_max": 18,
      "rows_mean": 17.56111411573824,
      "rows_min": 3,
      "sampled_max": 12,
      "sampled_mean": 11.707409410492158,
      "sampled_min": 2
    },
    "scored": {
      "groups": 3698,
      "positives_max": 6,
      "positives_mean": 5.853704705246079,
      "positives_min": 1,
      "rows_max": 18,
      "rows_mean": 17.56111411573824,
      "rows_min": 3,
      "sampled_max": 12,
      "sampled_mean": 11.707409410492158,
      "sampled_min": 2
    }
  },
  "llm_errors": 0,
  "main_metric": "test.macro_by_user_group_mean.ndcg@5",
  "max_candidate_groups": null,
  "max_workers": 128,
  "method": "llm_yes_no_vllm_qwen36_27b_full",
  "protocol": "ranking",
  "ranking_evaluation": {
    "ks": [
      1,
      3,
      5,
      10
    ],
    "tie_policy": "average"
  },
  "requested_rows": 64941,
  "scored_rows": 64941,
  "task": "ml-1m_cold_start_k3_cap20_eval_users1000_cg5_m2_seed1",
  "test": {
    "macro_by_group": {
      "groups_with_score_ties": 3698,
      "groups_with_score_ties_fraction": 1.0,
      "groups_with_size_lte@1": 0,
      "groups_with_size_lte@10": 109,
      "groups_with_size_lte@3": 38,
      "groups_with_size_lte@5": 38,
      "groups_without_positive": 0,
      "hit_rate@1": 0.4852605689202578,
      "hit_rate@10": 0.9984235838958582,
      "hit_rate@3": 0.8348622457564493,
      "hit_rate@5": 0.9413556630840219,
      "n": 64941,
      "n_groups": 3698,
      "n_positive": 21647,
      "ndcg@1": 0.4852605689202578,
      "ndcg@10": 0.6091931480015917,
      "ndcg@3": 0.4876098322010025,
      "ndcg@5": 0.4855082722046221,
      "tie_policy": "average"
    },
    "macro_by_user_group_mean": {
      "groups_with_score_ties": 3698,
      "groups_with_score_ties_fraction": 1.0,
      "groups_with_size_lte@1": 0,
      "groups_with_size_lte@10": 109,
      "groups_with_size_lte@3": 38,
      "groups_with_size_lte@5": 38,
      "groups_without_positive": 0,
      "hit_rate@1": 0.4853021117675865,
      "hit_rate@10": 0.9985615051604613,
      "hit_rate@3": 0.837163288360125,
      "hit_rate@5": 0.9428065826282254,
      "n": 64941,
      "n_groups": 3698,
      "n_positive": 21647,
      "n_users": 834,
      "ndcg@1": 0.4853021117675865,
      "ndcg@10": 0.6148804833743475,
      "ndcg@3": 0.4905088044116101,
      "ndcg@5": 0.4920053675419482,
      "tie_policy": "average"
    }
  }
}
