{
  "candidate_groups": {
    "requested": {
      "groups": 2733,
      "positives_max": 10,
      "positives_mean": 8.729967069154775,
      "positives_min": 1,
      "rows_max": 20,
      "rows_mean": 17.45993413830955,
      "rows_min": 2,
      "sampled_max": 10,
      "sampled_mean": 8.729967069154775,
      "sampled_min": 1
    },
    "scored": {
      "groups": 2731,
      "positives_max": 10,
      "positives_mean": 8.732332478945441,
      "positives_min": 1,
      "rows_max": 20,
      "rows_mean": 17.464664957890882,
      "rows_min": 2,
      "sampled_max": 10,
      "sampled_mean": 8.732332478945441,
      "sampled_min": 1
    }
  },
  "coverage": {
    "failed_fraction": 0.0004610419548178884,
    "failed_rows": 22,
    "requested_rows": 47718,
    "scored_fraction": 0.9995389580451821,
    "scored_rows": 47696
  },
  "llm_errors": 2,
  "main_metric": "test.macro_by_user_group_mean.f1",
  "max_candidate_groups": null,
  "max_workers": 8,
  "method": "agent4rec_yes_no_vllm_qwen36_27b_traits_taste_gpt4o_mini_full",
  "requested_rows": 47718,
  "scored_rows": 47696,
  "task": "ml-1m_item_stats_cap20_eval_users1000_cg5_m1_seed1",
  "test": {
    "macro_by_group": {
      "accuracy": 0.6409511168070304,
      "f1": 0.5667367883326021,
      "n": 47696,
      "n_groups": 2731,
      "n_positive": 23848,
      "n_predicted_positive": 19459,
      "precision": 0.6623310604906926,
      "recall": 0.5346582157823462
    },
    "macro_by_user_group_mean": {
      "accuracy": 0.6442201025132275,
      "f1": 0.5387498370507868,
      "n": 47696,
      "n_groups": 2731,
      "n_positive": 23848,
      "n_predicted_positive": 19459,
      "n_users": 1000,
      "precision": 0.6660315298150709,
      "recall": 0.4896508928571428
    },
    "micro": {
      "accuracy": 0.6386070110701108,
      "f1": 0.601981203962408,
      "n": 47696,
      "n_positive": 23848,
      "n_predicted_positive": 19459,
      "precision": 0.6698699830412662,
      "recall": 0.5465867158671587
    }
  },
  "test_failure_as_negative": {
    "macro_by_group": {
      "accuracy": 0.6408479692645445,
      "f1": 0.5663220523001596,
      "n": 47718,
      "n_groups": 2733,
      "n_positive": 23859,
      "n_predicted_positive": 19459,
      "precision": 0.6618463688986759,
      "recall": 0.5342669547389636
    },
    "macro_by_user_group_mean": {
      "accuracy": 0.6441576025132276,
      "f1": 0.5383470592730091,
      "n": 47718,
      "n_groups": 2733,
      "n_positive": 23859,
      "n_predicted_positive": 19459,
      "n_users": 1000,
      "precision": 0.6656065298150708,
      "recall": 0.48926089285714286
    },
    "micro": {
      "accuracy": 0.6385431074227754,
      "f1": 0.6018283392585069,
      "n": 47718,
      "n_positive": 23859,
      "n_predicted_positive": 19459,
      "precision": 0.6698699830412662,
      "recall": 0.5463347164591977
    }
  }
}
