{
  "candidate_groups": {
    "requested": {
      "groups": 2733,
      "positives_max": 10,
      "positives_mean": 8.729967069154775,
      "positives_min": 1,
      "rows_max": 20,
      "rows_mean": 17.45993413830955,
      "rows_min": 2,
      "sampled_max": 10,
      "sampled_mean": 8.729967069154775,
      "sampled_min": 1
    },
    "scored": {
      "groups": 2731,
      "positives_max": 10,
      "positives_mean": 8.732332478945441,
      "positives_min": 1,
      "rows_max": 20,
      "rows_mean": 17.464664957890882,
      "rows_min": 2,
      "sampled_max": 10,
      "sampled_mean": 8.732332478945441,
      "sampled_min": 1
    }
  },
  "coverage": {
    "failed_fraction": 0.0004610419548178884,
    "failed_rows": 22,
    "requested_rows": 47718,
    "scored_fraction": 0.9995389580451821,
    "scored_rows": 47696
  },
  "llm_errors": 2,
  "main_metric": "test.macro_by_user_group_mean.ndcg@5",
  "max_candidate_groups": null,
  "max_workers": 8,
  "method": "agent4rec_yes_no_vllm_qwen36_27b_traits_taste_gpt4o_mini_full",
  "protocol": "ranking",
  "ranking_evaluation": {
    "ks": [
      1,
      3,
      5,
      10
    ],
    "tie_policy": "average"
  },
  "requested_rows": 47718,
  "scored_rows": 47696,
  "task": "ml-1m_item_stats_cap20_eval_users1000_cg5_m1_seed1",
  "test": {
    "macro_by_group": {
      "groups_with_score_ties": 2703,
      "groups_with_score_ties_fraction": 0.9897473452947638,
      "groups_with_size_lte@1": 0,
      "groups_with_size_lte@10": 377,
      "groups_with_size_lte@3": 66,
      "groups_with_size_lte@5": 128,
      "groups_without_positive": 0,
      "hit_rate@1": 0.687962697253783,
      "hit_rate@10": 0.9999997726016103,
      "hit_rate@3": 0.9660003406009162,
      "hit_rate@5": 0.9970150680352633,
      "n": 47696,
      "n_groups": 2731,
      "n_positive": 23848,
      "ndcg@1": 0.687962697253783,
      "ndcg@10": 0.6765206469039451,
      "ndcg@3": 0.6878466680499127,
      "ndcg@5": 0.6849360442368411,
      "tie_policy": "average"
    },
    "macro_by_user_group_mean": {
      "groups_with_score_ties": 2703,
      "groups_with_score_ties_fraction": 0.9897473452947638,
      "groups_with_size_lte@1": 0,
      "groups_with_size_lte@10": 377,
      "groups_with_size_lte@3": 66,
      "groups_with_size_lte@5": 128,
      "groups_without_positive": 0,
      "hit_rate@1": 0.7053731964817376,
      "hit_rate@10": 0.9999997330584792,
      "hit_rate@3": 0.9674218783834845,
      "hit_rate@5": 0.997168201011951,
      "n": 47696,
      "n_groups": 2731,
      "n_positive": 23848,
      "n_users": 1000,
      "ndcg@1": 0.7053731964817376,
      "ndcg@10": 0.7048258338654051,
      "ndcg@3": 0.702296210009298,
      "ndcg@5": 0.6937793449252934,
      "tie_policy": "average"
    }
  },
  "test_failure_as_zero_group": {
    "macro_by_group": {
      "failed_groups": 2,
      "failed_groups_fraction": 0.0007317965605561653,
      "failure_policy": "failed_group_zero",
      "groups_with_score_ties": 2703,
      "groups_with_score_ties_fraction": 0.9890230515916575,
      "groups_with_size_lte@1": 0,
      "groups_with_size_lte@10": 378,
      "groups_with_size_lte@3": 67,
      "groups_with_size_lte@5": 129,
      "groups_without_positive": 0,
      "hit_rate@1": 0.6874592485181417,
      "hit_rate@10": 0.9992679762074635,
      "hit_rate@3": 0.9652934248741684,
      "hit_rate@5": 0.9962854558376525,
      "n": 47718,
      "n_groups": 2733,
      "n_positive": 23859,
      "ndcg@1": 0.6874592485181417,
      "ndcg@10": 0.6760255714213956,
      "ndcg@3": 0.6873433042240437,
      "ndcg@5": 0.6844348103954675,
      "scored_groups": 2731,
      "tie_policy": "average"
    },
    "macro_by_user_group_mean": {
      "failed_groups": 2,
      "failed_groups_fraction": 0.0007317965605561653,
      "failure_policy": "failed_group_zero",
      "groups_with_score_ties": 2703,
      "groups_with_score_ties_fraction": 0.9890230515916575,
      "groups_with_size_lte@1": 0,
      "groups_with_size_lte@10": 378,
      "groups_with_size_lte@3": 67,
      "groups_with_size_lte@5": 129,
      "groups_without_positive": 0,
      "hit_rate@1": 0.7049481964817376,
      "hit_rate@10": 0.9992997330584792,
      "hit_rate@3": 0.9667498545739607,
      "hit_rate@5": 0.9964683994246495,
      "n": 47718,
      "n_groups": 2733,
      "n_positive": 23859,
      "n_users": 1000,
      "ndcg@1": 0.7049481964817376,
      "ndcg@10": 0.7044064248488312,
      "ndcg@3": 0.7018712100092979,
      "ndcg@5": 0.6933635873728718,
      "scored_groups": 2731,
      "tie_policy": "average"
    }
  }
}
