{
  "mean_recall@1": 0.00029623856615784586,
  "mean_ndcg@1": 0.01009933774834437,
  "mean_hit_rate@1": 0.01009933774834437,
  "mean_recall@5": 0.0012294436145412297,
  "mean_ndcg@5": 0.009406217269142585,
  "mean_hit_rate@5": 0.04403973509933775,
  "mean_recall@10": 0.0025161637853013184,
  "mean_ndcg@10": 0.009465809865269225,
  "mean_hit_rate@10": 0.08410596026490066,
  "n_users": 6040,
  "n_users_scored": 6040,
  "n_users_with_recs": 6040
}
