{
  "candidate_groups": {
    "requested": {
      "groups": 4641,
      "positives_max": 2,
      "positives_mean": 1.9691876750700281,
      "positives_min": 1,
      "rows_max": 20,
      "rows_mean": 19.69187675070028,
      "rows_min": 10,
      "sampled_max": 18,
      "sampled_mean": 17.722689075630253,
      "sampled_min": 9
    },
    "scored": {
      "groups": 4549,
      "positives_max": 2,
      "positives_mean": 1.9685645196746537,
      "positives_min": 1,
      "rows_max": 20,
      "rows_mean": 19.68564519674654,
      "rows_min": 10,
      "sampled_max": 18,
      "sampled_mean": 17.717080677071884,
      "sampled_min": 9
    }
  },
  "coverage": {
    "failed_fraction": 0.020133493817704344,
    "failed_rows": 1840,
    "requested_rows": 91390,
    "scored_fraction": 0.9798665061822956,
    "scored_rows": 89550
  },
  "llm_errors": 92,
  "main_metric": "test.macro_by_user_group_mean.ndcg@5",
  "max_candidate_groups": null,
  "max_workers": 32,
  "method": "agent4rec_yes_no_litellm_qwen36_27b_traits_taste_gpt4o_mini_candidate_summary_full",
  "protocol": "ranking",
  "ranking_evaluation": {
    "ks": [
      1,
      3,
      5,
      10
    ],
    "tie_policy": "average"
  },
  "requested_rows": 91390,
  "scored_rows": 89550,
  "task": "ml-1m_item_stats_cap20_eval_users1000_cg5_m9_seed0",
  "test": {
    "macro_by_group": {
      "groups_with_score_ties": 4549,
      "groups_with_score_ties_fraction": 1.0,
      "groups_with_size_lte@1": 0,
      "groups_with_size_lte@10": 143,
      "groups_with_size_lte@3": 0,
      "groups_with_size_lte@5": 0,
      "groups_without_positive": 0,
      "hit_rate@1": 0.23146383248911478,
      "hit_rate@10": 0.9053964230399598,
      "hit_rate@3": 0.531062259163577,
      "hit_rate@5": 0.7051915078162809,
      "n": 89550,
      "n_groups": 4549,
      "n_positive": 8955,
      "ndcg@1": 0.23146383248911478,
      "ndcg@10": 0.4540990928212322,
      "ndcg@3": 0.2855612180763443,
      "ndcg@5": 0.36247632754825154,
      "tie_policy": "average"
    },
    "macro_by_user_group_mean": {
      "groups_with_score_ties": 4549,
      "groups_with_score_ties_fraction": 1.0,
      "groups_with_size_lte@1": 0,
      "groups_with_size_lte@10": 143,
      "groups_with_size_lte@3": 0,
      "groups_with_size_lte@5": 0,
      "groups_without_positive": 0,
      "hit_rate@1": 0.23246422493929073,
      "hit_rate@10": 0.9052457640720993,
      "hit_rate@3": 0.5324982198856927,
      "hit_rate@5": 0.7049205483170654,
      "n": 89550,
      "n_groups": 4549,
      "n_positive": 8955,
      "n_users": 1000,
      "ndcg@1": 0.23246422493929073,
      "ndcg@10": 0.4549206808673479,
      "ndcg@3": 0.2878401212964617,
      "ndcg@5": 0.3640117309778203,
      "tie_policy": "average"
    }
  },
  "test_failure_as_zero_group": {
    "macro_by_group": {
      "failed_groups": 92,
      "failed_groups_fraction": 0.019823313940961,
      "failure_policy": "failed_group_zero",
      "groups_with_score_ties": 4549,
      "groups_with_score_ties_fraction": 0.980176686059039,
      "groups_with_size_lte@1": 0,
      "groups_with_size_lte@10": 143,
      "groups_with_size_lte@3": 0,
      "groups_with_size_lte@5": 0,
      "groups_without_positive": 0,
      "hit_rate@1": 0.2268754522717051,
      "hit_rate@10": 0.8874484655050155,
      "hit_rate@3": 0.5205348452779813,
      "hit_rate@5": 0.6912122751683393,
      "n": 91390,
      "n_groups": 4641,
      "n_positive": 9139,
      "ndcg@1": 0.2268754522717051,
      "ndcg@10": 0.4450973439439313,
      "ndcg@3": 0.2799004484010537,
      "ndcg@5": 0.3552908455110959,
      "scored_groups": 4549,
      "tie_policy": "average"
    },
    "macro_by_user_group_mean": {
      "failed_groups": 92,
      "failed_groups_fraction": 0.019823313940961,
      "failure_policy": "failed_group_zero",
      "groups_with_score_ties": 4549,
      "groups_with_score_ties_fraction": 0.980176686059039,
      "groups_with_size_lte@1": 0,
      "groups_with_size_lte@10": 143,
      "groups_with_size_lte@3": 0,
      "groups_with_size_lte@5": 0,
      "groups_without_positive": 0,
      "hit_rate@1": 0.22844341108753644,
      "hit_rate@10": 0.8881898303601283,
      "hit_rate@3": 0.5229769722072161,
      "hit_rate@5": 0.6919958081392292,
      "n": 91390,
      "n_groups": 4641,
      "n_positive": 9139,
      "n_users": 1000,
      "ndcg@1": 0.22844341108753644,
      "ndcg@10": 0.44655412422084684,
      "ndcg@3": 0.28267176210257555,
      "ndcg@5": 0.3574600293763613,
      "scored_groups": 4549,
      "tie_policy": "average"
    }
  }
}
