{
  "candidate_groups": {
    "test": {
      "groups": 2946,
      "positives_max": 5,
      "positives_mean": 4.453835709436524,
      "positives_min": 1,
      "rows_max": 20,
      "rows_mean": 17.815342837746098,
      "rows_min": 4,
      "sampled_max": 15,
      "sampled_mean": 13.361507128309572,
      "sampled_min": 3
    },
    "val": {
      "groups": 2040,
      "positives_max": 5,
      "positives_mean": 4.020588235294118,
      "positives_min": 1,
      "rows_max": 20,
      "rows_mean": 16.08235294117647,
      "rows_min": 4,
      "sampled_max": 15,
      "sampled_mean": 12.061764705882354,
      "sampled_min": 3
    }
  },
  "main_metric": "test.macro_by_user_group_mean.ndcg@5",
  "method": "popularity_ranking",
  "protocol": "ranking",
  "ranking_evaluation": {
    "ks": [
      1,
      3,
      5,
      10
    ],
    "tie_policy": "average"
  },
  "stage_times_seconds": {
    "candidate_group_summary": 0.016,
    "compute_ranking_metrics": 0.836,
    "fit": 0.319,
    "prepare_xy": 0.167,
    "score_test": 0.005,
    "score_val": 0.005,
    "write_predictions": 0.076
  },
  "task": "steam_cap20_eval_users1000_cg5_m3_seed0",
  "test": {
    "macro_by_group": {
      "groups_with_score_ties": 1918,
      "groups_with_score_ties_fraction": 0.6510522742701969,
      "groups_with_size_lte@1": 0,
      "groups_with_size_lte@10": 302,
      "groups_with_size_lte@3": 0,
      "groups_with_size_lte@5": 155,
      "groups_without_positive": 0,
      "hit_rate@1": 0.9426340801086218,
      "hit_rate@10": 1.0,
      "hit_rate@3": 0.9986422267481331,
      "hit_rate@5": 1.0,
      "n": 52484,
      "n_groups": 2946,
      "n_positive": 13121,
      "ndcg@1": 0.9426340801086218,
      "ndcg@10": 0.9440617218053766,
      "ndcg@3": 0.9058266096561803,
      "ndcg@5": 0.8631392995535724,
      "tie_policy": "average"
    },
    "macro_by_user_group_mean": {
      "groups_with_score_ties": 1918,
      "groups_with_score_ties_fraction": 0.6510522742701969,
      "groups_with_size_lte@1": 0,
      "groups_with_size_lte@10": 302,
      "groups_with_size_lte@3": 0,
      "groups_with_size_lte@5": 155,
      "groups_without_positive": 0,
      "hit_rate@1": 0.9528166666666666,
      "hit_rate@10": 1.0,
      "hit_rate@3": 0.9992000000000001,
      "hit_rate@5": 1.0,
      "n": 52484,
      "n_groups": 2946,
      "n_positive": 13121,
      "n_users": 1000,
      "ndcg@1": 0.9528166666666666,
      "ndcg@10": 0.9522568790732562,
      "ndcg@3": 0.9164956351325773,
      "ndcg@5": 0.8847421498086434,
      "tie_policy": "average"
    }
  },
  "val": {
    "macro_by_group": {
      "groups_with_score_ties": 1143,
      "groups_with_score_ties_fraction": 0.5602941176470588,
      "groups_with_size_lte@1": 0,
      "groups_with_size_lte@10": 403,
      "groups_with_size_lte@3": 0,
      "groups_with_size_lte@5": 147,
      "groups_without_positive": 0,
      "hit_rate@1": 0.9362745098039216,
      "hit_rate@10": 1.0,
      "hit_rate@3": 0.9990196078431373,
      "hit_rate@5": 1.0,
      "n": 32808,
      "n_groups": 2040,
      "n_positive": 8202,
      "ndcg@1": 0.9362745098039216,
      "ndcg@10": 0.9453214211925693,
      "ndcg@3": 0.903722868592952,
      "ndcg@5": 0.8781231660676275,
      "tie_policy": "average"
    },
    "macro_by_user_group_mean": {
      "groups_with_score_ties": 1143,
      "groups_with_score_ties_fraction": 0.5602941176470588,
      "groups_with_size_lte@1": 0,
      "groups_with_size_lte@10": 403,
      "groups_with_size_lte@3": 0,
      "groups_with_size_lte@5": 147,
      "groups_without_positive": 0,
      "hit_rate@1": 0.9486999999999999,
      "hit_rate@10": 1.0,
      "hit_rate@3": 0.9993333333333333,
      "hit_rate@5": 1.0,
      "n": 32808,
      "n_groups": 2040,
      "n_positive": 8202,
      "n_users": 1000,
      "ndcg@1": 0.9486999999999999,
      "ndcg@10": 0.9550181843435195,
      "ndcg@3": 0.915563044927937,
      "ndcg@5": 0.9039765797197559,
      "tie_policy": "average"
    }
  }
}
