{
  "candidate_groups": {
    "requested": {
      "groups": 2690,
      "positives_max": 2,
      "positives_mean": 1.953531598513011,
      "positives_min": 1,
      "rows_max": 8,
      "rows_mean": 7.814126394052044,
      "rows_min": 4,
      "sampled_max": 0,
      "sampled_mean": 0.0,
      "sampled_min": 0
    },
    "scored": {
      "groups": 2540,
      "positives_max": 2,
      "positives_mean": 1.9523622047244094,
      "positives_min": 1,
      "rows_max": 8,
      "rows_mean": 7.809448818897637,
      "rows_min": 4,
      "sampled_max": 0,
      "sampled_mean": 0.0,
      "sampled_min": 0
    }
  },
  "coverage": {
    "failed_fraction": 0.05632730732635585,
    "failed_rows": 1184,
    "requested_rows": 21020,
    "scored_fraction": 0.9436726926736442,
    "scored_rows": 19836
  },
  "llm_errors": 150,
  "main_metric": "test.macro_by_user_group_mean.f1",
  "max_candidate_groups": null,
  "max_workers": 128,
  "method": "agent4rec_preference_yes_no_litellm_qwen3_8b_traits_taste_gpt4o_mini_candidate_summary_full",
  "requested_rows": 21020,
  "scored_rows": 19836,
  "task": "ml-1m_preference_cap10_eval_users1000_cg5_m3_seed0",
  "test": {
    "macro_by_group": {
      "accuracy": 0.5890255905511811,
      "f1": 0.32251343582052244,
      "n": 19836,
      "n_groups": 2540,
      "n_positive": 4959,
      "n_predicted_positive": 7751,
      "precision": 0.27977127859017625,
      "recall": 0.4547244094488189
    },
    "macro_by_user_group_mean": {
      "accuracy": 0.5975953895071542,
      "f1": 0.3179184015948722,
      "n": 19836,
      "n_groups": 2540,
      "n_positive": 4959,
      "n_predicted_positive": 7751,
      "n_users": 629,
      "precision": 0.27660073939485696,
      "recall": 0.44378643349231583
    },
    "micro": {
      "accuracy": 0.5874168179068361,
      "f1": 0.35609756097560974,
      "n": 19836,
      "n_positive": 4959,
      "n_predicted_positive": 7751,
      "precision": 0.29196232744162043,
      "recall": 0.4563420044363783
    }
  },
  "test_failure_as_negative": {
    "macro_by_group": {
      "accuracy": 0.5980018587360595,
      "f1": 0.3045294152357349,
      "n": 21020,
      "n_groups": 2690,
      "n_positive": 5255,
      "n_predicted_positive": 7751,
      "precision": 0.2641706496725084,
      "recall": 0.42936802973977695
    },
    "macro_by_user_group_mean": {
      "accuracy": 0.6055071315372424,
      "f1": 0.3009940130304631,
      "n": 21020,
      "n_groups": 2690,
      "n_positive": 5255,
      "n_predicted_positive": 7751,
      "n_users": 631,
      "precision": 0.2617535154579529,
      "recall": 0.4208399366085578
    },
    "micro": {
      "accuracy": 0.5965746907706946,
      "f1": 0.34799323389204984,
      "n": 21020,
      "n_positive": 5255,
      "n_predicted_positive": 7751,
      "precision": 0.29196232744162043,
      "recall": 0.43063748810656516
    }
  }
}
