{
  "candidate_groups": {
    "requested": {
      "groups": 2363,
      "positives_max": 5,
      "positives_mean": 4.493863732543377,
      "positives_min": 1,
      "rows_max": 10,
      "rows_mean": 8.987727465086754,
      "rows_min": 2,
      "sampled_max": 0,
      "sampled_mean": 0.0,
      "sampled_min": 0
    },
    "scored": {
      "groups": 2363,
      "positives_max": 5,
      "positives_mean": 4.493863732543377,
      "positives_min": 1,
      "rows_max": 10,
      "rows_mean": 8.987727465086754,
      "rows_min": 2,
      "sampled_max": 0,
      "sampled_mean": 0.0,
      "sampled_min": 0
    }
  },
  "coverage": {
    "failed_fraction": 0.0,
    "failed_rows": 0,
    "requested_rows": 21238,
    "scored_fraction": 1.0,
    "scored_rows": 21238
  },
  "llm_errors": 0,
  "main_metric": "test.macro_by_user_group_mean.f1",
  "max_candidate_groups": null,
  "max_workers": 64,
  "method": "agent4rec_preference_yes_no_litellm_qwen36_27b_traits_taste_gpt4o_mini_no_summary_control_full",
  "requested_rows": 21238,
  "scored_rows": 21238,
  "task": "ml-1m_preference_cap10_eval_users1000_cg5_m1_seed2",
  "test": {
    "macro_by_group": {
      "accuracy": 0.5936450839328538,
      "f1": 0.590399901974172,
      "n": 21238,
      "n_groups": 2363,
      "n_positive": 10619,
      "n_predicted_positive": 11641,
      "precision": 0.5861247136744385,
      "recall": 0.6331217379037946
    },
    "macro_by_user_group_mean": {
      "accuracy": 0.5913570524277628,
      "f1": 0.5694141132177325,
      "n": 21238,
      "n_groups": 2363,
      "n_positive": 10619,
      "n_predicted_positive": 11641,
      "n_users": 746,
      "precision": 0.5790643307516632,
      "recall": 0.600801310694072
    },
    "micro": {
      "accuracy": 0.5958188153310104,
      "f1": 0.6143755615453729,
      "n": 21238,
      "n_positive": 10619,
      "n_predicted_positive": 11641,
      "precision": 0.5874065801907052,
      "recall": 0.6439401073547415
    }
  },
  "test_failure_as_negative": {
    "macro_by_group": {
      "accuracy": 0.5936450839328538,
      "f1": 0.590399901974172,
      "n": 21238,
      "n_groups": 2363,
      "n_positive": 10619,
      "n_predicted_positive": 11641,
      "precision": 0.5861247136744385,
      "recall": 0.6331217379037946
    },
    "macro_by_user_group_mean": {
      "accuracy": 0.5913570524277628,
      "f1": 0.5694141132177325,
      "n": 21238,
      "n_groups": 2363,
      "n_positive": 10619,
      "n_predicted_positive": 11641,
      "n_users": 746,
      "precision": 0.5790643307516632,
      "recall": 0.600801310694072
    },
    "micro": {
      "accuracy": 0.5958188153310104,
      "f1": 0.6143755615453729,
      "n": 21238,
      "n_positive": 10619,
      "n_predicted_positive": 11641,
      "precision": 0.5874065801907052,
      "recall": 0.6439401073547415
    }
  }
}
